{
    "version": "2.5.1",
    "description": "The 1Password command-line tool makes your 1Password account accessible entirely from the command line.",
    "homepage": "https://developer.1password.com/docs/cli",
    "license": {
        "identifier": "Shareware",
        "url": "https://1password.com/legal/terms-of-service/"
    },
    "architecture": {
        "64bit": {
            "url": "https://cache.agilebits.com/dist/1P/op2/pkg/v2.5.1/op_windows_amd64_v2.5.1.zip",
            "hash": "a6844402c00c26081857be8391a5ca80c8145ec59ee6e29d48638a7d4f7c6cdb"
        },
        "32bit": {
            "url": "https://cache.agilebits.com/dist/1P/op2/pkg/v2.5.1/op_windows_386_v2.5.1.zip",
            "hash": "6f2f5523049f7624a237f82f6b673798cbdcb6d009cdb8d31572f66adc5b36be"
        }
    },
    "bin": "op.exe",
    "notes": [
        "1Password CLI v2 completely changes the commands schema! Either migrate your setup, following ",
        "instructions on https://developer.1password.com/docs/cli/upgrade/#step-2-update-your-scripts ",
        "or install 1Password CLI v1 from the Versions bucket."
    ],
    "checkver": {
        "url": "https://app-updates.agilebits.com/product_history/CLI2",
        "regex": "/op_windows_amd64_v([\\d.]+)\\.zip"
    },
    "autoupdate": {
        "architecture": {
            "64bit": {
                "url": "https://cache.agilebits.com/dist/1P/op2/pkg/v$version/op_windows_amd64_v$version.zip"
            },
            "32bit": {
                "url": "https://cache.agilebits.com/dist/1P/op2/pkg/v$version/op_windows_386_v$version.zip"
            }
        }
    }
}
