{
    "version": "3.0.123",
    "description": "Manage and use Alibaba Cloud resources.",
    "homepage": "https://github.com/aliyun/aliyun-cli",
    "license": "Apache-2.0",
    "architecture": {
        "64bit": {
            "url": "https://github.com/aliyun/aliyun-cli/releases/download/v3.0.123/aliyun-cli-windows-3.0.123-amd64.zip",
            "hash": "40823a57277ad17a80f8ed33d49d6f7e866f144a7bfc791546dea9f1ab59e415"
        }
    },
    "bin": "aliyun.exe",
    "checkver": "github",
    "autoupdate": {
        "architecture": {
            "64bit": {
                "url": "https://github.com/aliyun/aliyun-cli/releases/download/v$version/aliyun-cli-windows-$version-amd64.zip"
            }
        }
    }
}
