{
    "version": "2.18.1",
    "description": "A flexible lightweight multi-language test report tool",
    "homepage": "https://github.com/allure-framework/allure2",
    "license": "Apache-2.0",
    "url": "https://github.com/allure-framework/allure2/releases/download/2.18.1/allure-2.18.1.zip",
    "hash": "8f643183fed76b1d4e99243b55647d883cc9a3851bfa2410462ff3b334e6f225",
    "extract_dir": "allure-2.18.1",
    "bin": "bin\\allure.bat",
    "env_set": {
        "ALLURE_HOME": "$dir"
    },
    "checkver": "github",
    "autoupdate": {
        "url": "https://github.com/allure-framework/allure2/releases/download/$version/allure-$version.zip",
        "extract_dir": "allure-$version"
    }
}
