{
    "version": "2.5.4",
    "description": "Ammonite lets you use the Scala language for scripting purposes: in the REPL, as scripts, as a library, or as a standalone systems shell.",
    "homepage": "http://ammonite.io",
    "license": "MIT",
    "suggest": {
        "JDK": "java/openjdk"
    },
    "url": "https://github.com/lihaoyi/Ammonite/releases/download/2.5.4/2.12-2.5.4#/amm.bat",
    "hash": "6cecd66cc8569605a75735a350e90ac0ed8643bdaac130a34d67ef98020514d1",
    "bin": "amm.bat",
    "checkver": {
        "github": "https://github.com/lihaoyi/Ammonite"
    },
    "autoupdate": {
        "url": "https://github.com/lihaoyi/Ammonite/releases/download/$version/2.12-$version#/amm.bat"
    }
}
