{
    "version": "2.1.0",
    "description": "A command line tool for downloading Qt binaries, documents and sources.",
    "homepage": "https://github.com/miurahr/aqtinstall",
    "license": "MIT",
    "architecture": {
        "64bit": {
            "url": "https://github.com/miurahr/aqtinstall/releases/download/v2.1.0/aqt_x64.exe#/aqt.exe",
            "hash": "e73f28ff0e6afc9c935bb24cde7e4d110adc4aa3ef454f619b29ff73ef9f6153"
        },
        "32bit": {
            "url": "https://github.com/miurahr/aqtinstall/releases/download/v2.1.0/aqt_x86.exe#/aqt.exe",
            "hash": "d0a4418d5b598ce159e61def143c5410a330ce567b54b37dfc6d7fff7f43fb55"
        }
    },
    "bin": "aqt.exe",
    "checkver": "github",
    "autoupdate": {
        "architecture": {
            "64bit": {
                "url": "https://github.com/miurahr/aqtinstall/releases/download/v$version/aqt_x64.exe#/aqt.exe"
            },
            "32bit": {
                "url": "https://github.com/miurahr/aqtinstall/releases/download/v$version/aqt_x86.exe#/aqt.exe"
            }
        }
    }
}
