{
    "version": "0.25.0",
    "description": "Arduino command line interface",
    "homepage": "https://github.com/arduino/arduino-cli",
    "license": "GPL-3.0-or-later",
    "architecture": {
        "64bit": {
            "url": "https://github.com/arduino/arduino-cli/releases/download/0.25.0/arduino-cli_0.25.0_Windows_64bit.zip",
            "hash": "d4db5d61f7182a0dbee4e5ad215ce6f7d338f6d0100abdfeac8db446152f8edf"
        },
        "32bit": {
            "url": "https://github.com/arduino/arduino-cli/releases/download/0.25.0/arduino-cli_0.25.0_Windows_32bit.zip",
            "hash": "42cbb95e5d331cf02841c262209a2fecb9efd0336a0e018fd716663f13a7830e"
        }
    },
    "bin": "arduino-cli.exe",
    "checkver": "github",
    "autoupdate": {
        "architecture": {
            "64bit": {
                "url": "https://github.com/arduino/arduino-cli/releases/download/$version/arduino-cli_$version_Windows_64bit.zip"
            },
            "32bit": {
                "url": "https://github.com/arduino/arduino-cli/releases/download/$version/arduino-cli_$version_Windows_32bit.zip"
            }
        }
    }
}
