{
    "version": "2.4.7",
    "description": "CLI for ArgoCD - declarative, GitOps continuous delivery tool for Kubernetes",
    "homepage": "https://github.com/argoproj/argo-cd",
    "license": "Apache-2.0",
    "architecture": {
        "64bit": {
            "url": "https://github.com/argoproj/argo-cd/releases/download/v2.4.7/argocd-windows-amd64.exe#/argocd.exe",
            "hash": "96756d0af47572d2ddca618754b854f30eeb64b9eed45b9fc73fa099b4397b6e"
        }
    },
    "bin": "argocd.exe",
    "checkver": "github",
    "autoupdate": {
        "architecture": {
            "64bit": {
                "url": "https://github.com/argoproj/argo-cd/releases/download/v$version/argocd-windows-amd64.exe#/argocd.exe"
            }
        }
    }
}
