{
    "version": "0.4.2",
    "description": "A tool which offers an opinionated way of installing Argo-CD and managing GitOps repositories.",
    "homepage": "https://github.com/argoproj-labs/argocd-autopilot",
    "license": "Apache-2.0",
    "architecture": {
        "64bit": {
            "url": "https://github.com/argoproj-labs/argocd-autopilot/releases/download/v0.4.2/argocd-autopilot-windows-amd64.tar.gz",
            "hash": "b771c643b9de5f6f127757dd0dee2562bb51e743c885d3dc02d30221bb1beff8"
        }
    },
    "pre_install": "Rename-Item \"$dir\\argocd-autopilot-windows-amd64\" 'argocd-autopilot.exe' -ErrorAction SilentlyContinue",
    "bin": "argocd-autopilot.exe",
    "checkver": "github",
    "autoupdate": {
        "architecture": {
            "64bit": {
                "url": "https://github.com/argoproj-labs/argocd-autopilot/releases/download/v$version/argocd-autopilot-windows-amd64.tar.gz",
                "hash": {
                    "url": "https://github.com/argoproj-labs/argocd-autopilot/releases/download/v$version/argocd-autopilot-windows-amd64.sha256"
                }
            }
        }
    }
}
