{
    "version": "3.3.8",
    "description": "Workflow engine for orchestrating parallel jobs on Kubernetes",
    "homepage": "https://github.com/argoproj/argo-workflows",
    "license": "Apache-2.0",
    "architecture": {
        "64bit": {
            "url": "https://github.com/argoproj/argo-workflows/releases/download/v3.3.8/argo-windows-amd64.exe.gz",
            "hash": "2273ac827f237fb831a19a1649d7b0160b52dc45d9a80600c4ebefa3acf93ab9"
        }
    },
    "pre_install": "Rename-Item $dir\\argo-windows-amd64.exe $dir\\argo.exe",
    "bin": "argo.exe",
    "checkver": "github",
    "autoupdate": {
        "architecture": {
            "64bit": {
                "url": "https://github.com/argoproj/argo-workflows/releases/download/v$version/argo-windows-amd64.exe.gz"
            }
        },
        "hash": {
            "url": "$url.sha256"
        }
    }
}
