{
    "version": "1.36.0-1",
    "description": "Lightweight multi-protocol & multi-source command-line download utility",
    "homepage": "https://aria2.github.io/",
    "license": "GPL-2.0-or-later",
    "architecture": {
        "64bit": {
            "url": "https://github.com/aria2/aria2/releases/download/release-1.36.0/aria2-1.36.0-win-64bit-build1.zip",
            "hash": "c82df5415125b438d72443923fea7f5f9fda1f326d0dbfac6aab16d58dbb7bf0",
            "extract_dir": "aria2-1.36.0-win-64bit-build1"
        },
        "32bit": {
            "url": "https://github.com/aria2/aria2/releases/download/release-1.36.0/aria2-1.36.0-win-32bit-build1.zip",
            "hash": "c35a1bfa06726914006888929c6ce147e50b1d9fca8d1dc89bcd2c926f8c16de",
            "extract_dir": "aria2-1.36.0-win-32bit-build1"
        }
    },
    "bin": "aria2c.exe",
    "checkver": {
        "github": "https://github.com/aria2/aria2",
        "regex": "/release-(?:[\\d.]+)/aria2-(?<version>[\\d.]+)-win-64bit-build(?<build>[\\d]+)\\.zip",
        "replace": "${version}-${build}"
    },
    "autoupdate": {
        "architecture": {
            "64bit": {
                "url": "https://github.com/aria2/aria2/releases/download/release-$matchVersion/aria2-$matchVersion-win-64bit-build$matchBuild.zip",
                "extract_dir": "aria2-$matchVersion-win-64bit-build$matchBuild"
            },
            "32bit": {
                "url": "https://github.com/aria2/aria2/releases/download/release-$matchVersion/aria2-$matchVersion-win-32bit-build$matchBuild.zip",
                "extract_dir": "aria2-$matchVersion-win-32bit-build$matchBuild"
            }
        }
    }
}
