{
    "version": "9.1.0",
    "description": "A unified toolchain to create, integrate, and manage the AWS cloud services for your app.",
    "homepage": "https://docs.amplify.aws/cli",
    "license": "Apache-2.0",
    "architecture": {
        "64bit": {
            "url": "https://github.com/aws-amplify/amplify-cli/releases/download/v9.1.0/amplify-pkg-win.exe.tgz",
            "hash": "8ed5eb49fe7f628ae98b64a369a6943fbc4d99a954bf6bdb672467b6f9d3e63d"
        }
    },
    "pre_install": "Rename-Item \"$dir\\amplify-pkg-win.exe\" 'amplify.exe'",
    "bin": "amplify.exe",
    "checkver": {
        "github": "https://github.com/aws-amplify/amplify-cli"
    },
    "autoupdate": {
        "architecture": {
            "64bit": {
                "url": "https://github.com/aws-amplify/amplify-cli/releases/download/v$version/amplify-pkg-win.exe.tgz"
            }
        }
    }
}
