{
    "version": "2.19.0",
    "description": "Allows deleting all resources of an AWS account.",
    "homepage": "https://github.com/rebuy-de/aws-nuke",
    "license": "MIT",
    "architecture": {
        "64bit": {
            "url": "https://github.com/rebuy-de/aws-nuke/releases/download/v2.19.0/aws-nuke-v2.19.0-windows-amd64.zip",
            "hash": "6978fc6701f518bddab4ae297c30fd3a432abf30f450be20913de168a7b0a0aa"
        }
    },
    "pre_install": "Rename-Item \"$dir\\aws-nuke-v$version-windows-amd64.exe\" \"$dir\\aws-nuke.exe\"",
    "bin": "aws-nuke.exe",
    "checkver": "github",
    "autoupdate": {
        "architecture": {
            "64bit": {
                "url": "https://github.com/rebuy-de/aws-nuke/releases/download/v$version/aws-nuke-v$version-windows-amd64.zip"
            }
        }
    }
}
