{
    "version": "1.53.0",
    "description": "Build, test, debug, and deploy Serverless applications from CLI",
    "homepage": "https://aws.amazon.com/serverless/sam/",
    "license": "Apache-2.0",
    "suggest": {
        "AWS CLI": "aws"
    },
    "architecture": {
        "64bit": {
            "url": "https://github.com/aws/aws-sam-cli/releases/download/v1.53.0/AWS_SAM_CLI_64_PY3.msi",
            "hash": "9c93baa0cb828c667d61e73c2de5fa515df72ab8fbec0120a1e2d45427f21a3b"
        }
    },
    "extract_dir": "Amazon\\AWSSAMCLI",
    "bin": [
        "bin\\sam.cmd",
        [
            "bin\\sam.cmd",
            "aws-sam-cli"
        ]
    ],
    "checkver": {
        "github": "https://github.com/aws/aws-sam-cli"
    },
    "autoupdate": {
        "architecture": {
            "64bit": {
                "url": "https://github.com/aws/aws-sam-cli/releases/download/v$version/AWS_SAM_CLI_64_PY3.msi"
            }
        },
        "hash": {
            "url": "https://github.com/aws/aws-sam-cli/releases/tag/v$version",
            "regex": "(?sm)>$basename</.*?>\\s*$sha256</"
        }
    }
}
