{
    "version": "2.7.17",
    "description": "Unified tool to manage AWS services",
    "homepage": "https://aws.amazon.com/cli/",
    "license": "Apache-2.0",
    "architecture": {
        "64bit": {
            "url": "https://awscli.amazonaws.com/AWSCLIV2-2.7.17.msi",
            "hash": "be769a6ac1e89286c6140b4f68b8e1f1f5cd3ff4520a8c7464f55edfea8098ac"
        }
    },
    "extract_dir": "Amazon\\AWSCLIV2",
    "bin": [
        "aws.exe",
        "aws_completer.exe"
    ],
    "checkver": {
        "url": "https://api.github.com/repos/aws/aws-cli/tags",
        "jsonpath": "$[0].name"
    },
    "autoupdate": {
        "architecture": {
            "64bit": {
                "url": "https://awscli.amazonaws.com/AWSCLIV2-$version.msi"
            }
        }
    }
}
