{
    "version": "0.0.16",
    "description": "A client-go credential (exec) plugin implementing Azure authentication.",
    "homepage": "https://github.com/Azure/kubelogin/",
    "license": "MIT",
    "architecture": {
        "64bit": {
            "url": "https://github.com/Azure/kubelogin/releases/download/v0.0.16/kubelogin-win-amd64.zip",
            "hash": "fe248ebbccdd2bdeef8f900fc3e7c51b1ea4e40cf072b5bad5f9ecf3b25d362c"
        }
    },
    "bin": "bin\\windows_amd64\\kubelogin.exe",
    "checkver": "github",
    "autoupdate": {
        "architecture": {
            "64bit": {
                "url": "https://github.com/Azure/kubelogin/releases/download/v$version/kubelogin-win-amd64.zip"
            }
        },
        "hash": {
            "url": "$url.sha256"
        }
    }
}
