{
    "version": "2.38.0",
    "description": "Microsoft Azure CLI 2.0",
    "homepage": "https://aka.ms/cli",
    "license": "MIT",
    "url": "https://azurecliprod.azureedge.net/msi/azure-cli-2.38.0.msi",
    "hash": "f34ec718f429913ac49294f0e026d6a1e61afee0b4aa1ae11f025900648d7671",
    "extract_dir": "Microsoft SDKs\\Azure\\CLI2",
    "bin": "wbin\\az.cmd",
    "checkver": {
        "github": "https://github.com/Azure/azure-cli",
        "regex": "/releases/tag/azure-cli-([\\d.]+)"
    },
    "autoupdate": {
        "url": "https://azurecliprod.azureedge.net/msi/azure-cli-$version.msi"
    },
    "env_set": {
        "AzureCLIPath": "$dir\\wbin",
        "AZURE_CLI_PATH": "$dir\\wbin"
    }
}
