{
    "version": "3.4.0",
    "description": "Command-line tool that gives easy access to all of the capabilities of B2 Cloud Storage",
    "homepage": "https://www.backblaze.com/b2/docs/quick_command_line.html",
    "license": "MIT",
    "architecture": {
        "64bit": {
            "url": "https://github.com/Backblaze/B2_Command_Line_Tool/releases/download/v3.4.0/b2-windows.exe#/b2.exe",
            "hash": "18138817276e308bc9e66d0166433a0704214783e9050b57a78c3406f98b3246"
        }
    },
    "bin": "b2.exe",
    "checkver": {
        "github": "https://github.com/Backblaze/B2_Command_Line_Tool"
    },
    "autoupdate": {
        "architecture": {
            "64bit": {
                "url": "https://github.com/Backblaze/B2_Command_Line_Tool/releases/download/v$version/b2-windows.exe#/b2.exe"
            }
        }
    }
}
