{
    "version": "13.10.0",
    "description": "Official balena CLI for interacting with balenaCloud and balena API.",
    "homepage": "https://github.com/balena-io/balena-cli",
    "license": "Apache-2.0",
    "architecture": {
        "64bit": {
            "url": "https://github.com/balena-io/balena-cli/releases/download/v13.10.0/balena-cli-v13.10.0-windows-x64-standalone.zip",
            "hash": "7e0c959d74c55a6b4b4eb1364e1bc6b3f665433e728def8531ad5612cfb19401"
        }
    },
    "extract_dir": "balena-cli",
    "bin": "balena.exe",
    "checkver": "github",
    "autoupdate": {
        "architecture": {
            "64bit": {
                "url": "https://github.com/balena-io/balena-cli/releases/download/v$version/balena-cli-v$version-windows-x64-standalone.zip"
            }
        }
    }
}
