{
    "version": "0.21.0",
    "description": "A cat(1) clone with syntax highlighting and Git integration",
    "homepage": "https://github.com/sharkdp/bat",
    "license": "Apache-2.0",
    "suggest": {
        "less": "less"
    },
    "architecture": {
        "64bit": {
            "url": "https://github.com/sharkdp/bat/releases/download/v0.21.0/bat-v0.21.0-x86_64-pc-windows-msvc.zip",
            "hash": "56ab9be6d52d66e77a5281b7df9f9e5f6df8aae37f4686402b221764e46cb197",
            "extract_dir": "bat-v0.21.0-x86_64-pc-windows-msvc"
        }
    },
    "bin": "bat.exe",
    "checkver": "github",
    "autoupdate": {
        "architecture": {
            "64bit": {
                "url": "https://github.com/sharkdp/bat/releases/download/v$version/bat-v$version-x86_64-pc-windows-msvc.zip",
                "extract_dir": "bat-v$version-x86_64-pc-windows-msvc"
            }
        }
    }
}
