{
    "version": "5.2.0",
    "description": "A fast, scalable, multi-language and extensible build system",
    "homepage": "https://bazel.build",
    "license": "Apache-2.0",
    "suggest": {
        "MSYS2": "msys2",
        "Python27": "versions/python27",
        "curl": "curl"
    },
    "architecture": {
        "64bit": {
            "url": "https://github.com/bazelbuild/bazel/releases/download/5.2.0/bazel-5.2.0-windows-x86_64.zip",
            "hash": "b5a586574b227b39b0623d99b36be4ff6115c9aa0ac743c887df1cf56e7d485a"
        }
    },
    "bin": "bazel.exe",
    "env_set": {
        "BAZEL_SH": "$(appdir msys2 $global)\\current\\usr\\bin\\bash.exe"
    },
    "checkver": {
        "github": "https://github.com/bazelbuild/bazel"
    },
    "autoupdate": {
        "architecture": {
            "64bit": {
                "url": "https://github.com/bazelbuild/bazel/releases/download/$version/bazel-$version-windows-x86_64.zip"
            }
        },
        "hash": {
            "mode": "extract",
            "url": "$url.sha256"
        }
    }
}
