{
    "version": "0.8.9",
    "description": "A declarative language for describing and deploying Azure resources",
    "homepage": "https://github.com/Azure/bicep",
    "license": "MIT",
    "architecture": {
        "64bit": {
            "url": "https://github.com/Azure/bicep/releases/download/v0.8.9/bicep-win-x64.exe#/bicep.exe",
            "hash": "86e53b7596cb53a43672a24669e1d96d97837ace1d8b47460837ddf8142c77cd"
        }
    },
    "bin": "bicep.exe",
    "checkver": "github",
    "autoupdate": {
        "architecture": {
            "64bit": {
                "url": "https://github.com/Azure/bicep/releases/download/v$version/bicep-win-x64.exe#/bicep.exe"
            }
        }
    }
}
