{
    "version": "109",
    "description": "Compiler infrastructure and toolchain library for WebAssembly",
    "homepage": "https://github.com/WebAssembly/binaryen",
    "license": "Apache-2.0",
    "architecture": {
        "64bit": {
            "url": "https://github.com/WebAssembly/binaryen/releases/download/version_109/binaryen-version_109-x86_64-windows.tar.gz",
            "hash": "89f99e653ef0b81913f46edc46e624511af073fddea8c6e61e6f354df480f6e4"
        }
    },
    "extract_dir": "binaryen-version_109",
    "bin": [
        "bin\\wasm2js.exe",
        "bin\\wasm-as.exe",
        "bin\\wasm-ctor-eval.exe",
        "bin\\wasm-dis.exe",
        "bin\\wasm-emscripten-finalize.exe",
        "bin\\wasm-metadce.exe",
        "bin\\wasm-opt.exe",
        "bin\\wasm-reduce.exe",
        "bin\\wasm-shell.exe",
        "bin\\wasm-split.exe"
    ],
    "checkver": {
        "url": "https://github.com/WebAssembly/binaryen/releases",
        "regex": "binaryen-version_([\\d.]+)-x86_64-windows\\.tar\\.gz"
    },
    "autoupdate": {
        "architecture": {
            "64bit": {
                "url": "https://github.com/WebAssembly/binaryen/releases/download/version_$version/binaryen-version_$version-x86_64-windows.tar.gz"
            }
        },
        "extract_dir": "binaryen-version_$version"
    }
}
