{
    "version": "3.2.22",
    "description": "A Windows command line utility that sends eMail using SMTP or post to usenet using NNTP.",
    "homepage": "https://www.blat.net",
    "license": {
        "identifier": "Public Domain",
        "url": "https://www.blat.net/?docs/license.txt"
    },
    "architecture": {
        "64bit": {
            "url": "https://downloads.sourceforge.net/project/blat/Blat%20Full%20Version/64%20bit%20versions/blat3222_64.full.zip",
            "hash": "sha1:47822b440e668abb8422a3639cb0254c955be7fc"
        },
        "32bit": {
            "url": "https://downloads.sourceforge.net/project/blat/Blat%20Full%20Version/32%20bit%20versions/Win2000%20and%20newer/blat3222_32.full.zip",
            "hash": "sha1:acd3de4c8f7d13456f37b0671d2db6f88cd73fbd"
        }
    },
    "extract_dir": "blat3222",
    "bin": "full\\blat.exe",
    "checkver": {
        "url": "https://sourceforge.net/projects/blat/rss?path=/Blat%20Full%20Version",
        "regex": "blat(\\d)(\\d)(\\d+)_32\\.full\\.zip",
        "replace": "${1}.${2}.${3}"
    },
    "autoupdate": {
        "architecture": {
            "64bit": {
                "url": "https://downloads.sourceforge.net/project/blat/Blat%20Full%20Version/64%20bit%20versions/blat$cleanVersion_64.full.zip"
            },
            "32bit": {
                "url": "https://downloads.sourceforge.net/project/blat/Blat%20Full%20Version/32%20bit%20versions/Win2000%20and%20newer/blat$cleanVersion_32.full.zip"
            }
        },
        "extract_dir": "blat$cleanVersion"
    }
}
