{
    "version": "2.1.1",
    "description": "A command line filter program that draws ASCII art boxes around your input text",
    "homepage": "https://boxes.thomasjensen.com/",
    "license": "GPL-2.0-only",
    "url": "https://github.com/ascii-boxes/boxes/releases/download/v2.1.1/boxes-2.1.1-intel-win32.zip",
    "hash": "d99cd347fd71c0dfa04047b6d1316adda2796bb004cf672c39f1bbf9b9ec476b",
    "extract_dir": "boxes-2.1.1",
    "bin": "boxes.exe",
    "checkver": {
        "github": "https://github.com/ascii-boxes/boxes"
    },
    "autoupdate": {
        "url": "https://github.com/ascii-boxes/boxes/releases/download/v$version/boxes-$version-intel-win32.zip",
        "extract_dir": "boxes-$version"
    }
}
