{
    "version": "1.6.0",
    "description": "A tool for working with Protocol Buffers APIs, offering a range of features not found in the standard protoc compiler.",
    "homepage": "https://buf.build/",
    "license": "Apache-2.0",
    "architecture": {
        "64bit": {
            "url": "https://github.com/bufbuild/buf/releases/download/v1.6.0/buf-Windows-x86_64.exe#/buf.exe",
            "hash": "cce315757da8b06e6ee2ba730b8466ed86dbefc9c423a7773bdc4f498a3ba215"
        }
    },
    "bin": "buf.exe",
    "checkver": {
        "github": "https://github.com/bufbuild/buf"
    },
    "autoupdate": {
        "architecture": {
            "64bit": {
                "url": "https://github.com/bufbuild/buf/releases/download/v$version/buf-Windows-x86_64.exe#/buf.exe"
            }
        },
        "hash": {
            "url": "$baseurl/sha256.txt"
        }
    }
}
