{
    "version": "0.6",
    "description": "Utility for folder removal",
    "homepage": "https://iobureau.com/byenow/",
    "license": "Freeware",
    "url": "https://iobureau.com/byenow/byenow-0.6.zip",
    "hash": "3e615468c985d75e31b5a7faf9ff8d1e5baf76d481e8d4ec449b56f7e5e12800",
    "architecture": {
        "64bit": {
            "extract_dir": "64-bit"
        },
        "32bit": {
            "extract_dir": "32-bit"
        }
    },
    "bin": "byenow.exe",
    "checkver": "byenow-([\\d.]+)\\.zip",
    "autoupdate": {
        "url": "https://iobureau.com/byenow/byenow-$version.zip"
    }
}
