{
    "version": "4.2.5",
    "description": "Create and view interactive cheatsheets on the command-line",
    "homepage": "https://github.com/cheat/cheat",
    "license": "MIT",
    "architecture": {
        "64bit": {
            "url": "https://github.com/cheat/cheat/releases/download/4.2.5/cheat-windows-amd64.exe.zip",
            "hash": "d0723b43516fedadf6148484628bdbda59f64ae24760a5834dd1f51d463329e4"
        }
    },
    "pre_install": [
        "Rename-Item \"$dir\\cheat-windows-amd64.exe\" 'cheat.exe'",
        "$file = 'conf.yml'",
        "if (!(Test-Path \"$persist_dir\\$file\")) {",
        "   Write-Host 'File' $file 'does not exists. Creating.' -f Yellow",
        "   $CONT = $(& \"$dir\\cheat\" --init) -replace 'editor: vim', 'editor: notepad' -replace 'cheatsheets/', \"$persist_dir/cheatsheets/\"",
        "   Set-Content \"$dir\\$file\" ($CONT -replace '\\\\', '/') -Encoding ASCII",
        "}",
        "if (!(Test-Path \"$persist_dir\\cheatsheets\")) {",
        "   Write-Host 'Adding community cheatsheets...' -f Yellow",
        "   New-item -ItemType Directory -Force -Path \"$persist_dir\\cheatsheets\\personal\" | Out-Null",
        "   git clone -q 'https://github.com/cheat/cheatsheets.git' \"$persist_dir\\cheatsheets\\community\"",
        "}"
    ],
    "env_set": {
        "CHEAT_CONFIG_PATH": "$dir\\conf.yml"
    },
    "bin": "cheat.exe",
    "persist": [
        "conf.yml",
        "cheatsheets"
    ],
    "checkver": "github",
    "autoupdate": {
        "architecture": {
            "64bit": {
                "url": "https://github.com/cheat/cheat/releases/download/$version/cheat-windows-amd64.exe.zip"
            }
        }
    }
}
