{
    "version": "2.19.0",
    "description": "Manage your dotfiles across multiple diverse machines, securely.",
    "homepage": "https://chezmoi.io",
    "license": "MIT",
    "architecture": {
        "64bit": {
            "url": "https://github.com/twpayne/chezmoi/releases/download/v2.19.0/chezmoi_2.19.0_windows_amd64.zip",
            "hash": "73737c20c329204da851b49754b3d3dc523481827b36e31391680ff6bb871dd5"
        },
        "32bit": {
            "url": "https://github.com/twpayne/chezmoi/releases/download/v2.19.0/chezmoi_2.19.0_windows_i386.zip",
            "hash": "f6890bfed0b7b479f199336ae8c235bdf56d15c8a1d5b271c2547dfcd577f045"
        }
    },
    "bin": "chezmoi.exe",
    "checkver": {
        "github": "https://github.com/twpayne/chezmoi/"
    },
    "autoupdate": {
        "architecture": {
            "64bit": {
                "url": "https://github.com/twpayne/chezmoi/releases/download/v$version/chezmoi_$version_windows_amd64.zip"
            },
            "32bit": {
                "url": "https://github.com/twpayne/chezmoi/releases/download/v$version/chezmoi_$version_windows_i386.zip"
            }
        },
        "hash": {
            "url": "$baseurl/checksums.txt",
            "regex": "$sha256\\s*$basename"
        }
    }
}
