{
    "version": "1.4.1.0",
    "description": "Strongly-timed, Concurrent, and On-the-fly Music Programming Language.",
    "homepage": "http://chuck.stanford.edu",
    "license": "GPL-2.0-only",
    "url": "http://chuck.stanford.edu/release/files/exe/chuck-1.4.1.0.msi",
    "hash": "96ef44e5fbd9a4914b77c304776b1a2e38abdd1d8d5e275bab18db826822d384",
    "extract_dir": "PFiles\\ChucK",
    "bin": [
        "bin\\chuck.exe",
        "miniAudicle.exe"
    ],
    "checkver": {
        "url": "http://chuck.stanford.edu/release/VERSIONS",
        "regex": "^([\\d.]+)"
    },
    "autoupdate": {
        "url": "http://chuck.stanford.edu/release/files/exe/chuck-$version.msi"
    }
}
