{
    "version": "0.1.20144",
    "description": "Set of CircleCI’s advanced and powerful tools.",
    "homepage": "https://circleci-public.github.io/circleci-cli/",
    "license": "MIT",
    "architecture": {
        "64bit": {
            "url": "https://github.com/CircleCI-Public/circleci-cli/releases/download/v0.1.20144/circleci-cli_0.1.20144_windows_amd64.zip",
            "hash": "560cfd183b5425d4d9230556a98e131ea321572836f25867625d774b8d4670f4",
            "extract_dir": "circleci-cli_0.1.20144_windows_amd64"
        }
    },
    "bin": "circleci.exe",
    "checkver": {
        "github": "https://github.com/CircleCI-Public/circleci-cli"
    },
    "autoupdate": {
        "architecture": {
            "64bit": {
                "url": "https://github.com/CircleCI-Public/circleci-cli/releases/download/v$version/circleci-cli_$version_windows_amd64.zip",
                "extract_dir": "circleci-cli_$version_windows_amd64"
            }
        },
        "hash": {
            "url": "$baseurl/circleci-cli_$version_checksums.txt"
        }
    }
}
