{
    "version": "1.3.36",
    "description": "Powerful Bash-style command line editing for cmd.exe",
    "homepage": "https://chrisant996.github.io/clink/",
    "license": "GPL-3.0-only",
    "notes": [
        "Run 'clink inject' to start clink on the current cmd",
        "Run 'clink autorun install' to auto start clink"
    ],
    "url": "https://github.com/chrisant996/clink/releases/download/v1.3.36/clink.1.3.36.32d0bc.zip",
    "hash": "a010f82b4f9f5aae1ce9e29ec393fd7a39bb936fdee6b9b433c81ed4eb386303",
    "bin": "clink.bat",
    "checkver": {
        "github": "https://github.com/chrisant996/clink",
        "regex": "/v(?<tag>[\\d.]+)/clink\\.([\\d.]+)\\.(?<commit>[\\w.]+)\\.zip"
    },
    "autoupdate": {
        "url": "https://github.com/chrisant996/clink/releases/download/v$matchTag/clink.$version.$matchCommit.zip"
    }
}
