{
    "version": "0.15.0",
    "description": "A tool for cleaning up your cloud accounts by nuking (deleting) all resources within it",
    "homepage": "https://github.com/gruntwork-io/cloud-nuke",
    "license": "MIT",
    "architecture": {
        "64bit": {
            "url": "https://github.com/gruntwork-io/cloud-nuke/releases/download/v0.15.0/cloud-nuke_windows_amd64.exe#/cloud-nuke.exe",
            "hash": "aff9ef95c1e5fc2820db79e96d72f92e1f7c2062d94aa58e54a5475c94f3c9dd"
        },
        "32bit": {
            "url": "https://github.com/gruntwork-io/cloud-nuke/releases/download/v0.15.0/cloud-nuke_windows_386.exe#/cloud-nuke.exe",
            "hash": "8f77b6e8166bac3b0fb3460ba49ed8e2dd879f289b7b958dcfd19a4e4e8f7954"
        }
    },
    "bin": "cloud-nuke.exe",
    "checkver": "github",
    "autoupdate": {
        "architecture": {
            "64bit": {
                "url": "https://github.com/gruntwork-io/cloud-nuke/releases/download/v$version/cloud-nuke_windows_amd64.exe#/cloud-nuke.exe"
            },
            "32bit": {
                "url": "https://github.com/gruntwork-io/cloud-nuke/releases/download/v$version/cloud-nuke_windows_386.exe#/cloud-nuke.exe"
            }
        },
        "hash": {
            "url": "$baseurl/SHA256SUMS"
        }
    }
}
