{
    "version": "3.23.2",
    "description": "Family of tools designed to build, test and package software",
    "homepage": "https://cmake.org",
    "license": "BSD-3-Clause",
    "architecture": {
        "64bit": {
            "url": "https://github.com/Kitware/CMake/releases/download/v3.23.2/cmake-3.23.2-windows-x86_64.zip",
            "hash": "2329387f3166b84c25091c86389fb891193967740c9bcf01e7f6d3306f7ffda0",
            "extract_dir": "cmake-3.23.2-windows-x86_64"
        },
        "32bit": {
            "url": "https://github.com/Kitware/CMake/releases/download/v3.23.2/cmake-3.23.2-windows-i386.zip",
            "hash": "6a4fcd6a2315b93cb23c93507efccacc30c449c2bf98f14d6032bb226c582e07",
            "extract_dir": "cmake-3.23.2-windows-i386"
        }
    },
    "bin": [
        "bin\\cmake.exe",
        "bin\\cmcldeps.exe",
        "bin\\cpack.exe",
        "bin\\ctest.exe",
        "bin\\cmake-gui.exe"
    ],
    "shortcuts": [
        [
            "bin\\cmake-gui.exe",
            "cmake-gui"
        ]
    ],
    "checkver": {
        "url": "https://cmake.org/download/",
        "regex": "Latest Release \\(([\\d.]+)\\)"
    },
    "autoupdate": {
        "architecture": {
            "64bit": {
                "url": "https://github.com/Kitware/CMake/releases/download/v$version/cmake-$version-windows-x86_64.zip",
                "extract_dir": "cmake-$version-windows-x86_64"
            },
            "32bit": {
                "url": "https://github.com/Kitware/CMake/releases/download/v$version/cmake-$version-windows-i386.zip",
                "extract_dir": "cmake-$version-windows-i386"
            }
        },
        "hash": {
            "url": "$baseurl/cmake-$version-SHA-256.txt"
        }
    }
}
