{
    "version": "1.3.19",
    "description": "Portable console emulator for Windows. (Mini version)",
    "homepage": "https://cmder.net",
    "license": "MIT",
    "url": "https://github.com/cmderdev/cmder/releases/download/v1.3.19/cmder_mini.zip",
    "hash": "624c1486c17a1499e2b4a554b1d623c1aa82be1db9488eca8ded950a72dcb187",
    "pre_install": [
        "if (!(Test-Path \"$persist_dir\\vendor\\conemu-maximus5\\ConEmu.xml\")) {",
        "    Copy-Item \"$dir\\vendor\\ConEmu.xml.default\" \"$dir\\vendor\\conemu-maximus5\\ConEmu.xml\"",
        "}"
    ],
    "bin": "Cmder.exe",
    "shortcuts": [
        [
            "Cmder.exe",
            "Cmder",
            "/start \"%USERPROFILE%\""
        ]
    ],
    "persist": [
        "bin",
        "config",
        "vendor\\conemu-maximus5\\ConEmu.xml"
    ],
    "env_set": {
        "CMDER_ROOT": "$dir",
        "ConEmuDir": "$dir\\vendor\\conemu-maximus5"
    },
    "checkver": {
        "github": "https://github.com/cmderdev/cmder"
    },
    "autoupdate": {
        "url": "https://github.com/cmderdev/cmder/releases/download/v$version/cmder_mini.zip",
        "hash": {
            "url": "$baseurl/hashes.txt",
            "regex": "$basename\\s+$sha256"
        }
    }
}
