{
    "version": "7.8.2",
    "description": "Concourse CI/CD manager and controller",
    "homepage": "https://concourse-ci.org/fly.html",
    "license": "Apache-2.0",
    "architecture": {
        "64bit": {
            "url": "https://github.com/concourse/concourse/releases/download/v7.8.2/fly-7.8.2-windows-amd64.zip",
            "hash": "sha1:6194a1eb80909bb5734df568ae620877ba57fdb0"
        }
    },
    "bin": "fly.exe",
    "checkver": {
        "github": "https://github.com/concourse/concourse"
    },
    "autoupdate": {
        "architecture": {
            "64bit": {
                "url": "https://github.com/concourse/concourse/releases/download/v$version/fly-$version-windows-amd64.zip"
            }
        },
        "hash": {
            "url": "$url.sha1"
        }
    }
}
