{
    "version": "0.33.2",
    "description": "Test utility for structured configuration files",
    "homepage": "https://www.conftest.dev",
    "license": "Apache-2.0",
    "architecture": {
        "64bit": {
            "url": "https://github.com/open-policy-agent/conftest/releases/download/v0.33.2/conftest_0.33.2_Windows_x86_64.zip",
            "hash": "12c3bafca494394ede658989f109628778290baf2e24b4ad2f5bad915deabe60"
        }
    },
    "bin": "conftest.exe",
    "checkver": {
        "github": "https://github.com/open-policy-agent/conftest"
    },
    "autoupdate": {
        "architecture": {
            "64bit": {
                "url": "https://github.com/open-policy-agent/conftest/releases/download/v$version/conftest_$version_Windows_x86_64.zip"
            }
        },
        "hash": {
            "url": "$baseurl/checksums.txt"
        }
    }
}
