{
    "version": "1.9.0",
    "description": "Container Signing, Verification and Storage in an OCI registry.",
    "homepage": "https://github.com/sigstore/cosign",
    "license": "Apache-2.0",
    "architecture": {
        "64bit": {
            "url": "https://github.com/sigstore/cosign/releases/download/v1.9.0/cosign-windows-amd64.exe#/cosign.exe",
            "hash": "62dd10f56b939409267033282aae54ab6ec466270c12b3e0db15c3f41a0c12d1"
        }
    },
    "bin": "cosign.exe",
    "checkver": "github",
    "autoupdate": {
        "architecture": {
            "64bit": {
                "url": "https://github.com/sigstore/cosign/releases/download/v$version/cosign-windows-amd64.exe#/cosign.exe"
            }
        },
        "hash": {
            "url": "$baseurl/cosign_checksums.txt",
            "regex": "(?im)^$sha256\\s+$basename$"
        }
    }
}
