{
    "version": "2.1.0-M6-28-gbad85693f",
    "description": "Pure Scala Artifact Fetching",
    "homepage": "https://github.com/coursier/coursier",
    "license": "Apache-2.0",
    "url": "https://github.com/coursier/coursier/releases/download/v2.1.0-M6-28-gbad85693f/coursier#/coursier.jar",
    "hash": "0a7a680c40a1493d9dd3fa798d3f452a8ca0354d818d8de0de098f6ae1905079",
    "bin": "coursier.jar",
    "env_set": {
        "COURSIER_CACHE": "$dir\\cache",
        "COURSIER_BIN_DIR": "$dir\\bin"
    },
    "env_add_path": "bin",
    "persist": [
        "cache",
        "bin"
    ],
    "checkver": {
        "url": "https://github.com/coursier/coursier/releases",
        "regex": "tag/v([\\w\\.-]+)"
    },
    "autoupdate": {
        "url": "https://github.com/coursier/coursier/releases/download/v$version/coursier#/coursier.jar"
    }
}
