{
    "version": "7.84.0_5",
    "description": "Command line tool and library for transferring data with URLs",
    "homepage": "https://curl.haxx.se/",
    "license": "MIT",
    "architecture": {
        "64bit": {
            "url": "https://curl.haxx.se/windows/dl-7.84.0_5/curl-7.84.0_5-win64-mingw.tar.xz",
            "hash": "3bbe2b20df3671815e986bbfe25d56bfcc34eb4e19fbf77032aab920737a349b",
            "extract_dir": "curl-7.84.0_5-win64-mingw"
        },
        "32bit": {
            "url": "https://curl.haxx.se/windows/dl-7.84.0_5/curl-7.84.0_5-win32-mingw.tar.xz",
            "hash": "68fd770b4992aa15add84436d584adbd0272ce99007637d75ad5e67d22d5b21a",
            "extract_dir": "curl-7.84.0_5-win32-mingw"
        }
    },
    "bin": "bin\\curl.exe",
    "checkver": {
        "url": "https://curl.haxx.se/windows/",
        "regex": "Build<\\/b>:\\s+([\\d._]+)"
    },
    "autoupdate": {
        "architecture": {
            "64bit": {
                "url": "https://curl.haxx.se/windows/dl-$version/curl-$version-win64-mingw.tar.xz",
                "extract_dir": "curl-$version-win64-mingw"
            },
            "32bit": {
                "url": "https://curl.haxx.se/windows/dl-$version/curl-$version-win32-mingw.tar.xz",
                "extract_dir": "curl-$version-win32-mingw"
            }
        },
        "hash": {
            "url": "$baseurl/hashes.txt",
            "regex": "SHA256\\($basename\\)=\\s+$sha256"
        }
    }
}
