{
    "version": "2.920",
    "description": "A large collection of GNU and Open Source tools which provide functionality similar to a Linux distribution on Windows",
    "homepage": "https://cygwin.com/",
    "license": {
        "identifier": "GPL-3.0-or-later,X11,Public Domain",
        "url": "https://cygwin.com/faq.html#faq.what.free"
    },
    "notes": "To start a Cygwin shell, type \"cygwin\"",
    "architecture": {
        "64bit": {
            "url": "https://cygwin.com/setup-x86_64.exe#/cygwin-setup.exe",
            "hash": "cf57ca7ac4e1f57b5d152f310fb82fb0ce8e500bff261e46b89febc673d04210"
        },
        "32bit": {
            "url": "https://cygwin.com/setup-x86.exe#/cygwin-setup.exe",
            "hash": "ec92025b2ebf22dfdeca292cfc50c7a126ed9f1610d72d87b0859a6977fb8d55"
        }
    },
    "checkver": {
        "regex": ">release_([\\d.]+)<",
        "url": "https://cygwin.com/git/?p=cygwin-apps/setup.git;a=tags"
    },
    "autoupdate": {
        "architecture": {
            "64bit": {
                "url": "https://cygwin.com/setup-x86_64.exe#/cygwin-setup.exe"
            },
            "32bit": {
                "url": "https://cygwin.com/setup-x86.exe#/cygwin-setup.exe"
            }
        }
    },
    "bin": [
        [
            "root\\bin\\bash.exe",
            "cygwin",
            "--login -i"
        ]
    ],
    "installer": {
        "args": [
            "--no-admin",
            "--no-shortcuts",
            "--quiet-mode",
            "--local-package-dir \"$persist_dir\\packages\"",
            "--root \"$persist_dir\\root\"",
            "--site \"https://mirrors.kernel.org/sourceware/cygwin/\""
        ],
        "keep": true
    },
    "pre_install": "persist_data @{persist = @('packages', 'root')} $original_dir $persist_dir",
    "shortcuts": [
        [
            "root\\Cygwin.bat",
            "Cygwin",
            "",
            "root\\Cygwin-Terminal.ico"
        ],
        [
            "cygwin-setup.exe",
            "Cygwin Setup",
            "--no-admin --no-shortcuts --root \"$persist_dir\\root\" --local-package-dir \"$persist_dir\\packages\""
        ],
        [
            "root\\bin\\mintty.exe",
            "Cygwin Terminal",
            "-i \"$dir\\root\\Cygwin-Terminal.ico\" -",
            "root\\Cygwin-Terminal.ico"
        ]
    ]
}
