{
    "version": "4.1.0",
    "description": "Tool to find duplicates, similar images and music.",
    "homepage": "https://github.com/qarmin/czkawka",
    "license": "MIT",
    "architecture": {
        "64bit": {
            "url": "https://github.com/qarmin/czkawka/releases/download/4.1.0/windows_czkawka_cli.exe#/czkawka.exe",
            "hash": "0273f4f633b7925460566b081b03604e4224ae4b319ea6177688268bf67a2b57"
        }
    },
    "bin": [
        "czkawka.exe",
        [
            "czkawka.exe",
            "windows_czkawka_cli"
        ]
    ],
    "checkver": "github",
    "autoupdate": {
        "architecture": {
            "64bit": {
                "url": "https://github.com/qarmin/czkawka/releases/download/$version/windows_czkawka_cli.exe#/czkawka.exe"
            }
        }
    }
}
