{
    "version": "3.7.3",
    "description": "A programming language with a program verifier",
    "homepage": "https://dafny-lang.github.io/dafny/",
    "license": "MIT",
    "architecture": {
        "64bit": {
            "url": "https://github.com/dafny-lang/dafny/releases/download/v3.7.3/dafny-3.7.3-x64-win.zip",
            "hash": "60ad98e95800873e9996fb8e523672cc2bcef72e40b7e30a0f030dfde63627c2",
            "extract_dir": "dafny"
        }
    },
    "bin": [
        "Dafny.exe",
        "DafnyLanguageServer.exe",
        "DafnyServer.exe"
    ],
    "checkver": {
        "github": "https://github.com/dafny-lang/dafny"
    },
    "autoupdate": {
        "architecture": {
            "64bit": {
                "url": "https://github.com/dafny-lang/dafny/releases/download/v$version/dafny-$version-x64-win.zip"
            }
        }
    }
}
