{
    "version": "2.17.6",
    "description": "SDK for the Dart programming language",
    "homepage": "https://dart.dev/",
    "license": "BSD-3-Clause",
    "extract_dir": "dart-sdk",
    "env_add_path": "bin",
    "architecture": {
        "64bit": {
            "url": "https://storage.googleapis.com/dart-archive/channels/stable/release/2.17.6/sdk/dartsdk-windows-x64-release.zip",
            "hash": "a0671592e21d662ea3c815dddb6f7a0a963fcdaf9a2528c844bb9185605ca95c"
        },
        "32bit": {
            "url": "https://storage.googleapis.com/dart-archive/channels/stable/release/2.17.6/sdk/dartsdk-windows-ia32-release.zip",
            "hash": "6624c52325a5fa24100fd0f2e879070abbba48504249bbaf589fb41a14d57cff"
        }
    },
    "checkver": {
        "url": "https://storage.googleapis.com/dart-archive/channels/stable/release/latest/VERSION",
        "jsonpath": "$.version"
    },
    "autoupdate": {
        "architecture": {
            "64bit": {
                "url": "https://storage.googleapis.com/dart-archive/channels/stable/release/$version/sdk/dartsdk-windows-x64-release.zip"
            },
            "32bit": {
                "url": "https://storage.googleapis.com/dart-archive/channels/stable/release/$version/sdk/dartsdk-windows-ia32-release.zip"
            }
        },
        "hash": {
            "url": "$url.sha256sum"
        }
    }
}
