{
    "version": "1.19.5",
    "description": "An open source tool that makes it simple to get local PHP development environments up and running in minutes",
    "homepage": "https://ddev.readthedocs.io/en/latest/",
    "license": "Apache-2.0",
    "suggest": {
        "docker": "docker-compose"
    },
    "architecture": {
        "64bit": {
            "url": "https://github.com/drud/ddev/releases/download/v1.19.5/ddev_windows-amd64.v1.19.5.zip",
            "hash": "cdead2206e9a90999db6d0af0cbff44d9ba670b44ac05f6773d9f443a62b99aa"
        }
    },
    "bin": "ddev.exe",
    "checkver": {
        "github": "https://github.com/drud/ddev"
    },
    "autoupdate": {
        "architecture": {
            "64bit": {
                "url": "https://github.com/drud/ddev/releases/download/v$version/ddev_windows-amd64.v$version.zip"
            }
        },
        "hash": {
            "url": "$baseurl/checksums.txt"
        }
    }
}
