{
    "version": "0.13.0",
    "description": "A syntax-highlighter for git and diff output",
    "homepage": "https://github.com/dandavison/delta",
    "license": "MIT",
    "architecture": {
        "64bit": {
            "url": "https://github.com/dandavison/delta/releases/download/0.13.0/delta-0.13.0-x86_64-pc-windows-msvc.zip",
            "hash": "ee8f3856e4f4e6ce079ce23e9eb665e38833c518f47d9b7565b315abe9283161",
            "extract_dir": "delta-0.13.0-x86_64-pc-windows-msvc"
        }
    },
    "bin": "delta.exe",
    "checkver": "github",
    "autoupdate": {
        "architecture": {
            "64bit": {
                "url": "https://github.com/dandavison/delta/releases/download/$version/delta-$version-x86_64-pc-windows-msvc.zip",
                "extract_dir": "delta-$version-x86_64-pc-windows-msvc"
            }
        }
    }
}
