{
    "version": "1.23.4",
    "description": "A secure runtime for JavaScript and TypeScript",
    "homepage": "https://deno.land",
    "license": "MIT",
    "architecture": {
        "64bit": {
            "url": "https://github.com/denoland/deno/releases/download/v1.23.4/deno-x86_64-pc-windows-msvc.zip",
            "hash": "b19bfe1c5322a1349c54135f2185e73355e8c5a28ca8ee9d467976a037bda80f"
        }
    },
    "bin": "deno.exe",
    "checkver": {
        "github": "https://github.com/denoland/deno"
    },
    "autoupdate": {
        "architecture": {
            "64bit": {
                "url": "https://github.com/denoland/deno/releases/download/v$version/deno-x86_64-pc-windows-msvc.zip"
            }
        }
    }
}
