{
    "version": "7.1.1",
    "description": "Software composition analysis utility that identifies project dependencies and checks if there are any known, publicly disclosed, vulnerabilities.",
    "homepage": "https://owasp.org/www-project-dependency-check/",
    "license": "Apache-2.0",
    "suggest": {
        "JDK": "java/openjdk"
    },
    "url": "https://github.com/jeremylong/DependencyCheck/releases/download/v7.1.1/dependency-check-7.1.1-release.zip",
    "hash": "1070591e7ae2b9ed60384f58db489405c68856f544b8d27456eb3b153478ec8f",
    "extract_dir": "dependency-check",
    "bin": "bin\\dependency-check.bat",
    "checkver": {
        "url": "https://jeremylong.github.io/DependencyCheck/current.txt",
        "regex": "(.+)"
    },
    "autoupdate": {
        "url": "https://github.com/jeremylong/DependencyCheck/releases/download/v$version/dependency-check-$version-release.zip"
    }
}
