{
    "version": "1.21.0",
    "description": "A static code analysis tool for the Kotlin programming language",
    "homepage": "https://github.com/detekt/detekt",
    "license": "Apache-2.0",
    "suggest": {
        "JDK": [
            "java/oraclejdk",
            "java/openjdk"
        ]
    },
    "url": "https://github.com/detekt/detekt/releases/download/v1.21.0/detekt-cli-1.21.0.zip",
    "hash": "619f72d09bc38072bdb40989cf9e6e3dc012f9b5f17cd940ff04fb9fa81206fb",
    "extract_dir": "detekt-cli-1.21.0",
    "bin": [
        [
            "bin\\detekt-cli.bat",
            "detekt"
        ]
    ],
    "checkver": {
        "url": "https://github.com/detekt/detekt/releases",
        "regex": "detekt-cli-(?<version>[\\d.]+)\\.zip"
    },
    "autoupdate": {
        "url": "https://github.com/detekt/detekt/releases/download/v$version/detekt-cli-$version.zip",
        "extract_dir": "detekt-cli-$version"
    }
}
