{
    "version": "2.32.1",
    "description": "load or unload environment variables depending on the current directory",
    "homepage": "https://direnv.net",
    "license": "MIT",
    "architecture": {
        "64bit": {
            "url": "https://github.com/direnv/direnv/releases/download/v2.32.1/direnv.windows-amd64.exe#/direnv.exe",
            "hash": "ebafc1fc4946109ecf2491ea66c25ae48c9171cbbccc01f820d3131b729ba2d6"
        },
        "32bit": {
            "url": "https://github.com/direnv/direnv/releases/download/v2.32.1/direnv.windows-386.exe#/direnv.exe",
            "hash": "813470b51bfaea088659e1aa1c374abb8982aad51c2325c9d59e4d85f5f606ee"
        }
    },
    "bin": "direnv.exe",
    "checkver": {
        "github": "https://github.com/direnv/direnv"
    },
    "autoupdate": {
        "architecture": {
            "64bit": {
                "url": "https://github.com/direnv/direnv/releases/download/v$version/direnv.windows-amd64.exe#/direnv.exe"
            },
            "32bit": {
                "url": "https://github.com/direnv/direnv/releases/download/v$version/direnv.windows-386.exe#/direnv.exe"
            }
        }
    }
}
