{
    "version": "2.59.3",
    "description": "A documentation generation tool for API reference and Markdown files",
    "homepage": "https://dotnet.github.io/docfx/",
    "license": "MIT",
    "url": "https://github.com/dotnet/docfx/releases/download/v2.59.3/docfx.zip",
    "hash": "129ab6f8f3683d258ab84771f7ebfd3c18cbcd4bae10e6e138dbe3c233dcaec1",
    "bin": "docfx.exe",
    "checkver": {
        "github": "https://github.com/dotnet/docfx"
    },
    "autoupdate": {
        "url": "https://github.com/dotnet/docfx/releases/download/v$version/docfx.zip"
    }
}
