{
    "version": "1.78.0",
    "description": "A command line tool for DigitalOcean services",
    "homepage": "https://github.com/digitalocean/doctl",
    "license": "Apache-2.0",
    "architecture": {
        "64bit": {
            "url": "https://github.com/digitalocean/doctl/releases/download/v1.78.0/doctl-1.78.0-windows-amd64.zip",
            "hash": "f5d483b874aab33921daac4cda5884e2e0e9666f5711b62a654ba4a7d0cb5600"
        },
        "32bit": {
            "url": "https://github.com/digitalocean/doctl/releases/download/v1.78.0/doctl-1.78.0-windows-386.zip",
            "hash": "bed0da1f88568e20c6c82e25043cde82dfaa7a1ad55ad8e84c3b6b351824b623"
        }
    },
    "bin": "doctl.exe",
    "checkver": "github",
    "autoupdate": {
        "architecture": {
            "64bit": {
                "url": "https://github.com/digitalocean/doctl/releases/download/v$version/doctl-$version-windows-amd64.zip"
            },
            "32bit": {
                "url": "https://github.com/digitalocean/doctl/releases/download/v$version/doctl-$version-windows-386.zip"
            }
        },
        "hash": {
            "url": "$baseurl/doctl-$version-checksums.sha256"
        }
    }
}
