{
    "version": "1.7.10",
    "description": "Documentation Engine for Kotlin.",
    "homepage": "https://github.com/Kotlin/dokka/",
    "license": "Apache-2.0",
    "suggest": {
        "JDK": "java/openjdk"
    },
    "url": "https://repo1.maven.org/maven2/org/jetbrains/dokka/dokka-cli/1.7.10/dokka-cli-1.7.10.jar#/dokka.jar",
    "hash": "23d42c9cd12427e387e054deb03347fd0ea66922f76e707cdd0e86f9465bb6a6",
    "bin": "dokka.jar",
    "checkver": "github",
    "autoupdate": {
        "url": "https://repo1.maven.org/maven2/org/jetbrains/dokka/dokka-cli/$version/dokka-cli-$version.jar#/dokka.jar",
        "hash": {
            "url": "https://repo1.maven.org/maven2/org/jetbrains/dokka/dokka-cli/$version/dokka-cli-$version.jar.sha256",
            "regex": "$sha256"
        }
    }
}
