{
    "homepage": "https://github.com/dolthub/dolt",
    "license": "Apache-2.0",
    "description": "Dolt is a SQL database that you can fork, clone, branch, merge, push and pull just like a git repository.",
    "version": "0.40.19",
    "architecture": {
        "64bit": {
            "url": "https://github.com/dolthub/dolt/releases/download/v0.40.19/dolt-windows-amd64.zip",
            "hash": "e28899a657e9aa7768611b577ae81296c4f6e07c3dcf781d096aa508dd7af8fd"
        }
    },
    "extract_dir": "dolt-windows-amd64",
    "bin": "bin\\dolt.exe",
    "checkver": "github",
    "autoupdate": {
        "architecture": {
            "64bit": {
                "url": "https://github.com/dolthub/dolt/releases/download/v$version/dolt-windows-amd64.zip"
            }
        }
    }
}
