{
    "version": "2022.1.2",
    "description": "JetBrains dotCover Command Line Tools that enable analysing code coverage outside of Visual Studio.",
    "homepage": "https://www.jetbrains.com/dotcover/download/#section=commandline",
    "license": {
        "identifier": "Freeware",
        "url": "https://www.jetbrains.com/legal/docs/toolbox/user"
    },
    "url": "https://download.jetbrains.com/resharper/dotUltimate.2022.1.2/JetBrains.dotCover.CommandLineTools.2022.1.2.zip",
    "hash": "097a60a9fb1f7fb8c3854f840f325cb366ed0705f730a0f659905db6c2e95b32",
    "bin": "dotCover.exe",
    "checkver": {
        "url": "https://data.services.jetbrains.com/products/releases?code=DCCLT&latest=true&platform=zip&type=release",
        "jsonpath": "$..version"
    },
    "autoupdate": {
        "url": "https://download.jetbrains.com/resharper/dotUltimate.$version/JetBrains.dotCover.CommandLineTools.$version.zip",
        "hash": {
            "url": "$url.sha256"
        }
    }
}
