{
    "version": "2022.1.2",
    "description": "JetBrains dotMemory Command Line Tools for profiling .NET memory usage from the command line.",
    "homepage": "https://www.jetbrains.com/dotmemory/download/#section=commandline",
    "license": {
        "identifier": "Freeware",
        "url": "https://www.jetbrains.com/legal/docs/toolbox/user"
    },
    "architecture": {
        "64bit": {
            "url": "https://download.jetbrains.com/resharper/dotUltimate.2022.1.2/JetBrains.dotMemory.Console.windows-x64.2022.1.2.zip",
            "hash": "4be497788ff221f115ab9280190e4286a343eabb0d4f68f3a4e169ba8c4da6f4"
        },
        "32bit": {
            "url": "https://download.jetbrains.com/resharper/dotUltimate.2022.1.2/JetBrains.dotMemory.Console.windows-x86.2022.1.2.zip",
            "hash": "19544a9a598d4aff5adfd09bed9942d494afe537a8a26b457cd5786abe7a5af8"
        }
    },
    "bin": "dotMemory.exe",
    "checkver": {
        "url": "https://data.services.jetbrains.com/products/releases?code=DMCLP&latest=true&platform=zip&type=release",
        "jsonpath": "$..version"
    },
    "autoupdate": {
        "architecture": {
            "64bit": {
                "url": "https://download.jetbrains.com/resharper/dotUltimate.$version/JetBrains.dotMemory.Console.windows-x64.$version.zip"
            },
            "32bit": {
                "url": "https://download.jetbrains.com/resharper/dotUltimate.$version/JetBrains.dotMemory.Console.windows-x86.$version.zip"
            }
        },
        "hash": {
            "url": "$url.sha256"
        }
    }
}
