{
    "version": "0.12.13",
    "description": "Dotfile manager and templater",
    "homepage": "https://github.com/SuperCuber/dotter",
    "license": "Unlicense",
    "notes": "To set up dotter, check instructions on 'https://github.com/SuperCuber/dotter/wiki/Setup-and-Configuration'",
    "architecture": {
        "64bit": {
            "url": "https://github.com/SuperCuber/dotter/releases/download/v0.12.13/dotter.exe",
            "hash": "a7ecb0bc4d40cba21692e7d5a3114f81f36acc097e10acf93dd3b62dff220036"
        }
    },
    "bin": "dotter.exe",
    "checkver": "github",
    "autoupdate": {
        "architecture": {
            "64bit": {
                "url": "https://github.com/SuperCuber/dotter/releases/download/v$version/dotter.exe"
            }
        }
    }
}
