{
    "homepage": "https://dprint.dev",
    "description": "Pluggable and configurable code formatting platform written in Rust.",
    "version": "0.30.3",
    "license": "MIT",
    "architecture": {
        "64bit": {
            "url": "https://github.com/dprint/dprint/releases/download/0.30.3/dprint-x86_64-pc-windows-msvc.zip",
            "hash": "1d9fa9b6ec8b3afe102a6f9c818114d3f96644261c7dfc4df93dd293d44b2fc1"
        }
    },
    "bin": "dprint.exe",
    "checkver": {
        "github": "https://github.com/dprint/dprint"
    },
    "autoupdate": {
        "architecture": {
            "64bit": {
                "url": "https://github.com/dprint/dprint/releases/download/$version/dprint-x86_64-pc-windows-msvc.zip"
            }
        },
        "hash": {
            "url": "$baseurl/SHASUMS256.txt"
        }
    }
}
