{
    "version": "0.9.1",
    "description": "Fast and effective C++ file optimizer.",
    "homepage": "https://github.com/fhanau/Efficient-Compression-Tool",
    "license": "Apache-2.0",
    "architecture": {
        "64bit": {
            "url": "https://github.com/fhanau/Efficient-Compression-Tool/releases/download/v0.9.1/ect-0.9.1-win64.zip",
            "hash": "9c6764ab6f74911c1d48fdc75129a2f4f23f4b70ec98f5522c7c54ab371ed72c"
        }
    },
    "bin": "ect.exe",
    "checkver": "github",
    "autoupdate": {
        "architecture": {
            "64bit": {
                "url": "https://github.com/fhanau/Efficient-Compression-Tool/releases/download/v$version/ect-$version-win64.zip"
            }
        }
    }
}
