{
    "version": "105.0.1327.0",
    "description": "Close the loop on your developer cycle by automating testing of your website in Microsoft Edge (Chromium).",
    "homepage": "https://developer.microsoft.com/en-us/microsoft-edge/tools/webdriver",
    "license": {
        "identifier": "Freeware",
        "url": "https://az813057.vo.msecnd.net/webdriver/license.html"
    },
    "notes": "For legacy (EdgeHTML) version, see 'versions/edgedriver-legacy'.",
    "architecture": {
        "64bit": {
            "url": "https://msedgedriver.azureedge.net/105.0.1327.0/edgedriver_win64.zip",
            "hash": "dec0682fe8d7556889e82ddd171ad3e88c8aef144f6f5ed4871cad37f6ed1963"
        },
        "32bit": {
            "url": "https://msedgedriver.azureedge.net/105.0.1327.0/edgedriver_win32.zip",
            "hash": "d05efb5ba6c2700bbe9f7084a6cd74fa97940175527b641cd1b80a88fcad2ccb"
        }
    },
    "bin": "msedgedriver.exe",
    "checkver": {
        "script": "Write-Output $([System.Text.Encoding]::Unicode.GetString((Invoke-WebRequest -URI https://msedgedriver.azureedge.net/LATEST_CANARY).Content))",
        "regex": "([\\d.]+)"
    },
    "autoupdate": {
        "architecture": {
            "64bit": {
                "url": "https://msedgedriver.azureedge.net/$version/edgedriver_win64.zip"
            },
            "32bit": {
                "url": "https://msedgedriver.azureedge.net/$version/edgedriver_win32.zip"
            }
        }
    }
}
