{
    "version": "0.105.0",
    "description": "A simple CLI tool for creating clusters on EKS - Amazon’s new managed Kubernetes service for EC2.",
    "homepage": "https://eksctl.io",
    "license": "Apache-2.0",
    "architecture": {
        "64bit": {
            "url": "https://github.com/weaveworks/eksctl/releases/download/v0.105.0/eksctl_Windows_amd64.zip",
            "hash": "c25196d199993ea811f492890cd692e7c03c1f8dc198a82cf62d03305dc9239b"
        }
    },
    "bin": "eksctl.exe",
    "checkver": {
        "github": "https://github.com/weaveworks/eksctl"
    },
    "autoupdate": {
        "architecture": {
            "64bit": {
                "url": "https://github.com/weaveworks/eksctl/releases/download/v$version/eksctl_Windows_amd64.zip"
            }
        },
        "hash": {
            "url": "$baseurl/eksctl_checksums.txt"
        }
    }
}
