{
    "version": "3.4.19",
    "description": "A distributed, reliable key-value store for the most critical data of a distributed system",
    "homepage": "https://etcd.io/",
    "license": "Apache-2.0",
    "architecture": {
        "64bit": {
            "url": "https://github.com/etcd-io/etcd/releases/download/v3.4.19/etcd-v3.4.19-windows-amd64.zip",
            "hash": "4c699f7a35761d5eeb96aa95bf3690e0e8a3f303c065f33faeebcbb5190f36ef",
            "extract_dir": "etcd-v3.4.19-windows-amd64"
        }
    },
    "bin": [
        "etcd.exe",
        "etcdctl.exe"
    ],
    "checkver": {
        "github": "https://github.com/etcd-io/etcd"
    },
    "autoupdate": {
        "architecture": {
            "64bit": {
                "url": "https://github.com/etcd-io/etcd/releases/download/v$version/etcd-v$version-windows-amd64.zip",
                "extract_dir": "etcd-v$version-windows-amd64",
                "hash": {
                    "url": "$baseurl/SHA256SUMS",
                    "regex": "^$sha256\\s+$url$"
                }
            }
        }
    }
}
