{
    "version": "0.10.8",
    "description": "More expressive gRPC client",
    "homepage": "https://evans.syfm.me",
    "license": "MIT",
    "architecture": {
        "64bit": {
            "url": "https://github.com/ktr0731/evans/releases/download/v0.10.8/evans_windows_amd64.tar.gz",
            "hash": "be17464a344ba829b14d371ce62a047f76018767eddde06945912e19e7f957a3"
        },
        "32bit": {
            "url": "https://github.com/ktr0731/evans/releases/download/v0.10.8/evans_windows_386.tar.gz",
            "hash": "a136efe4d2e6d308ddef17230f4975a10ecd37b0b025b0455cb406b230c82732"
        }
    },
    "bin": "evans.exe",
    "checkver": {
        "github": "https://github.com/ktr0731/evans"
    },
    "autoupdate": {
        "architecture": {
            "64bit": {
                "url": "https://github.com/ktr0731/evans/releases/download/v$version/evans_windows_amd64.tar.gz"
            },
            "32bit": {
                "url": "https://github.com/ktr0731/evans/releases/download/v$version/evans_windows_386.tar.gz"
            }
        },
        "hash": {
            "url": "$baseurl/checksums.txt",
            "regex": "$sha256\\s+$basename"
        }
    }
}
