{
    "version": "1.1.0.23",
    "description": "Command line interface to Everyting.",
    "homepage": "https://www.voidtools.com/support/everything/command_line_interface/",
    "license": "MIT",
    "depends": "extras/everything",
    "url": "https://www.voidtools.com/ES-1.1.0.23.zip",
    "hash": "e8ac817ae276ba1d12044a65444c109f284015ba985d29201a9fd4f38b5e6187",
    "pre_install": [
        "$manifest.persist | ForEach-Object {",
        "    if (-not (Test-Path \"$persist_dir\\$_\")) { New-Item \"$dir\\$_\" -ItemType file | Out-Null }",
        "}"
    ],
    "bin": "es.exe",
    "persist": "es.ini",
    "checkver": {
        "url": "https://www.voidtools.com/downloads/",
        "regex": "ES-([\\d.]+)\\.zip"
    },
    "autoupdate": {
        "url": "https://www.voidtools.com/ES-$version.zip"
    }
}
