{
    "version": "0.14.2",
    "description": "A framework for building serverless functions with Docker and Kubernetes which has first class support for metrics. (CLI)",
    "homepage": "https://www.openfaas.com/",
    "license": "MIT",
    "architecture": {
        "64bit": {
            "url": "https://github.com/openfaas/faas-cli/releases/download/0.14.2/faas-cli.exe",
            "hash": "d30d5aa29a5a8ec5fabc2038c533e3ac83950e1d278faa3c9b870cfc228fd61e"
        }
    },
    "bin": [
        "faas-cli.exe",
        [
            "faas-cli.exe",
            "faas"
        ]
    ],
    "post_install": "faas-cli version",
    "checkver": {
        "github": "https://github.com/openfaas/faas-cli"
    },
    "autoupdate": {
        "architecture": {
            "64bit": {
                "url": "https://github.com/openfaas/faas-cli/releases/download/$version/faas-cli.exe"
            }
        },
        "hash": {
            "url": "$url.sha256"
        }
    }
}
