{
    "version": "5.22.0",
    "description": "F# Make, build automation tool for .NET with similar capabilities to make and rake",
    "homepage": "https://fake.build",
    "license": "MIT",
    "architecture": {
        "64bit": {
            "url": "https://github.com/fsharp/FAKE/releases/download/5.22.0/fake-dotnetcore-win7-x64.zip",
            "hash": "132f058a04a4bf0537c09b21db3fea5397fd6d2b054915d08c0b6305d546d6c6"
        },
        "32bit": {
            "url": "https://github.com/fsharp/FAKE/releases/download/5.22.0/fake-dotnetcore-win7-x86.zip",
            "hash": "7b617fdafb04522a47cd7d17d2a6332aa30781c3387cb74d2637ad5b93f80ca8"
        }
    },
    "bin": "fake.exe",
    "checkver": {
        "github": "https://github.com/fsharp/FAKE"
    },
    "autoupdate": {
        "architecture": {
            "64bit": {
                "url": "https://github.com/fsharp/FAKE/releases/download/$version/fake-dotnetcore-win7-x64.zip"
            },
            "32bit": {
                "url": "https://github.com/fsharp/FAKE/releases/download/$version/fake-dotnetcore-win7-x86.zip"
            }
        }
    }
}
