{
    "version": "8.4.0",
    "description": "A simple, fast and user-friendly alternative to 'find'.",
    "homepage": "https://github.com/sharkdp/fd",
    "license": "MIT",
    "architecture": {
        "64bit": {
            "url": "https://github.com/sharkdp/fd/releases/download/v8.4.0/fd-v8.4.0-x86_64-pc-windows-msvc.zip",
            "hash": "f21bc26c1ab6bdbe4fe43f87a20c792d4abe629ae97c6f42b25ac8a042f5521f",
            "extract_dir": "fd-v8.4.0-x86_64-pc-windows-msvc"
        },
        "32bit": {
            "url": "https://github.com/sharkdp/fd/releases/download/v8.4.0/fd-v8.4.0-i686-pc-windows-msvc.zip",
            "hash": "6a182315643202be1c8b7d4ef44d2292d88c3f2917ab3efa91ecc7c70233dede",
            "extract_dir": "fd-v8.4.0-i686-pc-windows-msvc"
        }
    },
    "bin": "fd.exe",
    "checkver": "github",
    "autoupdate": {
        "architecture": {
            "64bit": {
                "url": "https://github.com/sharkdp/fd/releases/download/v$version/fd-v$version-x86_64-pc-windows-msvc.zip",
                "extract_dir": "fd-v$version-x86_64-pc-windows-msvc"
            },
            "32bit": {
                "url": "https://github.com/sharkdp/fd/releases/download/v$version/fd-v$version-i686-pc-windows-msvc.zip",
                "extract_dir": "fd-v$version-i686-pc-windows-msvc"
            }
        }
    }
}
