{
    "version": "1.3.4",
    "description": "Free Lossless Audio Codec - command line tools",
    "homepage": "https://xiph.org/flac/",
    "license": {
        "identifier": "BSD-3-Clause,GPL-3.0-or-later",
        "url": "https://xiph.org/flac/license.html"
    },
    "url": "https://ftp.osuosl.org/pub/xiph/releases/flac/flac-1.3.4-win.zip",
    "hash": "0476f66a58a2b8b411585bd61d0ae0c2a39708c325ab1c0ce92d46044676ffe1",
    "architecture": {
        "64bit": {
            "extract_dir": "flac-1.3.4-win\\win64"
        },
        "32bit": {
            "extract_dir": "flac-1.3.4-win\\win32"
        }
    },
    "bin": [
        "flac.exe",
        "metaflac.exe"
    ],
    "checkver": {
        "url": "https://ftp.osuosl.org/pub/xiph/releases/flac/?C=M;O=D",
        "regex": ">flac-([\\d.]+)-win\\.zip"
    },
    "autoupdate": {
        "url": "https://ftp.osuosl.org/pub/xiph/releases/flac/flac-$version-win.zip",
        "hash": {
            "url": "$baseurl/SHA256SUMS.txt"
        },
        "architecture": {
            "64bit": {
                "extract_dir": "flac-$version-win\\win64"
            },
            "32bit": {
                "extract_dir": "flac-$version-win\\win32"
            }
        }
    }
}
