{
    "version": "0.182.0",
    "description": "A static type checker for JavaScript code",
    "homepage": "https://flowtype.org/",
    "license": "MIT",
    "architecture": {
        "64bit": {
            "url": "https://github.com/facebook/flow/releases/download/v0.182.0/flow-win64-v0.182.0.zip",
            "hash": "9d46c484b51e4bf340f93494ae890c9712e1d570fc3a4fc79792e86bfe48ae9f"
        }
    },
    "extract_dir": "flow",
    "bin": "flow.exe",
    "checkver": {
        "github": "https://github.com/facebook/flow"
    },
    "autoupdate": {
        "architecture": {
            "64bit": {
                "url": "https://github.com/facebook/flow/releases/download/v$version/flow-win64-v$version.zip"
            }
        }
    }
}
