{
    "version": "0.31.4",
    "description": "Open and extensible continuous delivery solution for Kubernetes.",
    "homepage": "https://fluxcd.io",
    "license": "Apache-2.0",
    "architecture": {
        "64bit": {
            "url": "https://github.com/fluxcd/flux2/releases/download/v0.31.4/flux_0.31.4_windows_amd64.zip",
            "hash": "1532649c40173d8f424d1fdaeb20465e9acb7807a9f51fca340e01da1be0d46e"
        },
        "32bit": {
            "url": "https://github.com/fluxcd/flux2/releases/download/v0.31.4/flux_0.31.4_windows_386.zip",
            "hash": "ec3a8e9504f0c5cace37cb731997e267674d77b1dfb01208029f743658b57fd8"
        }
    },
    "bin": "flux.exe",
    "checkver": {
        "github": "https://github.com/fluxcd/flux2"
    },
    "autoupdate": {
        "architecture": {
            "64bit": {
                "url": "https://github.com/fluxcd/flux2/releases/download/v$version/flux_$version_windows_amd64.zip"
            },
            "32bit": {
                "url": "https://github.com/fluxcd/flux2/releases/download/v$version/flux_$version_windows_386.zip"
            }
        },
        "hash": {
            "url": "$baseurl/flux_$version_checksums.txt"
        }
    },
    "notes": "For Flux v1, please install 'versions/fluxctl' instead."
}
