{
    "version": "9.0.1",
    "description": "Database migration tool that favors simplicity and convention over configuration.",
    "homepage": "https://flywaydb.org/",
    "license": "Apache-2.0",
    "architecture": {
        "64bit": {
            "url": "https://repo1.maven.org/maven2/org/flywaydb/flyway-commandline/9.0.1/flyway-commandline-9.0.1-windows-x64.zip",
            "hash": "sha1:0c1ae3959e8c356ce3021f1c84eb81a2e73f86ab"
        }
    },
    "extract_dir": "flyway-9.0.1",
    "bin": "flyway.cmd",
    "persist": [
        "conf",
        "sql",
        "jars"
    ],
    "checkver": {
        "url": "https://flywaydb.org/documentation/usage/commandline/#download-and-installation",
        "regex": "flyway-commandline-([\\w.-]+)-windows"
    },
    "autoupdate": {
        "architecture": {
            "64bit": {
                "url": "https://repo1.maven.org/maven2/org/flywaydb/flyway-commandline/$version/flyway-commandline-$version-windows-x64.zip"
            }
        },
        "hash": {
            "url": "$url.sha1"
        },
        "extract_dir": "flyway-$version"
    }
}
