{
    "version": "1.31.1",
    "description": "Cross-platform Node.js version switcher",
    "homepage": "https://github.com/Schniz/fnm",
    "license": "GPL-3.0-only",
    "notes": "Don't forget to add \"fnm env --use-on-cd | Out-String | Invoke-Expression\" to your powershell profile.",
    "architecture": {
        "64bit": {
            "url": "https://github.com/Schniz/fnm/releases/download/v1.31.1/fnm-windows.zip",
            "hash": "82eb1ce6012b153693c2e825d2f2767e23097bd6f30f7582f3f5fe24ee17d54e"
        }
    },
    "bin": "fnm.exe",
    "checkver": "github",
    "autoupdate": {
        "architecture": {
            "64bit": {
                "url": "https://github.com/Schniz/fnm/releases/download/v$version/fnm-windows.zip"
            }
        }
    }
}
