{
    "version": "3.3.10",
    "description": "Dependency analysis tool. Supports license & vulnerability scanning. Language-agnostic; integrates with 20+ build systems.",
    "homepage": "https://github.com/fossas/fossa-cli",
    "license": "MPL-2.0",
    "architecture": {
        "64bit": {
            "url": "https://github.com/fossas/fossa-cli/releases/download/v3.3.10/fossa_3.3.10_windows_amd64.zip",
            "hash": "5a6f83c84b93d18a963b7f636e6d7dfaa68c3c42a683305adaa6b1ce1d59e619"
        }
    },
    "bin": "fossa.exe",
    "checkver": "github",
    "autoupdate": {
        "architecture": {
            "64bit": {
                "url": "https://github.com/fossas/fossa-cli/releases/download/v$version/fossa_$version_windows_amd64.zip",
                "hash": {
                    "url": "$url.sha256"
                }
            }
        }
    }
}
