{
    "version": "1.09.0",
    "description": "BASIC compiler for Microsoft Windows, DOS and Linux",
    "homepage": "https://www.freebasic.net",
    "license": "GPL-2.0-or-later",
    "architecture": {
        "64bit": {
            "url": "https://downloads.sourceforge.net/project/fbc/FreeBASIC-1.09.0/Binaries-Windows/FreeBASIC-1.09.0-win64.zip",
            "hash": "sha1:af3ab2dab4434aa8c24fe96cd84868d91d36cdbc",
            "extract_dir": "FreeBASIC-1.09.0-win64"
        },
        "32bit": {
            "url": "https://downloads.sourceforge.net/project/fbc/FreeBASIC-1.09.0/Binaries-Windows/FreeBASIC-1.09.0-win32.zip",
            "hash": "sha1:a3abdcbe6becbb66cb2f35902438357aa0a7039b",
            "extract_dir": "FreeBASIC-1.09.0-win32"
        }
    },
    "bin": "fbc.exe",
    "checkver": {
        "github": "https://github.com/freebasic/fbc"
    },
    "autoupdate": {
        "architecture": {
            "64bit": {
                "url": "https://downloads.sourceforge.net/project/fbc/FreeBASIC-$version/Binaries-Windows/FreeBASIC-$version-win64.zip",
                "extract_dir": "FreeBASIC-$version-win64"
            },
            "32bit": {
                "url": "https://downloads.sourceforge.net/project/fbc/FreeBASIC-$version/Binaries-Windows/FreeBASIC-$version-win32.zip",
                "extract_dir": "FreeBASIC-$version-win32"
            }
        }
    }
}
