{
    "version": "1.22.4",
    "description": "Command-line program to download image-galleries and -collections from several image hosting sites.",
    "homepage": "https://github.com/mikf/gallery-dl",
    "license": "GPL-2.0-or-later",
    "url": "https://github.com/mikf/gallery-dl/releases/download/v1.22.4/gallery-dl.exe",
    "hash": "37fef9d0dcfc54f933bc3ce0f11803e05cac46e1ede440db8508c5ddf93b46b9",
    "bin": "gallery-dl.exe",
    "checkver": "github",
    "autoupdate": {
        "url": "https://github.com/mikf/gallery-dl/releases/download/v$version/gallery-dl.exe"
    }
}
