{
    "version": "5.14.0",
    "description": "A Fast Console Disk Usage Analyzer",
    "homepage": "https://github.com/dundee/gdu",
    "license": "MIT",
    "architecture": {
        "64bit": {
            "url": "https://github.com/dundee/gdu/releases/download/v5.14.0/gdu_windows_amd64.exe.zip",
            "hash": "ce0569d92321fe0b5a0b70efa4fe09d2d7a36d45764b72722a7b553e00cb7d1b"
        }
    },
    "pre_install": "Rename-Item \"$dir\\$($fname -replace '\\.zip$')\" 'gdu.exe'",
    "bin": "gdu.exe",
    "checkver": "github",
    "autoupdate": {
        "architecture": {
            "64bit": {
                "url": "https://github.com/dundee/gdu/releases/download/v$version/gdu_windows_amd64.exe.zip"
            }
        },
        "hash": {
            "url": "$baseurl/sha256sums.txt"
        }
    }
}
