{
    "version": "0.31.0",
    "description": "WebDriver for the Firefox web browser.",
    "homepage": "https://github.com/mozilla/geckodriver",
    "license": "MPL-2.0",
    "bin": "geckodriver.exe",
    "checkver": "github",
    "architecture": {
        "64bit": {
            "url": "https://github.com/mozilla/geckodriver/releases/download/v0.31.0/geckodriver-v0.31.0-win64.zip",
            "hash": "d4bbec9457dc1130f9d580de012d17dbeadbb378d5c3e37419e6ad8c1c958cbb"
        },
        "32bit": {
            "url": "https://github.com/mozilla/geckodriver/releases/download/v0.31.0/geckodriver-v0.31.0-win32.zip",
            "hash": "030a0175add4b06bb51852ce1e5a93a7ee6e0d4fac6e9b3c017dc6cf3f6b6f6c"
        }
    },
    "autoupdate": {
        "architecture": {
            "64bit": {
                "url": "https://github.com/mozilla/geckodriver/releases/download/v$version/geckodriver-v$version-win64.zip"
            },
            "32bit": {
                "url": "https://github.com/mozilla/geckodriver/releases/download/v$version/geckodriver-v$version-win32.zip"
            }
        }
    }
}
