{
    "version": "10.20220526",
    "description": "Manage files with git, without comitting them.",
    "homepage": "https://git-annex.branchable.com/",
    "license": "AGPL-3.0-or-later",
    "bin": "usr/bin/git-annex.exe",
    "url": "https://downloads.kitenet.net/git-annex/windows/current/git-annex-installer.exe#/dl.7z",
    "hash": "edfbbde9f8376d3de14b99980f4e53ba7ace21fbcc4cc034f9177ee90ca485c9",
    "checkver": {
        "url": "https://downloads.kitenet.net/git-annex/windows/current/git-annex-installer.exe.info",
        "regex": "distributionVersion = \"([\\d.]+)\""
    },
    "autoupdate": {
        "url": "https://downloads.kitenet.net/git-annex/windows/current/git-annex-installer.exe#/dl.7z",
        "hash": {
            "url": "$url.info",
            "regex": "$sha256\\.exe"
        }
    }
}
