{
    "version": "2.37.1.windows.1",
    "description": "Distributed version control system",
    "homepage": "https://gitforwindows.org",
    "license": "GPL-2.0-only",
    "notes": "Set Git Credential Manager Core by running: \"git config --global credential.helper manager-core\"",
    "architecture": {
        "64bit": {
            "url": "https://github.com/git-for-windows/git/releases/download/v2.37.1.windows.1/PortableGit-2.37.1-64-bit.7z.exe#/dl.7z",
            "hash": "b0bc403bb03326b835e239b3bf7c0af277f43eba5421132dc8531204c78b6b25"
        },
        "32bit": {
            "url": "https://github.com/git-for-windows/git/releases/download/v2.37.1.windows.1/PortableGit-2.37.1-32-bit.7z.exe#/dl.7z",
            "hash": "1a32f1de26d52ef866f27db395d8ab6bd9dc4c53bfc0161937b20f8749b4d96b"
        }
    },
    "bin": [
        "cmd\\git.exe",
        "cmd\\gitk.exe",
        "cmd\\git-gui.exe",
        "usr\\bin\\tig.exe",
        "git-bash.exe"
    ],
    "shortcuts": [
        [
            "git-bash.exe",
            "Git Bash",
            "--cd-to-home"
        ],
        [
            "cmd\\git-gui.exe",
            "Git GUI"
        ]
    ],
    "env_set": {
        "GIT_INSTALL_ROOT": "$dir"
    },
    "checkver": {
        "github": "https://github.com/git-for-windows/git",
        "regex": "v([\\w.]+)/PortableGit-(?<full>[\\w.]+)-64-bit"
    },
    "autoupdate": {
        "architecture": {
            "64bit": {
                "url": "https://github.com/git-for-windows/git/releases/download/v$version/PortableGit-$matchFull-64-bit.7z.exe#/dl.7z"
            },
            "32bit": {
                "url": "https://github.com/git-for-windows/git/releases/download/v$version/PortableGit-$matchFull-32-bit.7z.exe#/dl.7z"
            }
        },
        "hash": {
            "url": "https://github.com/git-for-windows/git/releases/tag/v$version",
            "regex": "<td>$basename</td>\\s*<td>$sha256</td>"
        }
    }
}
