{
    "version": "1.16.9",
    "description": "A painless self-hosted Git service",
    "homepage": "https://gitea.io/",
    "license": "MIT",
    "architecture": {
        "64bit": {
            "url": "https://dl.gitea.io/gitea/1.16.9/gitea-1.16.9-windows-4.0-amd64.exe.xz",
            "hash": "37118b6b27b72cac9ab49a3a251526f2c407e4be364a5f4015d7ef9611ca0960"
        },
        "32bit": {
            "url": "https://dl.gitea.io/gitea/1.16.9/gitea-1.16.9-windows-4.0-386.exe.xz",
            "hash": "17f24fa9ab41ec638a402eb1bdc10146118b09431e36ad9748bb1b88f0eb9d7c"
        }
    },
    "installer": {
        "script": [
            "Get-Item \"$dir\\gitea*.exe\" | Rename-Item -NewName 'gitea.exe'",
            "if (!(Test-Path \"$persist_dir\\custom\\conf\")) {",
            "   New-Item \"$persist_dir\\custom\\conf\" -ItemType Directory | Out-Null",
            "}",
            "if (!(Test-Path \"$persist_dir\\custom\\conf\\app.ini\")) {",
            "   @(",
            "       '[database]'",
            "       'DB_TYPE = sqlite3'",
            "       \"PATH = $persist_dir/data/gitea.db\"",
            "       '[repository]'",
            "       \"ROOT = $persist_dir/repositories\"",
            "       '[log]'",
            "       \"ROOT_PATH = $persist_dir/log\"",
            "   ) -replace '\\\\', '/' | Set-Content \"$persist_dir\\custom\\conf\\app.ini\" -Encoding ASCII",
            "}"
        ]
    },
    "bin": "gitea.exe",
    "persist": [
        "custom",
        "repositories",
        "log",
        "data"
    ],
    "checkver": {
        "url": "https://dl.gitea.io/gitea",
        "regex": "Current Release ([\\d.]+)"
    },
    "autoupdate": {
        "architecture": {
            "64bit": {
                "url": "https://dl.gitea.io/gitea/$version/gitea-$version-windows-4.0-amd64.exe.xz"
            },
            "32bit": {
                "url": "https://dl.gitea.io/gitea/$version/gitea-$version-windows-4.0-386.exe.xz"
            }
        },
        "hash": {
            "url": "$url.sha256"
        }
    }
}
