{
    "version": "0.2.0",
    "description": "Keyless Git signing with Sigstore!",
    "homepage": "https://github.com/sigstore/gitsign",
    "license": "Apache-2.0",
    "architecture": {
        "64bit": {
            "url": "https://github.com/sigstore/gitsign/releases/download/v0.2.0/gitsign_0.2.0_windows_amd64.exe#/gitsign.exe",
            "hash": "dfe289903269cd1523bb7a38b23a91b51db58c139270e5cf4bbbfefce2893580"
        }
    },
    "bin": "gitsign.exe",
    "checkver": "github",
    "autoupdate": {
        "architecture": {
            "64bit": {
                "url": "https://github.com/sigstore/gitsign/releases/download/v$version/gitsign_$version_windows_amd64.exe#/gitsign.exe"
            }
        },
        "hash": {
            "url": "$baseurl/checksums.txt",
            "regex": "(?im)^$sha256\\s+$basename$"
        }
    }
}
