{
    "version": "1.5.19",
    "description": "Git tooling of the future",
    "homepage": "https://github.com/Milo123459/glitter",
    "license": "MIT",
    "architecture": {
        "64bit": {
            "url": "https://github.com/Milo123459/glitter/releases/download/v1.5.19/glitter-x86_64-pc-windows-msvc.zip",
            "hash": "c4dbfd4b60f8c4480880987906cc45bccb446fe2f8fe72c00c253634aed5b7b6"
        },
        "32bit": {
            "url": "https://github.com/Milo123459/glitter/releases/download/v1.5.19/glitter-i686-pc-windows-msvc.zip",
            "hash": "33015cade32edfe65e3802c778ccc8c07fd6f5187358796c422bc69c5587c3f6"
        }
    },
    "bin": "glitter.exe",
    "checkver": "github",
    "autoupdate": {
        "architecture": {
            "64bit": {
                "url": "https://github.com/Milo123459/glitter/releases/download/v$version/glitter-x86_64-pc-windows-msvc.zip"
            },
            "32bit": {
                "url": "https://github.com/Milo123459/glitter/releases/download/v$version/glitter-i686-pc-windows-msvc.zip"
            }
        },
        "hash": {
            "url": "$url.sha256"
        }
    }
}
