{
    "version": "0.11.0",
    "description": "CLIs for working with container registries",
    "homepage": "https://github.com/google/go-containerregistry",
    "license": "Apache-2.0",
    "architecture": {
        "64bit": {
            "url": "https://github.com/google/go-containerregistry/releases/download/v0.11.0/go-containerregistry_Windows_x86_64.tar.gz",
            "hash": "050d928e37872e97692614287a1c3c2147a3011c1faa0f7b9f815ea633610fd7"
        }
    },
    "bin": [
        "crane.exe",
        "gcrane.exe"
    ],
    "checkver": "github",
    "autoupdate": {
        "architecture": {
            "64bit": {
                "url": "https://github.com/google/go-containerregistry/releases/download/v$version/go-containerregistry_Windows_x86_64.tar.gz"
            }
        },
        "hash": {
            "url": "$baseurl/checksums.txt"
        }
    }
}
