{
    "version": "1.47.1",
    "description": "Go language linters aggregator",
    "homepage": "https://golangci-lint.run/",
    "license": "GPL-3.0-only",
    "architecture": {
        "64bit": {
            "url": "https://github.com/golangci/golangci-lint/releases/download/v1.47.1/golangci-lint-1.47.1-windows-amd64.zip",
            "hash": "8c2b13e17949311c0459286594bf2c999a67d3500f246d11183a98359b2c5b6f",
            "extract_dir": "golangci-lint-1.47.1-windows-amd64"
        },
        "32bit": {
            "url": "https://github.com/golangci/golangci-lint/releases/download/v1.47.1/golangci-lint-1.47.1-windows-386.zip",
            "hash": "518d3b025bf2be7f130040a841306173ab2771d4b4dceb326f5acc8d66f4d355",
            "extract_dir": "golangci-lint-1.47.1-windows-386"
        }
    },
    "bin": "golangci-lint.exe",
    "checkver": {
        "github": "https://github.com/golangci/golangci-lint"
    },
    "autoupdate": {
        "architecture": {
            "64bit": {
                "url": "https://github.com/golangci/golangci-lint/releases/download/v$version/golangci-lint-$version-windows-amd64.zip",
                "extract_dir": "golangci-lint-$version-windows-amd64"
            },
            "32bit": {
                "url": "https://github.com/golangci/golangci-lint/releases/download/v$version/golangci-lint-$version-windows-386.zip",
                "extract_dir": "golangci-lint-$version-windows-386"
            }
        },
        "hash": {
            "url": "$baseurl/golangci-lint-$version-checksums.txt"
        }
    }
}
