{
    "version": "1.14.3",
    "description": "Gopass Browser Bindings",
    "homepage": "https://www.gopass.pw/",
    "license": "MIT",
    "depends": "gopass",
    "architecture": {
        "64bit": {
            "url": "https://github.com/gopasspw/gopass-jsonapi/releases/download/v1.14.3/gopass-jsonapi-1.14.3-windows-amd64.zip",
            "hash": "87799684456a25bfa963d4d46a71f11c82285dd992de069f7172d96c91c6e4c6"
        }
    },
    "bin": "gopass-jsonapi.exe",
    "checkver": {
        "github": "https://github.com/gopasspw/gopass-jsonapi"
    },
    "autoupdate": {
        "architecture": {
            "64bit": {
                "url": "https://github.com/gopasspw/gopass-jsonapi/releases/download/v$version/gopass-jsonapi-$version-windows-amd64.zip"
            }
        },
        "hash": {
            "url": "$baseurl/gopass-jsonapi_$version_SHA256SUMS"
        }
    }
}
