{
    "version": "0.29.0",
    "description": "A vSphere CLI built on top of govmomi",
    "homepage": "https://github.com/vmware/govmomi",
    "license": "Apache-2.0",
    "architecture": {
        "64bit": {
            "url": "https://github.com/vmware/govmomi/releases/download/v0.29.0/govc_Windows_x86_64.zip",
            "hash": "4d30c09ddfb644d2de88164875d7ead28364efe7bcdf69d8580ca0033df644af"
        }
    },
    "bin": "govc.exe",
    "checkver": "github",
    "autoupdate": {
        "architecture": {
            "64bit": {
                "url": "https://github.com/vmware/govmomi/releases/download/v$version/govc_Windows_x86_64.zip"
            }
        },
        "hash": {
            "url": "$baseurl/checksums.txt"
        }
    }
}
