{
    "version": "7.5",
    "description": "An open-source build automation tool focused on flexibility and performance. (Source code and documentation boundled)",
    "homepage": "https://gradle.org",
    "license": "Apache-2.0",
    "suggest": {
        "JDK": "java/openjdk"
    },
    "url": "https://services.gradle.org/distributions/gradle-7.5-all.zip",
    "hash": "97a52d145762adc241bad7fd18289bf7f6801e08ece6badf80402fe2b9f250b1",
    "extract_dir": "gradle-7.5",
    "bin": "bin\\gradle.bat",
    "checkver": {
        "url": "https://gradle.org/install/",
        "regex": "The current Gradle release is version ([\\d.]+)"
    },
    "autoupdate": {
        "url": "https://services.gradle.org/distributions/gradle-$version-all.zip",
        "hash": {
            "url": "$url.sha256"
        },
        "extract_dir": "gradle-$version"
    }
}
