{
    "version": "7.5",
    "description": "An open-source build automation tool focused on flexibility and performance. (Binaries only without documentation)",
    "homepage": "https://gradle.org",
    "license": "Apache-2.0",
    "suggest": {
        "JDK": "java/openjdk"
    },
    "url": "https://services.gradle.org/distributions/gradle-7.5-bin.zip",
    "hash": "cb87f222c5585bd46838ad4db78463a5c5f3d336e5e2b98dc7c0c586527351c2",
    "extract_dir": "gradle-7.5",
    "bin": "bin\\gradle.bat",
    "checkver": {
        "url": "https://gradle.org/install/",
        "regex": "The current Gradle release is version ([\\d.]+)"
    },
    "autoupdate": {
        "url": "https://services.gradle.org/distributions/gradle-$version-bin.zip",
        "hash": {
            "url": "$url.sha256"
        },
        "extract_dir": "gradle-$version"
    }
}
