{
    "version": "5.1.9",
    "description": "A powerful Groovy-based web application framework for the JVM built on top of Spring Boot.",
    "homepage": "https://grails.org",
    "license": "Apache-2.0",
    "suggest": {
        "JDK": "java/openjdk"
    },
    "url": "https://github.com/grails/grails-core/releases/download/v5.1.9/grails-5.1.9.zip",
    "hash": "80e0b58f01686acc530215e85ff31b979b8bd69e8d8d7723a73eed77c0d95259",
    "extract_dir": "grails-5.1.9",
    "bin": "bin\\grails.bat",
    "env_set": {
        "GRAILS_HOME": "$dir"
    },
    "checkver": {
        "url": "https://github.com/grails/grails-core/releases",
        "regex": "/grails-([\\d.]+)\\.zip"
    },
    "autoupdate": {
        "url": "https://github.com/grails/grails-core/releases/download/v$version/grails-$version.zip",
        "extract_dir": "grails-$version"
    }
}
