{
    "version": "1.3.36",
    "description": "Robust and efficient collection of tools and libraries which support reading, writing, and manipulating an image in over 89 major formats. (24/32 bit pixel support)",
    "homepage": "http://www.graphicsmagick.org/",
    "license": "MIT",
    "architecture": {
        "64bit": {
            "url": "https://downloads.sourceforge.net/project/graphicsmagick/graphicsmagick-binaries/1.3.36/GraphicsMagick-1.3.36-Q8-win64-dll.exe",
            "hash": "sha1:6b6fff1319081890fb85530146c98e63f444d52c"
        },
        "32bit": {
            "url": "https://downloads.sourceforge.net/project/graphicsmagick/graphicsmagick-binaries/1.3.36/GraphicsMagick-1.3.36-Q8-win32-dll.exe",
            "hash": "sha1:a87e26389d0b3d4ddbb6adde9018c0609376a836"
        }
    },
    "innosetup": true,
    "bin": [
        "gm.exe",
        [
            "gm.exe",
            "gm-q8"
        ]
    ],
    "checkver": {
        "url": "https://sourceforge.net/projects/graphicsmagick/files/graphicsmagick-binaries/",
        "regex": "graphicsmagick-binaries/([\\d.]+)"
    },
    "autoupdate": {
        "architecture": {
            "64bit": {
                "url": "https://downloads.sourceforge.net/project/graphicsmagick/graphicsmagick-binaries/$version/GraphicsMagick-$version-Q8-win64-dll.exe"
            },
            "32bit": {
                "url": "https://downloads.sourceforge.net/project/graphicsmagick/graphicsmagick-binaries/$version/GraphicsMagick-$version-Q8-win32-dll.exe"
            }
        }
    }
}
