{
    "version": "5.0.0",
    "description": "Open source graph visualization software.",
    "homepage": "https://www.graphviz.org/",
    "license": "EPL-1.0",
    "architecture": {
        "64bit": {
            "url": "https://gitlab.com/api/v4/projects/4207231/packages/generic/graphviz-releases/5.0.0/windows_10_cmake_Release_graphviz-install-5.0.0-win64.exe#/dl.7z",
            "hash": "1fbb55a7c3812e23018f9068ccce01d135670fde58f1033c69d193edf965629b"
        },
        "32bit": {
            "url": "https://gitlab.com/api/v4/projects/4207231/packages/generic/graphviz-releases/5.0.0/windows_10_cmake_Release_graphviz-install-5.0.0-win32.exe#/dl.7z",
            "hash": "1faad491f70c86427c4dcfeb9eefeafb4fde5cd797a54367cab882a77b21b08a"
        }
    },
    "bin": [
        "bin\\acyclic.exe",
        "bin\\bcomps.exe",
        "bin\\ccomps.exe",
        "bin\\dijkstra.exe",
        "bin\\dot.exe",
        "bin\\gc.exe",
        "bin\\gml2gv.exe",
        "bin\\graphml2gv.exe",
        "bin\\gvcolor.exe",
        "bin\\gvgen.exe",
        "bin\\gvpack.exe",
        "bin\\gxl2gv.exe",
        "bin\\mm2gv.exe",
        "bin\\nop.exe",
        "bin\\sccmap.exe",
        "bin\\tred.exe",
        "bin\\unflatten.exe"
    ],
    "checkver": {
        "url": "https://gitlab.com/graphviz/graphviz/-/tags?format=atom",
        "regex": "/tags/([\\d.]+)<"
    },
    "autoupdate": {
        "architecture": {
            "64bit": {
                "url": "https://gitlab.com/api/v4/projects/4207231/packages/generic/graphviz-releases/$version/windows_10_cmake_Release_graphviz-install-$version-win64.exe#/dl.7z"
            },
            "32bit": {
                "url": "https://gitlab.com/api/v4/projects/4207231/packages/generic/graphviz-releases/$version/windows_10_cmake_Release_graphviz-install-$version-win32.exe#/dl.7z"
            }
        },
        "hash": {
            "url": "$url.sha256",
            "regex": "$sha256\\s*"
        }
    }
}
