{
    "version": "4.0.3",
    "description": "A powerful, optionally typed and dynamic language, with static-typing and static compilation capabilities, for the Java platform aimed at improving developer productivity thanks to a concise, familiar and easy to learn syntax.",
    "homepage": "https://www.groovy-lang.org",
    "license": "Apache-2.0",
    "suggest": {
        "JDK": "java/openjdk",
        "groovyserv": "groovyserv"
    },
    "url": "https://groovy.jfrog.io/artifactory/dist-release-local/groovy-zips/apache-groovy-binary-4.0.3.zip",
    "hash": "ddfc8e26fdcf3626d1c83f28d198c3e4e616a72337ca6e46fcaca09e7a4bb37f",
    "extract_dir": "groovy-4.0.3",
    "bin": [
        "bin\\grape.bat",
        "bin\\groovy.bat",
        "bin\\groovyc.bat",
        "bin\\groovyConsole.bat",
        "bin\\groovydoc.bat",
        "bin\\groovysh.bat",
        "bin\\java2groovy.bat",
        "bin\\startGroovy.bat"
    ],
    "env_set": {
        "GROOVY_HOME": "$dir"
    },
    "checkver": {
        "url": "https://groovy.apache.org/download.html",
        "regex": "apache-groovy-binary-([\\d.]+)\\.zip"
    },
    "autoupdate": {
        "url": "https://groovy.jfrog.io/artifactory/dist-release-local/groovy-zips/apache-groovy-binary-$version.zip",
        "hash": {
            "url": "$url.sha256"
        },
        "extract_dir": "groovy-$version"
    }
}
