{
    "version": "1.3.12",
    "description": "Popular data compression program.",
    "homepage": "http://www.mingw.org/wiki/msys",
    "license": "GPL-2.0-only",
    "url": [
        "https://downloads.sourceforge.net/project/mingw/MSYS/Base/gzip/gzip-1.3.12-2/gzip-1.3.12-2-msys-1.0.13-bin.tar.lzma",
        "https://downloads.sourceforge.net/project/mingw/MSYS/Base/msys-core/msys-1.0.18-1/msysCORE-1.0.18-1-msys-1.0.18-bin.tar.lzma"
    ],
    "hash": [
        "sha1:a8954ccefa9732cd16b68e2fb50bfef281465c78",
        "sha1:36d52ca7066eb6ad0da68c6f31214416f4c9dcec"
    ],
    "bin": "bin\\gzip.exe"
}
