{
    "version": "0.144.0",
    "description": "Command line interface to deploy Kubernetes Helm Charts.",
    "homepage": "https://github.com/roboll/helmfile/",
    "license": "MIT",
    "architecture": {
        "64bit": {
            "url": "https://github.com/roboll/helmfile/releases/download/v0.144.0/helmfile_windows_amd64.exe#/helmfile.exe",
            "hash": "97f0e617977c5518cc92d9982c894eccaeb4c64fa9ae9577e606d2780e66f10b"
        },
        "32bit": {
            "url": "https://github.com/roboll/helmfile/releases/download/v0.144.0/helmfile_windows_386.exe#/helmfile.exe",
            "hash": "3b30897fb08b49e023b134119aafd9d9777ccd5586b3b565805ec8fbd8cbedf8"
        }
    },
    "bin": "helmfile.exe",
    "checkver": "github",
    "autoupdate": {
        "architecture": {
            "64bit": {
                "url": "https://github.com/roboll/helmfile/releases/download/v$version/helmfile_windows_amd64.exe#/helmfile.exe"
            },
            "32bit": {
                "url": "https://github.com/roboll/helmfile/releases/download/v$version/helmfile_windows_386.exe#/helmfile.exe"
            }
        }
    }
}
