{
    "version": "3.9.1",
    "description": "The package manager for Kubernetes",
    "homepage": "https://helm.sh",
    "license": "Apache-2.0",
    "architecture": {
        "64bit": {
            "url": "https://get.helm.sh/helm-v3.9.1-windows-amd64.zip",
            "hash": "9d6c1f4a2b328be15c548665e49e1628ebb4246258ab2cba6e0ee893b9881314",
            "extract_dir": "windows-amd64"
        }
    },
    "bin": "helm.exe",
    "checkver": {
        "url": "https://github.com/kubernetes/helm/releases",
        "regex": "/tag/v(3\\.[\\d.]+)\""
    },
    "autoupdate": {
        "architecture": {
            "64bit": {
                "url": "https://get.helm.sh/helm-v$version-windows-amd64.zip"
            }
        },
        "hash": {
            "url": "$url.sha256"
        }
    }
}
