{
    "version": "7.60.2",
    "description": "An essential part of using Heroku, which can perform nearly any Heroku-related task right from your terminal.",
    "homepage": "https://devcenter.heroku.com/articles/heroku-cli",
    "license": "ISC",
    "architecture": {
        "64bit": {
            "url": "https://cli-assets.heroku.com/heroku-win32-x64.tar.xz#/dl.xz",
            "hash": "99561513c1e3f84125e1ee0deefaa8bf2911443fbd6ab051c7d51ff76bc57037"
        },
        "32bit": {
            "url": "https://cli-assets.heroku.com/heroku-win32-x86.tar.xz#/dl.xz",
            "hash": "62ae972d037ef6de876bd5bbf59315a8047d34e5bd1413609929073134693d8e"
        }
    },
    "pre_install": [
        "Invoke-ExternalCommand (Get-HelperPath '7zip') -ArgumentList @(",
        "    'x'",
        "    \"$dir\\dl\"",
        "    \"-o`\"$dir\\dlo`\"\"",
        "    '-bso0'",
        "    '-bd'",
        "    '-bse0'",
        ") -ContinueExitCodes @{ 2 = 'Can not create symlink while running from un-elevated prompt. Installation is not affected.'} | Out-Null",
        "Move-Item \"$dir\\dlo\\heroku\\*\" \"$dir\"",
        "Remove-Item \"$dir\\dl*\" -Recurse"
    ],
    "bin": "bin\\heroku.cmd",
    "checkver": {
        "url": "https://cli-assets.heroku.com/version",
        "jsonpath": "$.version"
    },
    "autoupdate": {
        "architecture": {
            "64bit": {
                "url": "https://cli-assets.heroku.com/heroku-win32-x64.tar.xz#/dl.xz",
                "hash": {
                    "url": "https://cli-assets.heroku.com/win32-x64",
                    "jsonpath": "$.sha256xz"
                }
            },
            "32bit": {
                "url": "https://cli-assets.heroku.com/heroku-win32-x86.tar.xz#/dl.xz",
                "hash": {
                    "url": "https://cli-assets.heroku.com/win32-x86",
                    "jsonpath": "$.sha256xz"
                }
            }
        }
    }
}
