{
    "version": "0.10.0",
    "description": "Hex viewer, which uses colored output to distinguish different categories of bytes.",
    "homepage": "https://github.com/sharkdp/hexyl",
    "license": "Apache-2.0",
    "architecture": {
        "64bit": {
            "url": "https://github.com/sharkdp/hexyl/releases/download/v0.10.0/hexyl-v0.10.0-x86_64-pc-windows-msvc.zip",
            "hash": "cff955c53eb622f500ce1cde29e15ab62456315c2ad2edf4eb06fd1604ae3113",
            "extract_dir": "hexyl-v0.10.0-x86_64-pc-windows-msvc"
        },
        "32bit": {
            "url": "https://github.com/sharkdp/hexyl/releases/download/v0.10.0/hexyl-v0.10.0-i686-pc-windows-msvc.zip",
            "hash": "52e01ee41268350a36e15ce6de683221f2382c5b38763c806de2e436635709ed",
            "extract_dir": "hexyl-v0.10.0-i686-pc-windows-msvc"
        }
    },
    "bin": "hexyl.exe",
    "checkver": "github",
    "autoupdate": {
        "architecture": {
            "64bit": {
                "url": "https://github.com/sharkdp/hexyl/releases/download/v$version/hexyl-v$version-x86_64-pc-windows-msvc.zip",
                "extract_dir": "hexyl-v$version-x86_64-pc-windows-msvc"
            },
            "32bit": {
                "url": "https://github.com/sharkdp/hexyl/releases/download/v$version/hexyl-v$version-i686-pc-windows-msvc.zip",
                "extract_dir": "hexyl-v$version-i686-pc-windows-msvc"
            }
        }
    }
}
