{
    "version": "4.2",
    "description": "Converts source code to formatted text with syntax highlighting.",
    "homepage": "http://www.andre-simon.de/doku/highlight/en/highlight.php",
    "license": "GPL-3.0-only",
    "notes": "You need to set the working directory of the shortcut to '$dir'",
    "architecture": {
        "64bit": {
            "url": "http://www.andre-simon.de/zip/highlight-4.2-x64.zip",
            "hash": "3a0f336aba90b8baee6483d0dc26c7614ad732131c434076d3266e1d0b90a165",
            "extract_dir": "highlight-4.2-x64"
        },
        "32bit": {
            "url": "http://www.andre-simon.de/zip/highlight-4.2.zip",
            "hash": "44b677ab5b95f8f5bd653c68447f8e020f7693d689bf2ca04d6feb80b4835bef",
            "extract_dir": "highlight-4.2"
        }
    },
    "bin": "highlight.exe",
    "shortcuts": [
        [
            "highlight-gui.exe",
            "Highlight"
        ]
    ],
    "checkver": {
        "url": "https://gitlab.com/saalen/highlight/-/tags",
        "regex": "v([\\d.]+)</a>"
    },
    "autoupdate": {
        "architecture": {
            "64bit": {
                "url": "http://www.andre-simon.de/zip/highlight-$version-x64.zip",
                "hash": {
                    "url": "http://www.andre-simon.de/zip/download.php",
                    "regex": "$sha256</code>\\s+\\|\\s+<a href=\"highlight-[\\d.]+-x64\\.zip"
                },
                "extract_dir": "highlight-$version-x64"
            },
            "32bit": {
                "url": "http://www.andre-simon.de/zip/highlight-$version.zip",
                "hash": {
                    "url": "http://www.andre-simon.de/zip/download.php",
                    "regex": "$sha256</code>\\s+\\|\\s+<a href=\"highlight-[\\d.]+\\.zip"
                },
                "extract_dir": "highlight-$version"
            }
        }
    }
}
