{
    "version": "0.101.0",
    "description": "Speedy and flexible static site generator (without Sass/SCSS support)",
    "homepage": "https://gohugo.io",
    "license": "Apache-2.0",
    "architecture": {
        "64bit": {
            "url": "https://github.com/gohugoio/hugo/releases/download/v0.101.0/hugo_0.101.0_windows-64bit.zip",
            "hash": "149908ea5eb554d77e4ad53a92d6d712582ebc9bde95ae9fa06f62a7c0b4f0b5"
        },
        "32bit": {
            "url": "https://github.com/gohugoio/hugo/releases/download/v0.101.0/hugo_0.101.0_windows-32bit.zip",
            "hash": "56d47716de0a87aa0d74e11fdc83393124f64bcc745ee1ab8836daa263b9d566"
        }
    },
    "bin": "hugo.exe",
    "checkver": {
        "github": "https://github.com/gohugoio/hugo"
    },
    "autoupdate": {
        "architecture": {
            "64bit": {
                "url": "https://github.com/gohugoio/hugo/releases/download/v$version/hugo_$version_windows-64bit.zip"
            },
            "32bit": {
                "url": "https://github.com/gohugoio/hugo/releases/download/v$version/hugo_$version_windows-32bit.zip"
            }
        },
        "hash": {
            "url": "$baseurl/hugo_$version_checksums.txt"
        }
    }
}
