{
    "version": "2.9.0",
    "description": "The command line client for IBM Cloud",
    "homepage": "https://www.ibm.com/cloud/cli",
    "license": {
        "identifier": "Apache-2.0",
        "url": "https://cloud.ibm.com/media/docs/downloads/oss-licensing-info/IBMCloud-CLI-OSS-Licenses.txt"
    },
    "architecture": {
        "64bit": {
            "url": "https://download.clis.cloud.ibm.com/ibm-cloud-cli/2.9.0/binaries/IBM_Cloud_CLI_2.9.0_windows_amd64.zip",
            "hash": "8f4d111b688147ef3362f61b287be2382f62331271c102b053e22ab4940af05c"
        },
        "32bit": {
            "url": "https://download.clis.cloud.ibm.com/ibm-cloud-cli/2.9.0/binaries/IBM_Cloud_CLI_2.9.0_windows_386.zip",
            "hash": "a95a8e6918f03fbecc4abc7493465a3651ba63c7d7a29aa56bc202bda2745b0c"
        }
    },
    "extract_dir": "IBM_Cloud_CLI",
    "bin": "ibmcloud.exe",
    "env_set": {
        "IBMCLOUD_HOME": "$dir\\config"
    },
    "persist": "config",
    "checkver": {
        "url": "https://download.clis.cloud.ibm.com/ibm-cloud-cli-metadata/info.json",
        "jsonpath": "$.latest_version"
    },
    "autoupdate": {
        "architecture": {
            "64bit": {
                "url": "https://download.clis.cloud.ibm.com/ibm-cloud-cli/$version/binaries/IBM_Cloud_CLI_$version_windows_amd64.zip"
            },
            "32bit": {
                "url": "https://download.clis.cloud.ibm.com/ibm-cloud-cli/$version/binaries/IBM_Cloud_CLI_$version_windows_386.zip"
            }
        }
    }
}
