{
    "version": "7.1.0",
    "description": "Create, edit, compose, and convert 200+ of bitmap images formats.",
    "homepage": "https://imagemagick.org/",
    "license": "ImageMagick",
    "architecture": {
        "64bit": {
            "url": "https://imagemagick.org/archive/binaries/ImageMagick-7.1.0-portable-Q16-HDRI-x64.zip",
            "hash": "feaf76f454f22cc2b693991bf95c7396c55392b8d662692a44e47536af1ecdaa"
        },
        "32bit": {
            "url": "https://imagemagick.org/archive/binaries/ImageMagick-7.1.0-portable-Q16-HDRI-x86.zip",
            "hash": "eaf189d1860ad1dafcf226a460a37876cfdfbd35b9d081eefc0e3bc9787c2862"
        }
    },
    "bin": [
        "magick.exe",
        "dcraw.exe",
        "IMDisplay.exe"
    ],
    "notes": [
        "- This manifest contains the barebones ImageMagick installation.",
        "- For appropriate programming DLLs and environment variables, install 'imagemagick' instead."
    ],
    "checkver": {
        "url": "https://imagemagick.org/archive/binaries/?C=N;O=D",
        "regex": "ImageMagick-([\\d.-]+)-portable-Q16-HDRI-x64\\.zip\\.asc"
    },
    "autoupdate": {
        "architecture": {
            "64bit": {
                "url": "https://imagemagick.org/archive/binaries/ImageMagick-$version-portable-Q16-HDRI-x64.zip"
            },
            "32bit": {
                "url": "https://imagemagick.org/archive/binaries/ImageMagick-$version-portable-Q16-HDRI-x86.zip"
            }
        },
        "hash": {
            "mode": "rdf",
            "url": "https://imagemagick.org/archive/binaries/digest.rdf"
        }
    }
}
