{
    "version": "2.3.0",
    "description": "CLI for InfluxDB 2.1+",
    "homepage": "https://www.influxdata.com/",
    "license": "MIT",
    "architecture": {
        "64bit": {
            "url": "https://dl.influxdata.com/influxdb/releases/influxdb2-client-2.3.0-windows-amd64.zip",
            "hash": "a2ccaac55725f5d1ebc46399845df56d9f4584e553fcb5485ef829200b8b7a17",
            "extract_dir": "influxdb2-client-2.3.0-windows-amd64"
        }
    },
    "bin": "influx.exe",
    "checkver": {
        "url": "https://portal.influxdata.com/versions.json",
        "jsonpath": "$.influxdb2_cloud_cli.version",
        "regex": "([\\d.]+)"
    },
    "autoupdate": {
        "architecture": {
            "64bit": {
                "url": "https://dl.influxdata.com/influxdb/releases/influxdb2-client-$version-windows-amd64.zip",
                "hash": {
                    "url": "https://portal.influxdata.com/versions.json",
                    "jsonpath": "$.influxdb2_cloud_cli.downloads[?(@.platform =~ /^Windows/)].sha256"
                },
                "extract_dir": "influxdb2-client-$version-windows-amd64"
            }
        }
    }
}
