{
    "version": "2.3.0",
    "description": "Scalable datastore for metrics, events, and real-time analytics.",
    "homepage": "https://www.influxdata.com/",
    "license": "MIT",
    "notes": [
        "InfluxDB v1 has been moved to 'Versions' bucket, use 'scoop install versions/influxdb1' to install it.",
        "For CLI, please install 'influx'."
    ],
    "architecture": {
        "64bit": {
            "url": "https://dl.influxdata.com/influxdb/releases/influxdb2-2.3.0-windows-amd64.zip",
            "hash": "b3a6621f8af121d824ef9f872150c76d92916bf4ead3b9ef08308dde9b10f3c6",
            "extract_dir": "influxdb2-2.3.0-windows-amd64"
        }
    },
    "bin": "influxd.exe",
    "checkver": {
        "url": "https://portal.influxdata.com/versions.json",
        "jsonpath": "$.influxdb2.version",
        "regex": "([\\d.]+)"
    },
    "autoupdate": {
        "architecture": {
            "64bit": {
                "url": "https://dl.influxdata.com/influxdb/releases/influxdb2-$version-windows-amd64.zip",
                "hash": {
                    "url": "https://portal.influxdata.com/versions.json",
                    "jsonpath": "$.influxdb2.downloads[?(@.platform =~ /^Windows/)].sha256"
                },
                "extract_dir": "influxdb2-$version-windows-amd64"
            }
        }
    }
}
