{
    "version": "5.9.10",
    "description": "Build Automation in PowerShell",
    "homepage": "https://github.com/nightroman/Invoke-Build",
    "license": "Apache-2.0",
    "url": "https://nuget.org/api/v2/package/Invoke-Build/5.9.10#/dl.7z",
    "hash": "0a8436a06f2e05e2fa3048126b1d48843a7edb2f9887e12196c997d8e3f72cb2",
    "extract_dir": "tools",
    "env_add_path": ".",
    "checkver": {
        "url": "https://github.com/nightroman/Invoke-Build/tags",
        "regex": "releases/tag/v([\\d.]+)"
    },
    "autoupdate": {
        "url": "https://nuget.org/api/v2/package/Invoke-Build/$version#/dl.7z"
    }
}
