{
    "version": "12-20220611",
    "description": "Compiler for IEEE-1364 Verilog hardware description language.",
    "homepage": "http://bleyer.org/icarus/",
    "license": "GPL-2.0-or-later",
    "architecture": {
        "64bit": {
            "url": "http://bleyer.org/icarus/iverilog-v12-20220611-x64_setup.exe",
            "hash": "a614057374dfaed5da0fe454cdeb410e54981fd85dbd28bd472f4ccb765deb84"
        }
    },
    "innosetup": true,
    "bin": [
        "bin\\iverilog.exe",
        "bin\\iverilog-vpi.exe",
        "bin\\vvp.exe",
        "gtkwave\\bin\\gtkwave.exe"
    ],
    "env_add_path": "bin",
    "checkver": "iverilog-v([\\d.-]+)-x64_setup\\.exe",
    "autoupdate": {
        "architecture": {
            "64bit": {
                "url": "http://bleyer.org/icarus/iverilog-v$version-x64_setup.exe"
            }
        }
    }
}
