{
    "version": "1.14.0-202207200759",
    "description": "Java language server",
    "homepage": "https://projects.eclipse.org/projects/eclipse.jdt.ls",
    "license": "EPL-2.0",
    "suggest": {
        "JDK": "java/openjdk",
        "Python": "python"
    },
    "url": "https://download.eclipse.org/jdtls/snapshots/jdt-language-server-1.14.0-202207200759.tar.gz",
    "hash": "5cff4b72a21e32913a695adb4ea755ad9c3a749621c6b693a26178b2c34633bb",
    "installer": {
        "script": "shim (search_in_path python.exe) $global jdtls \"$dir\\bin\\jdtls\""
    },
    "uninstaller": {
        "script": "rm_shim jdtls (shimdir $global) jdtls"
    },
    "checkver": {
        "url": "https://download.eclipse.org/jdtls/snapshots/latest.txt",
        "regex": "jdt-language-server-([\\d.]+)-(\\d+)",
        "replace": "${1}-${2}"
    },
    "autoupdate": {
        "url": "https://download.eclipse.org/jdtls/snapshots/jdt-language-server-$match1-$match2.tar.gz",
        "hash": {
            "url": "$url.sha256"
        }
    }
}
