{
    "version": "2.360",
    "description": "An automation server which enables developers around the world to reliably build, test, and deploy their software.",
    "homepage": "https://www.jenkins.io",
    "license": "MIT",
    "suggest": {
        "Java 8": "java/oraclejre8",
        "Java 11": "java/openjdk11"
    },
    "url": "https://get.jenkins.io/war/2.360/jenkins.war#/jenkins.jar",
    "hash": "4a73119d0237df66ec21f33cbd5fb311bdf209ef7286024b0275d99e0b96c699",
    "bin": "jenkins.jar",
    "checkver": {
        "url": "https://www.jenkins.io/changelog/rss.xml",
        "xpath": "/rss/channel/item/title",
        "regex": "Jenkins ([\\d.]+)"
    },
    "autoupdate": {
        "url": "https://get.jenkins.io/war/$version/jenkins.war#/jenkins.jar",
        "hash": {
            "url": "$url.sha256"
        }
    }
}
