{
    "version": "2.21.4",
    "description": "Command line interface for Artifactory and Bintray",
    "homepage": "https://jfrog.com/getcli/",
    "license": "Apache-2.0",
    "architecture": {
        "64bit": {
            "url": "https://releases.jfrog.io/artifactory/jfrog-cli/v2/2.21.4/jfrog-cli-windows-amd64/jfrog.exe",
            "hash": "e90c9a3f3d13c62d4af7782f4efe82fa8472836201323432a8fb7d0e1498394e"
        }
    },
    "bin": "jfrog.exe",
    "checkver": {
        "url": "https://github.com/jfrog/jfrog-cli/releases",
        "regex": "tag/v(2\\.[\\d.]+)"
    },
    "autoupdate": {
        "architecture": {
            "64bit": {
                "url": "https://releases.jfrog.io/artifactory/jfrog-cli/v$majorVersion/$version/jfrog-cli-windows-amd64/jfrog.exe"
            }
        },
        "hash": {
            "url": "$url.sha256"
        }
    }
}
