{
    "version": "1.7.3",
    "description": "A programming language that is a fresh approach to technical computing.",
    "homepage": "https://julialang.org",
    "license": "MIT",
    "architecture": {
        "64bit": {
            "url": "https://julialang-s3.julialang.org/bin/winnt/x64/1.7/julia-1.7.3-win64.zip",
            "hash": "b70b174615d58ecb5544b31bc17433a3547cee4336a5bea96c79c675117dc5f5",
            "extract_dir": "julia-1.7.3"
        },
        "32bit": {
            "url": "https://julialang-s3.julialang.org/bin/winnt/x86/1.7/julia-1.7.3-win32.zip",
            "hash": "89ba625a992dbbfbbab73c3851b0fca9a0dfc81b935460d9a292f53af823d3f9",
            "extract_dir": "julia-1.7.3"
        }
    },
    "bin": "bin\\julia.exe",
    "checkver": {
        "url": "https://julialang.org/downloads/",
        "regex": "Current stable release: v([\\d.]+)"
    },
    "autoupdate": {
        "architecture": {
            "64bit": {
                "url": "https://julialang-s3.julialang.org/bin/winnt/x64/$majorVersion.$minorVersion/julia-$version-win64.zip",
                "extract_dir": "julia-$version"
            },
            "32bit": {
                "url": "https://julialang-s3.julialang.org/bin/winnt/x86/$majorVersion.$minorVersion/julia-$version-win32.zip",
                "extract_dir": "julia-$version"
            }
        },
        "hash": {
            "url": "https://julialang-s3.julialang.org/bin/checksums/julia-$version.sha256"
        }
    },
    "shortcuts": [
        [
            "bin\\julia.exe",
            "Julia"
        ]
    ]
}
