{
    "version": "1.2.0",
    "description": "A command runner written in rust",
    "homepage": "https://just.systems",
    "license": "CC0-1.0",
    "architecture": {
        "64bit": {
            "url": "https://github.com/casey/just/releases/download/1.2.0/just-1.2.0-x86_64-pc-windows-msvc.zip",
            "hash": "59c037709cfdb98e1be1e43075ebf3a7c1cd08920dc088df68676a9c3168d57b"
        }
    },
    "bin": "just.exe",
    "checkver": {
        "github": "https://github.com/casey/just"
    },
    "autoupdate": {
        "architecture": {
            "64bit": {
                "url": "https://github.com/casey/just/releases/download/$version/just-$version-x86_64-pc-windows-msvc.zip"
            }
        }
    }
}
