{
    "version": "1.24.2+k0s.0",
    "description": "Zero Friction Kubernetes distribution",
    "homepage": "https://github.com/k0sproject/k0s",
    "license": "Apache-2.0",
    "architecture": {
        "64bit": {
            "url": "https://github.com/k0sproject/k0s/releases/download/v1.24.2+k0s.0/k0s-v1.24.2+k0s.0-amd64.exe#/k0s.exe",
            "hash": "182d32ce222b3c0fb5ff2a5b07e13929c986654aa16e916b96808f743557a840"
        }
    },
    "bin": "k0s.exe",
    "checkver": {
        "url": "https://github.com/k0sproject/k0s/releases",
        "regex": "v([\\d.]+\\+k0s[\\d.]+)"
    },
    "autoupdate": {
        "architecture": {
            "64bit": {
                "url": "https://github.com/k0sproject/k0s/releases/download/v$version/k0s-v$version-amd64.exe#/k0s.exe"
            }
        }
    }
}
