{
    "version": "5.4.4",
    "description": "Creates multi-node k3s cluster on a single machine using docker",
    "homepage": "https://github.com/rancher/k3d",
    "license": "MIT",
    "suggest": {
        "docker": [
            "docker",
            "docker-nightly",
            "docker-machine"
        ]
    },
    "architecture": {
        "64bit": {
            "url": "https://github.com/rancher/k3d/releases/download/v5.4.4/k3d-windows-amd64.exe#/k3d.exe",
            "hash": "e104c1f93ac9372807554e99736980b5a1c2dcaa2434f45875df1a0355c0beec"
        }
    },
    "bin": "k3d.exe",
    "checkver": "github",
    "autoupdate": {
        "architecture": {
            "64bit": {
                "url": "https://github.com/rancher/k3d/releases/download/v$version/k3d-windows-amd64.exe#/k3d.exe"
            }
        }
    }
}
