{
    "version": "0.39.0",
    "description": "Load and performance regression testing tool for cloud native backend infrastructure",
    "homepage": "https://k6.io",
    "license": "AGPL-3.0",
    "architecture": {
        "64bit": {
            "url": "https://github.com/grafana/k6/releases/download/v0.39.0/k6-v0.39.0-windows-amd64.zip",
            "hash": "39c1e4bc91d5b8778e7d5ce38c4d2c95930ad4a360c63ddfb3ba8c3faa924a20",
            "extract_dir": "k6-v0.39.0-windows-amd64"
        }
    },
    "bin": "k6.exe",
    "checkver": {
        "github": "https://github.com/grafana/k6"
    },
    "autoupdate": {
        "architecture": {
            "64bit": {
                "url": "https://github.com/grafana/k6/releases/download/v$version/k6-v$version-windows-amd64.zip",
                "extract_dir": "k6-v$version-windows-amd64"
            }
        },
        "hash": {
            "url": "$baseurl/k6-v$version-checksums.txt"
        }
    }
}
