{
    "version": "0.26.0",
    "description": "Kubernetes Clusters manager",
    "homepage": "https://github.com/derailed/k9s",
    "license": "Apache-2.0",
    "architecture": {
        "64bit": {
            "url": "https://github.com/derailed/k9s/releases/download/v0.26.0/k9s_Windows_x86_64.tar.gz",
            "hash": "3bc64b2c4988002f37913c203344b618124e2d7092455224fb32d82e7dd31a42"
        }
    },
    "bin": "k9s.exe",
    "checkver": "github",
    "autoupdate": {
        "architecture": {
            "64bit": {
                "url": "https://github.com/derailed/k9s/releases/download/v$version/k9s_Windows_x86_64.tar.gz"
            }
        },
        "hash": {
            "url": "$baseurl/checksums.txt"
        }
    }
}
