{
    "version": "0.49.0",
    "description": "A simple deployment tool focused on the concept of Kubernetes application",
    "homepage": "https://carvel.dev/kapp/",
    "license": "Apache-2.0",
    "architecture": {
        "64bit": {
            "url": "https://github.com/vmware-tanzu/carvel-kapp/releases/download/v0.49.0/kapp-windows-amd64.exe#/kapp.exe",
            "hash": "5343bec1f6788bff6c2fa953e4e484cd6245d88df38d73e5bb7c79111c4be484"
        }
    },
    "bin": "kapp.exe",
    "checkver": {
        "github": "https://github.com/vmware-tanzu/carvel-kapp"
    },
    "autoupdate": {
        "architecture": {
            "64bit": {
                "url": "https://github.com/vmware-tanzu/carvel-kapp/releases/download/v$version/kapp-windows-amd64.exe#/kapp.exe"
            }
        },
        "hash": {
            "url": "https://github.com/vmware-tanzu/carvel-kapp/releases/tag/v$version",
            "regex": "$sha256\\s+(\\./)?$basename"
        }
    }
}
