{
    "version": "1.2.0",
    "description": "Test automation tool that combines API test-automation, mocks, performance-testing and UI automation into a single framework.",
    "homepage": "https://karatelabs.github.io/karate/",
    "license": "MIT",
    "suggest": {
        "Java": "java/openjdk"
    },
    "url": "https://github.com/karatelabs/karate/releases/download/v1.2.0/karate-1.2.0.zip",
    "hash": "2409af2123fa6afe238a2e572844fb6fad0155698d54066c51c7f7955d44491d",
    "extract_dir": "karate-1.2.0",
    "pre_install": [
        "$cont = Get-Content \"$dir\\karate.bat\"",
        "$cont = 'cd /d \"%~dp0\"' + \"`r`n\" + $cont",
        "Set-Content \"$dir\\karate.bat\" $cont -Encoding ascii"
    ],
    "bin": "karate.bat",
    "persist": "target",
    "checkver": {
        "github": "https://github.com/karatelabs/karate"
    },
    "autoupdate": {
        "url": "https://github.com/karatelabs/karate/releases/download/v$version/karate-$version.zip",
        "extract_dir": "karate-$version"
    }
}
