{
    "homepage": "https://github.com/xtaci/kcptun",
    "description": "A Stable & Secure Tunnel based on KCP with N:M multiplexing and FEC.",
    "version": "20220628",
    "license": "MIT",
    "architecture": {
        "64bit": {
            "url": "https://github.com/xtaci/kcptun/releases/download/v20220628/kcptun-windows-amd64-20220628.tar.gz",
            "hash": "sha1:691aaa4070a6908834d7471569d7938d7af22277",
            "bin": [
                [
                    "client_windows_amd64.exe",
                    "kcptun-client"
                ],
                [
                    "server_windows_amd64.exe",
                    "kcptun-server"
                ]
            ]
        },
        "32bit": {
            "url": "https://github.com/xtaci/kcptun/releases/download/v20220628/kcptun-windows-386-20220628.tar.gz",
            "hash": "sha1:7de19bad0ad15a6f61b9051af86a74edf9dee10c",
            "bin": [
                [
                    "client_windows_386.exe",
                    "kcptun-client"
                ],
                [
                    "server_windows_386.exe",
                    "kcptun-server"
                ]
            ]
        }
    },
    "checkver": "github",
    "autoupdate": {
        "architecture": {
            "64bit": {
                "url": "https://github.com/xtaci/kcptun/releases/download/v$version/kcptun-windows-amd64-$version.tar.gz"
            },
            "32bit": {
                "url": "https://github.com/xtaci/kcptun/releases/download/v$version/kcptun-windows-386-$version.tar.gz"
            }
        },
        "hash": {
            "url": "https://github.com/xtaci/kcptun/releases"
        }
    }
}
