{
    "version": "12.0.1",
    "description": "Professional text and hex editor with Binary Templates technology.",
    "homepage": "https://www.sweetscape.com/010editor/",
    "license": {
        "identifier": "Proprietary",
        "url": "https://www.sweetscape.com/010editor/manual/License.htm"
    },
    "notes": "This is a free 30-day trial version. Please buy a copy of it for furthur evaluation.",
    "innosetup": true,
    "architecture": {
        "64bit": {
            "url": "https://download.sweetscape.com/010EditorWin64Portable12.0.1.exe#/dl.exe",
            "hash": "e4acec2bdc2c0b90037191b5cfa4c48282087f71241e945e62982176ad364840"
        },
        "32bit": {
            "url": "https://download.sweetscape.com/010EditorWin32Portable12.0.1.exe#/dl.exe",
            "hash": "9b7e28164933a0651824f541378f1a81e44ac100c8afb967d623079c23055501"
        }
    },
    "bin": [
        [
            "AppData\\010Editor.exe",
            "010editor"
        ]
    ],
    "shortcuts": [
        [
            "AppData\\010Editor.exe",
            "010 Editor"
        ]
    ],
    "persist": [
        "AppData\\Config",
        "AppData\\Data",
        "AppData\\Plugins",
        "010 Scripts",
        "010 Templates",
        "AppData\\Temp"
    ],
    "checkver": {
        "url": "https://www.sweetscape.com/download/previous/",
        "regex": "Download 010 Editor v([\\d.]+)"
    },
    "autoupdate": {
        "architecture": {
            "64bit": {
                "url": "https://download.sweetscape.com/010EditorWin64Portable$version.exe#/dl.exe"
            },
            "32bit": {
                "url": "https://download.sweetscape.com/010EditorWin32Portable$version.exe#/dl.exe"
            }
        }
    }
}
