{
    "version": "1.85",
    "description": "Tool for Installing Nvidia 3D Vision Fixes and changing 3D related settings such as 3D depth and convergence while gaming.",
    "homepage": "http://helixmod.blogspot.com/2017/05/3d-fix-manager.html",
    "license": "Freeware",
    "architecture": {
        "64bit": {
            "url": "http://fixmanager.markus-guendert.de/downloads/fix_manager_1.85.zip",
            "hash": "8c9e56eea7b7e614113772e1633f0c9bf832c819ea2c0ab4bff28d33a15544fc"
        }
    },
    "bin": "3DFixManager.exe",
    "shortcuts": [
        [
            "3DFixManager.exe",
            "3D Fix Manager"
        ]
    ],
    "persist": [
        "updateFixes",
        "3DFixManager.exe.config"
    ],
    "checkver": {
        "url": "http://fixmanager.markus-guendert.de/download.php",
        "regex": "fix_manager_([\\d.]+)\\.zip"
    },
    "autoupdate": {
        "architecture": {
            "64bit": {
                "url": "http://fixmanager.markus-guendert.de/downloads/fix_manager_$version.zip"
            }
        }
    }
}
