{
    "version": "1.0.39",
    "description": "Unofficial Telegram Desktop with some enhancements.",
    "homepage": "https://64gr.am",
    "license": {
        "identifier": "GPL-3.0-openssl-exception",
        "url": "https://github.com/TDesktop-x64/tdesktop/blob/dev/LICENSE"
    },
    "architecture": {
        "64bit": {
            "url": "https://github.com/TDesktop-x64/tdesktop/releases/download/v1.0.39/64Gram_1.0.39_x64.zip",
            "hash": "2397203457b28a62a1596cd09c550792723e7f7556f9ba2d47e751f6741e40a0"
        },
        "32bit": {
            "url": "https://github.com/TDesktop-x64/tdesktop/releases/download/v1.0.39/64Gram_1.0.39_x86.zip",
            "hash": "04cdd70bad5211ed34ef2fda935dbb6213d3ecbdc3f998270726fe9e76f87ca4"
        }
    },
    "pre_install": "if (Test-Path \"$persist_dir\\log.txt\") { Copy-Item \"$persist_dir\\log.txt\" \"$dir\\\" }",
    "pre_uninstall": "if (Test-Path \"$dir\\log.txt\") { Copy-Item \"$dir\\log.txt\" \"$persist_dir\\\" }",
    "bin": [
        [
            "Telegram.exe",
            "64Gram"
        ]
    ],
    "shortcuts": [
        [
            "Telegram.exe",
            "64Gram"
        ]
    ],
    "persist": "tdata",
    "checkver": {
        "github": "https://github.com/TDesktop-x64/tdesktop"
    },
    "autoupdate": {
        "architecture": {
            "64bit": {
                "url": "https://github.com/TDesktop-x64/tdesktop/releases/download/v$version/64Gram_$version_x64.zip"
            },
            "32bit": {
                "url": "https://github.com/TDesktop-x64/tdesktop/releases/download/v$version/64Gram_$version_x86.zip"
            }
        }
    }
}
