{
    "version": "5.13",
    "description": "Allows you to configure various aspects of the Windows taskbar.",
    "homepage": "https://rammichael.com/7-taskbar-tweaker",
    "license": "Unknown",
    "url": "https://rammichael.com/downloads/7tt_setup.exe",
    "hash": "cf670147448e2fcd0057199c68b1094103e85d1a6a54449676169d2b3e500a7b",
    "bin": "7+ Taskbar Tweaker.exe",
    "pre_install": "if(!(test-path \"$persist_dir\\7+ Taskbar Tweaker.ini\")) { Add-Content \"$dir\\7+ Taskbar Tweaker.ini\" \"[Config]`r`nupdcheckauto=0`r`nupdcheck=0\" }",
    "installer": {
        "args": [
            "/portable",
            "/S",
            "/D=$dir"
        ]
    },
    "persist": "7+ Taskbar Tweaker.ini",
    "shortcuts": [
        [
            "7+ Taskbar Tweaker.exe",
            "7+ Taskbar Tweaker"
        ]
    ],
    "checkver": "Latest version: v([\\d.]+)",
    "autoupdate": {
        "url": "https://rammichael.com/downloads/7tt_setup.exe"
    }
}
