{
    "version": "0.6.3",
    "description": "A tool which can help you bypass SNI RST",
    "homepage": "https://urenko.github.io/Accesser/",
    "license": "GPL-3.0-only",
    "url": "https://github.com/URenko/Accesser/releases/download/v0.6.3/Accesser.exe",
    "hash": "3896d2eba4b0b1c54aea982b6ae83d7718c41b1d36d06e661a8b01b1b19a84d0",
    "persist": "config.json",
    "bin": "Accesser.exe",
    "shortcuts": [
        [
            "Accesser.exe",
            "Accesser"
        ]
    ],
    "pre_install": [
        "if (!(Test-Path \"$persist_dir\\config.json\")) {",
        "    New-Item -Force -Path \"$dir\" -Name 'config.json' -Value '{}' | Out-Null",
        "}"
    ],
    "checkver": {
        "github": "https://github.com/URenko/Accesser"
    },
    "autoupdate": {
        "url": "https://github.com/URenko/Accesser/releases/download/v$version/Accesser.exe",
        "hash": {
            "url": "https://github.com/URenko/Accesser/releases/tag/v$version",
            "regex": "SHA256: $sha256"
        }
    }
}
