{
    "version": "5.17.1",
    "description": "Multi-protocol and Java-based message broker",
    "homepage": "https://activemq.apache.org",
    "license": "Apache-2.0",
    "suggest": {
        "java": [
            "java/openjdk9",
            "java/corretto8-jre"
        ]
    },
    "notes": "Install service manually via '$dir\\bin\\winXX\\InstallService.bat'",
    "url": "https://downloads.apache.org/activemq/5.17.1/apache-activemq-5.17.1-bin.zip",
    "hash": "sha512:9c76457a882fed725233ee79d7e76f244ba9461bed2a45fe2ba4e3a24b5bd3172ad0a26ec33e33965863f9ad1374feb5d56dd0e6552cf15d8a12a6032cf396c3",
    "extract_dir": "apache-activemq-5.17.1",
    "bin": [
        "bin\\activemq.bat",
        "bin\\activemq-admin.bat"
    ],
    "persist": [
        "conf",
        "data"
    ],
    "checkver": {
        "url": "https://activemq.apache.org/components/classic/download",
        "regex": "apache-activemq-([\\d.]+)-bin\\.zip"
    },
    "autoupdate": {
        "url": "https://downloads.apache.org/activemq/$version/apache-activemq-$version-bin.zip",
        "hash": {
            "url": "$url.sha512"
        },
        "extract_dir": "apache-activemq-$version"
    }
}
