{
    "version": "3.88.1",
    "description": "Batch file renaming utility for Windows",
    "homepage": "https://www.advancedrenamer.com",
    "license": {
        "identifier": "Freeware",
        "url": "https://www.advancedrenamer.com/user_guide/license"
    },
    "architecture": {
        "64bit": {
            "url": "https://www.advancedrenamer.com/down/advanced_renamer_portable_3_88_1.zip",
            "hash": "6398700c0c0c834d58e19afeda5ac0009335af2a6205ce0e3418e540cfe82920"
        }
    },
    "bin": "arenc.exe",
    "shortcuts": [
        [
            "ARen.exe",
            "Advanced Renamer"
        ]
    ],
    "persist": [
        "BatchMethods",
        "Data"
    ],
    "checkver": {
        "url": "https://www.advancedrenamer.com/versionlog",
        "regex": "Advanced Renamer\\s+([\\d.]+)\\s+-"
    },
    "autoupdate": {
        "architecture": {
            "64bit": {
                "url": "https://www.advancedrenamer.com/down/advanced_renamer_portable_$underscoreVersion.zip"
            }
        }
    }
}
