{
    "version": "8.3.2",
    "description": "Free Adware Cleaner & Removal tool",
    "homepage": "https://www.malwarebytes.com/adwcleaner",
    "license": {
        "identifier": "Freeware",
        "url": "https://www.malwarebytes.com/eula"
    },
    "architecture": {
        "64bit": {
            "url": "https://download.toolslib.net/download/direct/1/latest?channel=release#/adwcleaner.exe",
            "hash": "e94afe0973fbbb4f5f38fc7a71b7e129530ed3837044311f2cff57aa626c187b"
        }
    },
    "bin": "adwcleaner.exe",
    "shortcuts": [
        [
            "adwcleaner.exe",
            "AdwCleaner"
        ]
    ],
    "checkver": {
        "url": "https://toolslib.net/downloads/viewdownload/1-adwcleaner/files/?t=release",
        "regex": ">([\\d.]+)<\\/td>"
    },
    "autoupdate": {
        "architecture": {
            "64bit": {
                "url": "https://download.toolslib.net/download/direct/1/latest?channel=release#/adwcleaner.exe"
            }
        }
    }
}
