{
    "version": "9214",
    "description": "Aegisub Daydream Cafe Edition, a patched wangqr build to include latest libraries et all",
    "homepage": "https://github.com/Ristellise/AegisubDC",
    "license": "GPL-2.0-only",
    "architecture": {
        "64bit": {
            "url": [
                "https://github.com/Ristellise/AegisubDC/releases/download/9214/Aegisub-9214-Endless-Sky.zip",
                "https://github.com/Ristellise/AegisubDC/releases/download/9214/locale-131121.zip"
            ],
            "hash": [
                "f725d609e2e584873749c67044ee29752575c6dd22a7578f0329e085c9af41fa",
                "b3ae06413e786e554022604bae8a6c560043dd445e00ced4425eb4c4a5021838"
            ]
        }
    },
    "shortcuts": [
        [
            "Aegisub.exe",
            "Aegisub"
        ],
        [
            "AssDraw3.exe",
            "AssDraw3"
        ]
    ],
    "checkver": {
        "url": "https://github.com/Ristellise/AegisubDC/releases",
        "regex": "(?sm)Aegisub-(?<version>\\d+)-(?<codename>[\\w-]+).zip.*?(?<localefilename>locale[\\d-]*)\\.zip"
    },
    "autoupdate": {
        "architecture": {
            "64bit": {
                "url": [
                    "https://github.com/Ristellise/AegisubDC/releases/download/$version/Aegisub-$version-$matchCodename.zip",
                    "https://github.com/Ristellise/AegisubDC/releases/download/$version/$matchLocalefilename.zip"
                ]
            }
        }
    }
}
