{
    "version": "1.1.0-rc.1",
    "description": "A simple, modern and secure encryption tool with small explicit keys, no config options, and UNIX-style composability.",
    "homepage": "https://age-encryption.org/",
    "license": "BSD-3-Clause",
    "architecture": {
        "64bit": {
            "url": "https://github.com/FiloSottile/age/releases/download/v1.1.0-rc.1/age-v1.1.0-rc.1-windows-amd64.zip",
            "hash": "c26ce4830a1cd585dbd3a9433d1f5dc542d4d90dc589343585b25a7c2c9518bd"
        }
    },
    "extract_dir": "age",
    "bin": [
        "age.exe",
        "age-keygen.exe"
    ],
    "checkver": {
        "url": "https://github.com/FiloSottile/age/releases",
        "regex": "/age-v([\\w.-]+)-windows"
    },
    "autoupdate": {
        "architecture": {
            "64bit": {
                "url": "https://github.com/FiloSottile/age/releases/download/v$version/age-v$version-windows-amd64.zip"
            }
        }
    }
}
