{
    "version": "6.75.6100",
    "description": "System information, diagnostics, and auditing application",
    "homepage": "https://www.aida64.com",
    "license": {
        "identifier": "Shareware",
        "url": "https://www.aida64.com/licensing"
    },
    "url": "http://download.aida64.com/aida64extreme675.zip",
    "hash": "53d1bfa5523cad7c9f4d74dc6a635d7744897822d59d465379858f59d263c5cb",
    "pre_install": [
        "$FILE = 'aida64.ini'",
        "if (!(Test-Path \"$persist_dir\\$FILE\")) {",
        "    Set-Content \"$dir\\$FILE\" @('[Generic]', '', 'NoRegistry=1', 'NetUpdateFreq=0') -Encoding Ascii",
        "}",
        "if (!(Test-Path \"$persist_dir\\pkey.txt\")) { New-Item \"$dir\\pkey.txt\" | Out-Null }"
    ],
    "persist": [
        "pkey.txt",
        "aida64.ini"
    ],
    "shortcuts": [
        [
            "aida64.exe",
            "AIDA64"
        ]
    ],
    "checkver": {
        "url": "https://www.aida64.com/downloads/latesta64xe",
        "regex": "Version:\\s+([\\d.]+)"
    },
    "autoupdate": {
        "url": "http://download.aida64.com/aida64extreme$majorVersion$minorVersion.zip"
    }
}
