{
    "version": "5.03.2394",
    "description": "Audio player",
    "homepage": "http://www.aimp.ru",
    "license": {
        "identifier": "Freeware",
        "url": "http://www.aimp.ru/files/windows/EULA_lang-en.txt"
    },
    "url": "http://www.aimp.ru/?do=download.file&id=8#/dl.zip",
    "hash": "3b1c40272eeab0bc540eb06814e08f817b42284cd452d20015fba388698970f8",
    "extract_dir": "AIMP",
    "bin": [
        "AIMP.exe",
        "AIMPac.exe",
        "AIMPate.exe"
    ],
    "shortcuts": [
        [
            "AIMP.exe",
            "AIMP"
        ],
        [
            "AIMPac.exe",
            "AIMP Audio Converter"
        ],
        [
            "AIMPate.exe",
            "AIMP Advanced Tag Editor"
        ]
    ],
    "persist": [
        "Profile",
        "Plugins",
        "Skins",
        "Icons"
    ],
    "checkver": {
        "url": "http://aimp.su/update.php?id=1234&b=2169&p=aimp&lng=english&u=1",
        "regex": "aimp_([\\d.]+)"
    },
    "autoupdate": {
        "url": "http://www.aimp.ru/?do=download.file&id=8#/dl.zip"
    }
}
