{
    "version": "1.7",
    "description": "A suite of tools to assess WiFi network security",
    "homepage": "https://www.aircrack-ng.org/",
    "license": "GPL-2.0-only",
    "architecture": {
        "64bit": {
            "url": "https://download.aircrack-ng.org/aircrack-ng-1.7-win.zip",
            "hash": "sha1:872ef4f731080626d7cee893ef42c8f630ce90cd"
        }
    },
    "extract_dir": "aircrack-ng-1.7-win",
    "pre_install": "if(!(Test-Path \"$persist_dir\\bin\\debug.log\")) {New-Item \"$dir\\bin\\debug.log\" | Out-Null}",
    "shortcuts": [
        [
            "bin\\Aircrack-ng GUI.exe",
            "Aircrack-ng GUI"
        ]
    ],
    "env_add_path": "bin",
    "persist": "bin\\debug.log",
    "checkver": {
        "url": "https://www.aircrack-ng.org/downloads.html",
        "regex": "aircrack-ng-([\\d.]+)-win\\.zip"
    },
    "autoupdate": {
        "architecture": {
            "64bit": {
                "url": "https://download.aircrack-ng.org/aircrack-ng-$version-win.zip",
                "hash": {
                    "url": "https://www.aircrack-ng.org/downloads.html",
                    "regex": "(?sm)aircrack-ng-[\\d.]+-win\\.zip.*?$sha1"
                }
            }
        },
        "extract_dir": "aircrack-ng-$version-win"
    }
}
