{
    "version": "0.10.1",
    "description": "GPU-accelerated terminal emulator",
    "homepage": "https://github.com/alacritty/alacritty",
    "license": "Apache-2.0",
    "suggest": {
        "vcredist": "extras/vcredist2022"
    },
    "url": [
        "https://github.com/alacritty/alacritty/releases/download/v0.10.1/Alacritty-v0.10.1-portable.exe#/alacritty.exe",
        "https://github.com/alacritty/alacritty/releases/download/v0.10.1/alacritty.yml"
    ],
    "hash": [
        "9dfc25b2c41275b88f0de24591139f62d9d5e8ead5a3e07e6442f75b446f7c5e",
        "efbcc21e0971be33ceafcfa5ca3e240d444deddee9b3b851dc8bcc3f1d2213e3"
    ],
    "bin": [
        "alacritty.exe",
        [
            "alacritty.exe",
            "alacritty-config",
            "--config-file \"$persist_dir\\alacritty.yml\""
        ]
    ],
    "shortcuts": [
        [
            "alacritty.exe",
            "Alacritty",
            "--working-directory \"%USERPROFILE%\""
        ],
        [
            "alacritty.exe",
            "Alacritty with Configuration",
            "--config-file \"$persist_dir\\alacritty.yml\""
        ]
    ],
    "persist": [
        [
            "alacritty.yml",
            "alacritty.yml.example"
        ]
    ],
    "checkver": "github",
    "autoupdate": {
        "url": [
            "https://github.com/alacritty/alacritty/releases/download/v$version/Alacritty-v$version-portable.exe#/alacritty.exe",
            "https://github.com/alacritty/alacritty/releases/download/v$version/alacritty.yml"
        ]
    },
    "notes": "An example config has been placed in $persist_dir as alacritty.yml.example. Change this to alacritty.yml to use it with alacritty-config and the appropriate shortcut."
}
