{
    "version": "1.05",
    "description": "Find and update album art for music collection.",
    "homepage": "https://sourceforge.net/projects/album-art/",
    "license": "GPL-2.0-or-later",
    "url": "https://downloads.sourceforge.net/project/album-art/album-art-xui/AlbumArtDownloaderXUI-1.05.zip",
    "hash": "sha1:e49c34b478fac7433c5a294fdabc8b7142083baa",
    "bin": "AlbumArt.exe",
    "shortcuts": [
        [
            "AlbumArt.exe",
            "Album Art Downloader"
        ]
    ],
    "persist": "Scripts",
    "checkver": {
        "url": "https://sourceforge.net/projects/album-art/rss?path=/album-art-xui",
        "regex": "AlbumArtDownloaderXUI-([\\d.]+)\\.zip"
    },
    "autoupdate": {
        "url": "https://downloads.sourceforge.net/project/album-art/album-art-xui/AlbumArtDownloaderXUI-$version.zip"
    }
}
