{
    "version": "4.5.18",
    "description": "Duplicate file remover",
    "homepage": "http://www.alldup.info",
    "license": "Freeware",
    "url": "http://www.alldup.info/download/AllDupPortable.zip",
    "hash": "28c330ecb9a16ad20d04c360720e03075700ccb12e29b597038bb8950b8ddac3",
    "pre_install": "if (!(Test-Path \"$persist_dir\\config4.ini\")) { New-Item \"$dir\\config4.ini\" | Out-Null }",
    "bin": [
        [
            "AllDupPortable.exe",
            "AllDup"
        ]
    ],
    "shortcuts": [
        [
            "AllDupPortable.exe",
            "AllDup"
        ]
    ],
    "persist": [
        "export",
        "log",
        "profile",
        "temp",
        "config4.ini"
    ],
    "checkver": {
        "url": "http://www.AllDup.de/version/Version_AllDup.txt",
        "regex": "([\\d.]+)"
    },
    "autoupdate": {
        "url": "http://www.alldup.info/download/AllDupPortable.zip",
        "hash": {
            "url": "http://www.alldup.info/en_download_alldup.php",
            "regex": "(?sm)portable.*SHA1:\\s*$sha1.*$url"
        }
    }
}
