{
    "version": "4.5.3",
    "description": "Feature-rich GraphQL Client",
    "homepage": "https://altair.sirmuel.design",
    "license": "MIT",
    "architecture": {
        "64bit": {
            "url": "https://github.com/altair-graphql/altair/releases/download/v4.5.3/altair_4.5.3_x64_win.exe#/dl.7z",
            "hash": "sha512:94da366da23620fc3d87821e83c32aa40261b4da038f311119bbdcfdbda0d6f96ff0d86c7a3108a2cd10d93d229f2ece5fc9d09e2f3cbc1a331872c449d95055",
            "pre_install": [
                "Expand-7zipArchive \"$dir\\`$PLUGINSDIR\\app-64.7z\" \"$dir\"",
                "Remove-Item \"$dir\\`$*\", \"$dir\\Uninstall*\" -Force -Recurse"
            ]
        }
    },
    "shortcuts": [
        [
            "Altair GraphQL Client.exe",
            "Altair GraphQL Client"
        ]
    ],
    "checkver": {
        "github": "https://github.com/altair-graphql/altair"
    },
    "autoupdate": {
        "architecture": {
            "64bit": {
                "url": "https://github.com/altair-graphql/altair/releases/download/v$version/altair_$version_x64_win.exe#/dl.7z",
                "hash": {
                    "url": "$baseurl/latest.yml",
                    "regex": "sha512:\\s+$base64"
                }
            }
        }
    }
}
