{
    "version": "1.53",
    "description": "Easily drag windows when pressing the Alt key (maintained continuation of Stefan Sundin's AltDrag)",
    "homepage": "https://github.com/RamonUnch/AltSnap",
    "license": "GPL-3.0-or-later",
    "architecture": {
        "64bit": {
            "url": "https://github.com/RamonUnch/AltSnap/releases/download/1.53/AltSnap1.53bin_x64.zip",
            "hash": "f5b9a3974a7e935fd8d68e315ffdc27d5b149ece6561146f7432f6366416e650"
        },
        "32bit": {
            "url": "https://github.com/RamonUnch/AltSnap/releases/download/1.53/AltSnap1.53bin.zip",
            "hash": "964f51d0b5c5e625aec839814951ecd8566704872fc69251435797fa05fbfcb7"
        }
    },
    "shortcuts": [
        [
            "AltSnap.exe",
            "AltSnap"
        ]
    ],
    "persist": "AltSnap.ini",
    "checkver": "github",
    "autoupdate": {
        "architecture": {
            "64bit": {
                "url": "https://github.com/RamonUnch/AltSnap/releases/download/$version/AltSnap$versionbin_x64.zip"
            },
            "32bit": {
                "url": "https://github.com/RamonUnch/AltSnap/releases/download/$version/AltSnap$versionbin.zip"
            }
        }
    }
}
