{
    "version": "5.1.0.3029",
    "description": "Client for Amazon workspaces service",
    "homepage": "https://clients.amazonworkspaces.com",
    "license": {
        "identifier": "Proprietary",
        "url": "https://clients.amazonworkspaces.com/app-terms.html"
    },
    "architecture": {
        "64bit": {
            "url": "https://d2td7dqidlhjx7.cloudfront.net/prod/global/windows/Amazon+WorkSpaces.msi",
            "hash": "87e77d59efd82408b81d7b45aeea768ab671855cec172c2f3a664555a77b26bd"
        }
    },
    "extract_dir": "[ApplicationFolderName]",
    "pre_install": [
        "# Disable the autoupdate of amazon-workspaces client",
        "$configFile = \"$dir\\workspaces.dll.config\"",
        "if (Test-Path -LiteralPath $configFile) {",
        "   [xml]$xml = Get-Content -LiteralPath $configFile",
        "   $key = $xml.SelectSingleNode(\"(//configuration/appSettings/add[@key='UpdateUrl'])[1]\")",
        "   $key.Value = ''",
        "   $xml.Save($configFile)",
        "}"
    ],
    "shortcuts": [
        [
            "workspaces.exe",
            "Amazon Workspaces"
        ]
    ],
    "checkver": {
        "url": "https://s3.amazonaws.com/workspaces-client-updates/prod/global/windows/WorkSpacesAppCastx64.xml",
        "regex": "title>Version ([\\d.]+)</"
    },
    "autoupdate": {
        "architecture": {
            "64bit": {
                "url": "https://d2td7dqidlhjx7.cloudfront.net/prod/global/windows/Amazon+WorkSpaces.msi"
            }
        }
    }
}
