{
    "version": "2022.05",
    "description": "The most popular Python distribution for data science.",
    "homepage": "https://www.anaconda.com/",
    "license": "BSD-3-Clause",
    "architecture": {
        "64bit": {
            "url": "https://repo.anaconda.com/archive/Anaconda3-2022.05-Windows-x86_64.exe",
            "hash": "2766eb102f9d65da36d262b651777358de39fbe5f1a74f9854a2e5e29caeeeec"
        },
        "32bit": {
            "url": "https://repo.anaconda.com/archive/Anaconda3-2022.05-Windows-x86.exe",
            "hash": "cd8c688349bcd1f429e3b383620fb0d19f52be0f765b2eae78d63b41aefb2e73"
        }
    },
    "pre_install": "Write-Host 'Installing Anaconda 3. This can take up to 30 minutes on an HDD.' -ForegroundColor Magenta",
    "installer": {
        "args": [
            "/S",
            "/InstallationType=JustMe",
            "/RegisterPython=1",
            "/AddToPath=0",
            "/D=$dir"
        ]
    },
    "uninstaller": {
        "file": "Uninstall-Anaconda3.exe",
        "args": "/S"
    },
    "bin": [
        "python.exe",
        "pythonw.exe",
        [
            "python.exe",
            "python3"
        ]
    ],
    "env_add_path": "Scripts",
    "persist": "envs",
    "checkver": {
        "url": "https://docs.anaconda.com/anaconda/install/hashes/win-3-64/",
        "regex": "Anaconda3-([\\d.]+)-Windows"
    },
    "autoupdate": {
        "architecture": {
            "64bit": {
                "url": "https://repo.anaconda.com/archive/Anaconda3-$version-Windows-x86_64.exe",
                "hash": {
                    "url": "http://docs.anaconda.com/anaconda/install/hashes/Anaconda3-$version-Windows-x86_64.exe-hash/",
                    "regex": "$sha256"
                }
            },
            "32bit": {
                "url": "https://repo.anaconda.com/archive/Anaconda3-$version-Windows-x86.exe",
                "hash": {
                    "url": "http://docs.anaconda.com/anaconda/install/hashes/Anaconda3-$version-Windows-x86.exe-hash/",
                    "regex": "$sha256"
                }
            }
        }
    }
}
