{
    "version": "2021.2.1.15",
    "description": "The official IDE for Android development, which includes everything you need to build Android apps.",
    "homepage": "https://developer.android.com/studio/",
    "license": {
        "identifier": "Freeware",
        "url": "https://developer.android.com/studio/terms.html"
    },
    "suggest": {
        "SDK": [
            "android-clt",
            "android-sdk"
        ]
    },
    "architecture": {
        "64bit": {
            "url": "https://redirector.gvt1.com/edgedl/android/studio/ide-zips/2021.2.1.15/android-studio-2021.2.1.15-windows.zip",
            "hash": "a992449e546660fc5f8026f72b0f0e804f8d9c82a5e628d502ab60d1ab2b0f8c",
            "shortcuts": [
                [
                    "bin\\studio64.exe",
                    "Android Studio"
                ]
            ]
        }
    },
    "extract_dir": "android-studio",
    "persist": "plugins",
    "checkver": "android-studio-([\\d.]+)-windows\\.zip",
    "autoupdate": {
        "architecture": {
            "64bit": {
                "url": "https://redirector.gvt1.com/edgedl/android/studio/ide-zips/$version/android-studio-$version-windows.zip"
            }
        }
    }
}
