{
    "version": "2.14.40",
    "description": "Backup & Restore Android SMS on computer with ease.",
    "homepage": "https://www.backuptrans.com/android-sms-backup-restore.html",
    "license": "Unknown",
    "architecture": {
        "64bit": {
            "url": "https://www.backuptrans.com/download/exe/android-sms-backup-and-restore_x64.exe#/dl.7z",
            "hash": "e5e9cbd66f23b2d2d3da8c40a12bbd2a0646c4a69a30555bfb35e8e2541b4f99"
        },
        "32bit": {
            "url": "https://www.backuptrans.com/download/exe/android-sms-backup-and-restore.exe#/dl.7z",
            "hash": "1dfe70fc5211392d14f94deba02fe33dff7b9718c667b572343ff8b5479a20b1"
        }
    },
    "pre_install": "Remove-Item \"$dir\\`$*\", \"$dir\\uninst*nsis\" -Recurse",
    "shortcuts": [
        [
            "AndroidSmsBackupAndRestore.exe",
            "Backuptrans Android SMS Backup & Restore"
        ]
    ],
    "checkver": {
        "url": "https://www.backuptrans.com/download.html",
        "regex": "(?sm)Backuptrans Android SMS Backup & Restore.*?V([\\d.]+)"
    },
    "autoupdate": {
        "architecture": {
            "64bit": {
                "url": "https://www.backuptrans.com/download/exe/android-sms-backup-and-restore_x64.exe#/dl.7z"
            },
            "32bit": {
                "url": "https://www.backuptrans.com/download/exe/android-sms-backup-and-restore.exe#/dl.7z"
            }
        }
    }
}
