{
    "version": "3.1.92",
    "description": "Powerful Android Line Messages Backup and Restore Software",
    "homepage": "https://www.backuptrans.com/android-line-transfer.html",
    "license": "Unknown",
    "architecture": {
        "64bit": {
            "url": "https://www.backuptrans.com/download/exe/android-line-transfer_x64.exe#/dl.7z",
            "hash": "77b275aeb3a342a3f27c4e1f299ff76294a3ebdd27af5bc93d8b77a72dddb003"
        },
        "32bit": {
            "url": "https://www.backuptrans.com/download/exe/android-line-transfer.exe#/dl.7z",
            "hash": "2fad5e22de480df92f7cf214b126555c9878ae184ee0ec2031eb07bab7953159"
        }
    },
    "pre_install": "Remove-Item \"$dir\\`$PLUGINSDIR\", \"$dir\\uninst*nsis\" -Recurse",
    "shortcuts": [
        [
            "AndroidLineTransfer.exe",
            "Backuptrans Android Line Transfer"
        ]
    ],
    "checkver": {
        "url": "https://www.backuptrans.com/download.html",
        "regex": "(?sm)Backuptrans Android Line Transfer.*?V([\\d.]+)"
    },
    "autoupdate": {
        "architecture": {
            "64bit": {
                "url": "https://www.backuptrans.com/download/exe/android-line-transfer_x64.exe#/dl.7z"
            },
            "32bit": {
                "url": "https://www.backuptrans.com/download/exe/android-line-transfer.exe#/dl.7z"
            }
        }
    }
}
