{
    "version": "3.1.0",
    "description": "Cross-platform Desktop App for android messages.",
    "homepage": "https://github.com/chrisknepper/android-messages-desktop/",
    "license": "MIT",
    "architecture": {
        "64bit": {
            "url": "https://github.com/chrisknepper/android-messages-desktop/releases/download/v1.0.1/android-messages-desktop-setup-1.0.1.exe#/dl.7z",
            "hash": "sha512:57d879f793bd19bf0a2f9a9b1f1848b247b242fa4094c41ef97d1c311cb4d1d407f3d34e6e1b4c23cc74864170992a9c5c7e52d703f9197019eecff8e25c3d26",
            "extract_dir": "$PLUGINSDIR"
        }
    },
    "installer": {
        "script": [
            "Remove-Item \"$dir\\*\" -Exclude 'app-64.7z'",
            "Expand-7zipArchive \"$dir\\app-64.7z\" \"$dir\" -Removal"
        ]
    },
    "bin": "Android Messages.exe",
    "shortcuts": [
        [
            "Android Messages.exe",
            "Android Messages"
        ]
    ],
    "checkver": "github",
    "autoupdate": {
        "url": "https://github.com/chrisknepper/android-messages-desktop/releases/download/v1.0.1/android-messages-desktop-setup-1.0.1.exe#/dl.7z",
        "hash": {
            "url": "$baseurl/latest.yml",
            "regex": "sha512:\\s+$base64"
        }
    }
}
