{
    "version": "3.0",
    "description": "A CLI to browse and watch anime. This tool scrapes the site gogoanime.",
    "homepage": "https://github.com/pystardust/ani-cli",
    "license": "GPL-3.0-or-later",
    "url": "https://github.com/pystardust/ani-cli/releases/download/v3.0/ani-cli",
    "hash": "471d64adac3d50ca1d0cdba0775c41d61150204c01ff1bd01fed3c3c346c5fb9",
    "depends": "aria2",
    "suggest": {
        "mpv": [
            "mpv",
            "mpv-git"
        ]
    },
    "bin": "ani-cli",
    "checkver": "github",
    "autoupdate": {
        "url": "https://github.com/pystardust/ani-cli/releases/download/v$version/ani-cli"
    }
}
