{
    "version": "1.5.6",
    "description": "A faster, better and more stable Redis desktop manager",
    "homepage": "https://github.com/qishibo/AnotherRedisDesktopManager",
    "license": "MIT",
    "architecture": {
        "64bit": {
            "url": "https://github.com/qishibo/AnotherRedisDesktopManager/releases/download/v1.5.6/Another-Redis-Desktop-Manager.1.5.6.exe#/dl.7z",
            "hash": "sha512:02782b7267a192e3803fc8dc2ea96d9c2daff6c9f2a32332f14ed8f38f5aae0b17743c7c9773984dfba979b177b7ae08c5a5ccd05521313f58d7c38d1ee3bc2f"
        }
    },
    "pre_install": [
        "Expand-7ZipArchive \"$dir\\`$PLUGINSDIR\\app-64.7z\" \"$dir\" -Removal",
        "'$PLUGINSDIR', 'Uninstall*.exe' | ForEach-Object { Remove-Item \"$dir\\$_\" -Recurse -Force }"
    ],
    "shortcuts": [
        [
            "Another Redis Desktop Manager.exe",
            "Another Redis Desktop Manager"
        ]
    ],
    "checkver": "github",
    "autoupdate": {
        "architecture": {
            "64bit": {
                "url": "https://github.com/qishibo/AnotherRedisDesktopManager/releases/download/v$version/Another-Redis-Desktop-Manager.$version.exe#/dl.7z",
                "hash": {
                    "url": "$baseurl/latest.yml",
                    "regex": "sha512:\\s+$base64"
                }
            }
        }
    }
}
