{
    "version": "2.23",
    "description": "Graphical program used to map keyboard buttons and mouse controls to a gamepad.",
    "homepage": "https://github.com/AntiMicro/antimicro",
    "license": "GPL-3.0-only",
    "url": "https://github.com/AntiMicro/antimicro/releases/download/2.23/antimicro-2.23-win32.portable.zip",
    "hash": "5e180198ec6ae56648b0daa3f4e045d5543ca3bbbdd47a2277a2a814a298f74d",
    "extract_dir": "antimicro",
    "pre_install": "if (!(Test-Path \"$persist_dir\\antimicro_settings.ini\")) { New-Item -ItemType File \"$dir\\antimicro_settings.ini\" | Out-Null }",
    "shortcuts": [
        [
            "antimicro.exe",
            "antimicro"
        ]
    ],
    "persist": [
        "antimicro_settings.ini",
        "profiles"
    ],
    "checkver": "github",
    "autoupdate": {
        "url": "https://github.com/AntiMicro/antimicro/releases/download/$version/antimicro-$version-win32.portable.zip"
    }
}
