{
    "version": "2.3.10",
    "description": "Image duplicate finder",
    "homepage": "https://ermig1979.github.io/AntiDupl/english/",
    "license": "MIT",
    "url": "https://github.com/ermig1979/AntiDupl/releases/download/v2.3.10/AntiDupl.NET-2.3.10.exe#/dl.7z",
    "hash": "c30774a4f22a0c5b21cf916f0d963aa2930605d4bd1ca27a2cdeac2665432623",
    "extract_dir": "AntiDupl.NET-2.3.10",
    "pre_install": [
        "if (!(Test-Path \"$persist_dir\\user\")) {",
        "    ensure \"$dir\\user\" | Out-Null",
        "    Set-Content \"$dir\\user\\options.xml\" '<Options><checkingForUpdates>false</checkingForUpdates></Options>' -Encoding ascii",
        "}"
    ],
    "bin": "AntiDupl.NET.exe",
    "shortcuts": [
        [
            "AntiDupl.NET.exe",
            "AntiDupl.NET"
        ]
    ],
    "persist": "user",
    "checkver": {
        "github": "https://github.com/ermig1979/AntiDupl"
    },
    "autoupdate": {
        "url": "https://github.com/ermig1979/AntiDupl/releases/download/v$version/AntiDupl.NET-$version.exe#/dl.7z",
        "extract_dir": "AntiDupl.NET-$version"
    }
}
