{
    "version": "7.0.13",
    "description": "A Remote Desktop Software That Actually Works",
    "homepage": "https://anydesk.com/",
    "license": {
        "identifier": "Shareware",
        "url": "https://anydesk.com/terms"
    },
    "url": "https://download.anydesk.com/AnyDesk.exe",
    "hash": "7c20393e638d2873153d2873f04464d4bad32a4d40eabb48d66608650f7d4494",
    "bin": "AnyDesk.exe",
    "shortcuts": [
        [
            "AnyDesk.exe",
            "AnyDesk"
        ]
    ],
    "checkver": {
        "url": "https://anydesk.com/en/downloads",
        "regex": ">v([\\d.]+)\\s+\\("
    },
    "autoupdate": {
        "url": "https://download.anydesk.com/AnyDesk.exe"
    }
}
