{
    "version": "3.6.0",
    "description": "Remotely execute Gremlin against one or more Graph instances hosted within it.",
    "homepage": "https://tinkerpop.apache.org",
    "license": "Apache-2.0",
    "url": "https://www.apache.org/dist/tinkerpop/3.6.0/apache-tinkerpop-gremlin-server-3.6.0-bin.zip",
    "hash": "sha512:2980c3e5c85cf7b6944b250b39a5e2e3423f476cd828dcd756d0ef59b78d7714854df769581b936409c59b9e4deb1a19cecfff3a69534919f7ecd53467d1e543",
    "extract_dir": "apache-tinkerpop-gremlin-server-3.6.0",
    "pre_install": [
        "$cont = @(",
        "    '@echo off'",
        "    'cd /d \"%~dp0\"'",
        "    'gremlin-server.bat'",
        ")",
        "Set-Content \"$dir\\bin\\gremlin-server-scoop.bat\" $cont -Encoding ascii"
    ],
    "bin": [
        [
            "bin\\gremlin-server-scoop.bat",
            "gremlin-server"
        ]
    ],
    "checkver": {
        "url": "https://www.apache.org/dist/tinkerpop/",
        "regex": "href=\"([\\d.]+)/",
        "reverse": true
    },
    "autoupdate": {
        "url": "https://www.apache.org/dist/tinkerpop/$version/apache-tinkerpop-gremlin-server-$version-bin.zip",
        "hash": {
            "url": "$url.sha512"
        },
        "extract_dir": "apache-tinkerpop-gremlin-server-$version"
    }
}
