{
    "version": "2.5.0",
    "description": "A popular dependency manager focusing on flexibility and simplicity.",
    "homepage": "https://ant.apache.org/ivy/index.html",
    "license": "Apache-2.0",
    "depends": "ant",
    "suggest": {
        "JDK": [
            "java/oraclejdk",
            "java/openjdk"
        ]
    },
    "url": "https://www.apache.org/dist/ant/ivy/2.5.0/apache-ivy-2.5.0-bin.zip",
    "hash": "7c6f467e33c28d82f4f8c3c10575bb461498ad8dcabf57770f481bfea59b1e59",
    "extract_dir": "apache-ivy-2.5.0",
    "installer": {
        "script": [
            "$antLibPath = \"$(appsdir $global)\\ant\\current\\lib\"",
            "Write-Host -fore blue \"Copying ivy-$version.jar to $antLibPath\"",
            "Copy-Item \"$dir\\ivy-$version.jar\" $antLibPath"
        ]
    },
    "uninstaller": {
        "script": [
            "$antLibPath = \"$(appsdir $global)\\ant\\current\\lib\"",
            "Write-Host -fore blue \"Removing ivy-$version.jar from $antLibPath\"",
            "Remove-Item -force $antLibPath\\ivy-$version.jar"
        ]
    },
    "checkver": {
        "url": "https://ant.apache.org/ivy/download.cgi",
        "regex": "/([\\d.]+)/"
    },
    "autoupdate": {
        "url": "https://www.apache.org/dist/ant/ivy/$version/apache-ivy-$version-bin.zip",
        "hash": {
            "url": "$url.sha"
        },
        "extract_dir": "apache-ivy-$version"
    }
}
