{
    "version": "2.0.0.v20210717-M17",
    "description": "LDAP browser and directory client",
    "homepage": "http://directory.apache.org/studio/",
    "license": "Apache-2.0",
    "suggest": {
        "JDK": [
            "java/oraclejdk",
            "java/openjdk"
        ]
    },
    "architecture": {
        "64bit": {
            "url": "https://www.apache.org/dist/directory/studio/2.0.0.v20210717-M17/ApacheDirectoryStudio-2.0.0.v20210717-M17-win32.win32.x86_64.zip",
            "hash": "sha512:dced42bd1995bf328a86d5eec72f08a96b0ccd7f1b8104772bd0a7c360580e6c6654cd0e5f0a8b92c42e0022a4fa81745ed02ad16d32091349358fbd002a15d9"
        }
    },
    "extract_dir": "ApacheDirectoryStudio",
    "bin": "ApacheDirectoryStudio.exe",
    "shortcuts": [
        [
            "ApacheDirectoryStudio.exe",
            "Apache Directory Studio"
        ]
    ],
    "checkver": {
        "url": "https://www.apache.org/dist/directory/studio/?C=M;O=D",
        "regex": ">([\\dvM.-]+)/<"
    },
    "autoupdate": {
        "architecture": {
            "64bit": {
                "url": "https://www.apache.org/dist/directory/studio/$version/ApacheDirectoryStudio-$version-win32.win32.x86_64.zip"
            }
        },
        "hash": {
            "url": "$url.sha512",
            "regex": "(?sm):([A-Fa-f\\d\\s]+)"
        }
    }
}
