{
    "version": "3.1.0",
    "description": "Tool for analyzing DNA plasmid sequences. Supports DNA Strider, Fasta, Genbank and EMBL data formats. The name 'ApE' stands for 'A plasmid Editor'.",
    "homepage": "https://jorgensen.biology.utah.edu/wayned/ape/",
    "license": {
        "identifier": "Freeware",
        "url": "https://jorgensen.biology.utah.edu/wayned/ape/"
    },
    "url": "https://jorgensen.biology.utah.edu/wayned/ape/Download/WIndows/ApE_win_current_3.1.0.zip",
    "hash": "9fce93889c08ab0b952ff0cd5b0e9c95af13635b1da8fd7cc72d08831b63a9a8",
    "shortcuts": [
        [
            "ApE.exe",
            "ApE"
        ]
    ],
    "checkver": {
        "url": "https://jorgensen.biology.utah.edu/wayned/ape/Download/WIndows/",
        "regex": "ApE_win_current_([\\d.]+)\\.zip</a>",
        "reverse": true
    },
    "autoupdate": {
        "url": "https://jorgensen.biology.utah.edu/wayned/ape/Download/WIndows/ApE_win_current_$version.zip"
    }
}
