{
    "version": "0.13.0",
    "description": "Command-line tool for downloading APK files from various sources",
    "homepage": "https://github.com/EFForg/apkeep",
    "license": "MIT",
    "architecture": {
        "64bit": {
            "url": "https://github.com/EFForg/apkeep/releases/download/0.13.0/apkeep-x86_64-pc-windows-msvc.exe#/apkeep.exe",
            "hash": "51d1182e85b7315c40201e81fe153796df2ecce5fb33d522e6c3a0f3cac35637"
        }
    },
    "bin": "apkeep.exe",
    "checkver": "github",
    "autoupdate": {
        "architecture": {
            "64bit": {
                "url": "https://github.com/EFForg/apkeep/releases/download/$version/apkeep-x86_64-pc-windows-msvc.exe#/apkeep.exe"
            }
        }
    }
}
