{
    "version": "1.1.1341",
    "description": "Bust Apps you do not want!",
    "homepage": "https://www.oo-software.com/en/ooappbuster",
    "license": {
        "identifier": "Freeware",
        "url": "https://www.oo-software.com/en/ooappbuster/eula"
    },
    "url": "https://dl5.oo-software.com/files/ooappbuster/OOAPB.exe",
    "hash": "13f3eb9b73639e8d5362fa1c290c68e532ffddfe33f857003c43adcbc6495e56",
    "pre_install": "if (!(Test-Path \"$persist_dir\\OOAPB.ini\")) { New-Item \"$dir\\OOAPB.ini\" | Out-Null }",
    "shortcuts": [
        [
            "OOAPB.exe",
            "O&O AppBuster"
        ]
    ],
    "persist": "OOAPB.ini",
    "checkver": "Version ([\\d.]+)",
    "autoupdate": {
        "url": "https://dl5.oo-software.com/files/ooappbuster/OOAPB.exe"
    }
}
