{
    "version": "5.2.7.7",
    "description": "C# Farming Steam cards from multiple accounts simultaneously.",
    "homepage": "https://github.com/JustArchiNET/ArchiSteamFarm",
    "license": "Apache-2.0",
    "suggest": {
        ".NET Desktop Runtime LTS": "extras/windowsdesktop-runtime-lts",
        "Visual C++ Redistributable": "extras/vcredist2022"
    },
    "notes": [
        "ArchiSteamFarm has a built-in updater, So you should DISABLE it in configuration file,",
        "Or run 'scoop hold archisteamfarm' to disable updates via Scoop.",
        "ASF Config Generator:",
        "https://justarchinet.github.io/ASF-WebConfigGenerator/"
    ],
    "architecture": {
        "64bit": {
            "url": "https://github.com/JustArchiNET/ArchiSteamFarm/releases/download/5.2.7.7/ASF-win-x64.zip",
            "hash": "b69924f22f51aae810e48b1435398fe07150d191afacc60a82b860b42ca837b8"
        }
    },
    "shortcuts": [
        [
            "ArchiSteamFarm.exe",
            "ArchiSteamFarm"
        ]
    ],
    "persist": "config",
    "checkver": "github",
    "autoupdate": {
        "architecture": {
            "64bit": {
                "url": "https://github.com/JustArchiNET/ArchiSteamFarm/releases/download/$version/ASF-win-x64.zip"
            }
        }
    }
}
