{
    "version": "2.0.7316.34247",
    "description": "Performance benchmark for Solid State Drives (SSDs)",
    "homepage": "https://www.alex-is.de/PHP/fusion/downloads.php?cat_id=4&download_id=9",
    "license": "Freeware",
    "url": "https://www.alex-is.de/progs/AS%20SSD%20Benchmark.zip",
    "hash": "56b80a3dde4537a77f9f7fb6bf45372b9b3d0a75e030d5373e5661913d7ef057",
    "shortcuts": [
        [
            "AS SSD Benchmark.exe",
            "AS SSD Benchmark"
        ]
    ],
    "checkver": {
        "url": "https://www.alex-is.de/progs/updater/as-ssd-version.txt",
        "regex": "([\\d.]+)"
    },
    "autoupdate": {
        "url": "https://www.alex-is.de/progs/AS%20SSD%20Benchmark.zip"
    }
}
