{
    "version": "1.7.4",
    "description": "A book/document editor to build PDF, Epub, Mobi and HTML books, documents and slides.",
    "homepage": "https://asciidocfx.com",
    "license": "Apache-2.0",
    "suggest": {
        "PlantUML Support": "graphviz"
    },
    "architecture": {
        "64bit": {
            "url": "https://github.com/asciidocfx/AsciidocFX/releases/download/v1.7.4/AsciidocFX_Windows.zip",
            "hash": "98647ff6a048c81cc84e12814f872164e62d0b3058d86299dc43ef389874bc6e"
        }
    },
    "extract_dir": "AsciidocFX",
    "shortcuts": [
        [
            "AsciidocFX.exe",
            "AsciidocFX"
        ]
    ],
    "persist": [
        "conf",
        "log",
        "AsciidocFX.vmoptions"
    ],
    "checkver": {
        "github": "https://github.com/asciidocfx/AsciidocFX"
    },
    "autoupdate": {
        "architecture": {
            "64bit": {
                "url": "https://github.com/asciidocfx/AsciidocFX/releases/download/v$version/AsciidocFX_Windows.zip",
                "hash": {
                    "url": "$baseurl/updates.xml",
                    "xpath": "/updateDescriptor/entry[@fileName='$basename']/@sha256Sum"
                }
            }
        }
    }
}
