{
    "version": "0.3.2",
    "description": "Easily assume AWS roles in your terminal.",
    "homepage": "https://github.com/remind101/assume-role",
    "license": "BSD-2-Clause",
    "url": "https://github.com/remind101/assume-role/releases/download/0.3.2/assume-role-Windows.exe#/assume-role.exe",
    "hash": "540699e259fc02a27b6f2b944f7bb3d3e282f2ce9bd7f8d6d33277be1603e8d5",
    "bin": "assume-role.exe",
    "checkver": "github",
    "autoupdate": {
        "url": "https://github.com/remind101/assume-role/releases/download/$version/assume-role-Windows.exe#/assume-role.exe"
    }
}
