{
    "version": "4.4.8",
    "description": "A Microsoft Windows grep utility.",
    "homepage": "http://astrogrep.sourceforge.net/",
    "license": "GPL-3.0-or-later",
    "url": "https://downloads.sourceforge.net/project/astrogrep/AstroGrep%20%28Win32%29/AstroGrep%20v4.4.8/AstroGrep_v4.4.8_portable.zip",
    "hash": "sha1:47a8caa43b31ba6dbbf678c2c3a3d5ee22682c05",
    "bin": "AstroGrep.exe",
    "shortcuts": [
        [
            "AstroGrep.exe",
            "AstroGrep"
        ]
    ],
    "checkver": {
        "url": "https://sourceforge.net/projects/astrogrep/rss?path=/",
        "regex": "AstroGrep_v([\\d.]+)_portable\\.zip"
    },
    "autoupdate": {
        "url": "https://downloads.sourceforge.net/project/astrogrep/AstroGrep%20%28Win32%29/AstroGrep%20v$version/AstroGrep_v$version_portable.zip"
    }
}
