{
    "version": "4.2",
    "description": "An open source audio player.",
    "homepage": "https://audacious-media-player.org/",
    "license": "BSD-2-Clause",
    "url": "https://distfiles.audacious-media-player.org/audacious-4.2-win32.zip",
    "hash": "54d36c1c4d8d4e403531afa431d0a06600cc6330307a5f4fb84e367e0f63d97d",
    "bin": [
        "bin\\audacious.exe",
        "bin\\audtool.exe"
    ],
    "shortcuts": [
        [
            "bin\\audacious.exe",
            "Audacious"
        ]
    ],
    "checkver": {
        "url": "https://audacious-media-player.org/download",
        "regex": "Current stable release: ([\\d.]+)"
    },
    "autoupdate": {
        "url": "https://distfiles.audacious-media-player.org/audacious-$version-win32.zip"
    }
}
