{
    "version": "3.1.3",
    "description": "An easy-to-use, multi-track audio editor and recorder",
    "homepage": "https://www.audacityteam.org",
    "license": "GPL-2.0-or-later",
    "architecture": {
        "64bit": {
            "url": "https://fossies.org/windows/misc/audacity-win-3.1.3-64bit.zip",
            "hash": "df0c57f262c160d768f36d4a942ee893479bfdbc52676fb49dc49b129fb808a3",
            "extract_dir": "audacity-win-3.1.3-64bit"
        }
    },
    "pre_install": [
        "if (!(Test-Path \"$persist_dir\\Portable Settings\\audacity.cfg\")) {",
        "    ensure \"$dir\\Portable Settings\" | Out-Null",
        "    Set-Content \"$dir\\Portable Settings\\audacity.cfg\" '[Update]', 'DefaultUpdatesChecking=0' -Encoding Ascii",
        "}"
    ],
    "bin": "Audacity.exe",
    "shortcuts": [
        [
            "Audacity.exe",
            "Audacity"
        ]
    ],
    "persist": "Portable Settings",
    "checkver": {
        "url": "https://fossies.org/windows/misc/",
        "regex": "[Aa]udacity-win-([\\d.]+)-64bit\\.zip\""
    },
    "autoupdate": {
        "architecture": {
            "64bit": {
                "url": "https://fossies.org/windows/misc/audacity-win-$version-64bit.zip",
                "extract_dir": "audacity-win-$version-64bit"
            }
        },
        "hash": {
            "url": "$url_fossies.sha256"
        }
    }
}
