{
    "version": "20220420",
    "description": "AUDio MEasurement System - PC based Oscilloscope and Spectrum analyzer using sound card",
    "homepage": "https://sourceforge.net/projects/audmes/",
    "license": "GPL-2.0-or-later",
    "url": "https://downloads.sourceforge.net/projects/audmes/files/audmes-win32%20binary/2022-04-20/AudMeS-20220420-win32.zip",
    "hash": "sha1:89dd7146b394598719d8403e1f14cff8d552106a",
    "pre_install": [
        "Move-Item \"$dir\\AudMeS-*-win32\\*\" \"$dir\\\" | Out-Null",
        "Remove-Item \"$dir\\AudMeS-*-win32\\*\" -Force -Recurse"
    ],
    "shortcuts": [
        [
            "AudMeS.exe",
            "AudMeS"
        ]
    ],
    "checkver": {
        "url": "https://sourceforge.net/projects/audmes/rss?path=/",
        "regex": "(?<pathVersion>[\\d-]+)/AudMeS-(?<version>[\\d.]+)-win32\\.zip"
    },
    "autoupdate": {
        "url": "https://downloads.sourceforge.net/projects/audmes/files/audmes-win32%20binary/$matchPathversion/AudMeS-$version-win32.zip"
    }
}
