{
    "version": "0.8.1",
    "description": "Unified peripherals lighting effects across multiple brands and various games",
    "homepage": "http://www.project-aurora.com",
    "license": "MIT",
    "suggest": {
        "Microsoft Visual C++ Redistributable 2017": "extras/vcredist2022"
    },
    "url": "https://github.com/antonpup/Aurora/releases/download/v0.8.1/Aurora-v0.8.1.zip",
    "hash": "7f9ebf301989d0f13640d21150c168ae9d4cc72cac59a1dccf7a42b30ccb89fc",
    "bin": "aurora.exe",
    "shortcuts": [
        [
            "aurora.exe",
            "Aurora"
        ]
    ],
    "checkver": {
        "github": "https://github.com/antonpup/Aurora"
    },
    "autoupdate": {
        "url": "https://github.com/antonpup/Aurora/releases/download/v$version/Aurora-v$version.zip"
    }
}
