{
    "version": "1.22.6",
    "description": "Authenticate to websites with german ID.",
    "homepage": "https://www.ausweisapp.bund.de/en/ausweisapp2-home/",
    "license": "EUPL-1.2",
    "url": "https://github.com/Governikus/AusweisApp2/releases/download/1.22.6/AusweisApp2-1.22.6.msi",
    "hash": "a5721665dc6f2e6e4dd944dbf631274047e599d1f85f47ecb4d2bf093c13d941",
    "extract_dir": "AusweisApp2",
    "shortcuts": [
        [
            "AusweisApp2.exe",
            "AusweisApp2"
        ]
    ],
    "checkver": {
        "github": "https://github.com/Governikus/AusweisApp2"
    },
    "autoupdate": {
        "url": "https://github.com/Governikus/AusweisApp2/releases/download/$version/AusweisApp2-$version.msi",
        "hash": {
            "url": "$url.sha256"
        }
    }
}
