{
    "version": "1.1.34.03",
    "description": "The ultimate automation scripting language for Windows.",
    "homepage": "https://www.autohotkey.com/",
    "license": "GPL-2.0-or-later",
    "url": "https://github.com/Lexikos/AutoHotkey_L/releases/download/v1.1.34.03/AutoHotkey_1.1.34.03_setup.exe#/autohotkey-installer.exe",
    "hash": "98ba5fe44ef68256a7e5692d45f2ad434b64eece32859ce3723803f36a6e4d55",
    "architecture": {
        "64bit": {
            "installer": {
                "args": [
                    "/S",
                    "/x64",
                    "/uiAccess=0",
                    "/IsHostApp=1",
                    "/D=\"$dir\""
                ],
                "keep": true
            },
            "bin": [
                "autohotkeyu64.exe",
                [
                    "autohotkeyu64.exe",
                    "autohotkey"
                ],
                "compiler\\ahk2exe.exe"
            ]
        },
        "32bit": {
            "installer": {
                "args": [
                    "/S",
                    "/U32",
                    "/uiAccess=0",
                    "/IsHostApp=1",
                    "/D=\"$dir\""
                ],
                "keep": true
            },
            "bin": [
                "autohotkeyu32.exe",
                [
                    "autohotkeyu32.exe",
                    "autohotkey"
                ],
                "compiler\\ahk2exe.exe"
            ]
        }
    },
    "pre_install": " Write-Host 'Installing AutoHotKey with their installer and its own options ( create registry keys removed by uninstaller )' -ForegroundColor Magenta ",
    "uninstaller": {
        "file": "autohotkey-installer.exe",
        "args": "/Uninstall"
    },
    "checkver": {
        "github": "https://github.com/lexikos/autohotkey_l"
    },
    "autoupdate": {
        "url": "https://github.com/Lexikos/AutoHotkey_L/releases/download/v$version/AutoHotkey_$version_setup.exe#/autohotkey-installer.exe"
    }
}
