{
    "version": "1.1.34.03",
    "description": "The ultimate automation scripting language for Windows.",
    "homepage": "https://www.autohotkey.com/",
    "license": "GPL-2.0-or-later",
    "url": "https://github.com/Lexikos/AutoHotkey_L/releases/download/v1.1.34.03/AutoHotkey_1.1.34.03_setup.exe#/dl.7z",
    "hash": "98ba5fe44ef68256a7e5692d45f2ad434b64eece32859ce3723803f36a6e4d55",
    "architecture": {
        "64bit": {
            "bin": [
                "autohotkeyu64.exe",
                [
                    "autohotkeyu64.exe",
                    "autohotkey"
                ],
                "compiler\\ahk2exe.exe"
            ]
        },
        "32bit": {
            "bin": [
                "autohotkeyu32.exe",
                [
                    "autohotkeyu32.exe",
                    "autohotkey"
                ],
                "compiler\\ahk2exe.exe"
            ]
        }
    },
    "checkver": {
        "github": "https://github.com/lexikos/autohotkey_l"
    },
    "autoupdate": {
        "url": "https://github.com/Lexikos/AutoHotkey_L/releases/download/v$version/AutoHotkey_$version_setup.exe#/dl.7z"
    }
}
