{
    "version": "2.0-beta.7",
    "description": "The ultimate automation scripting language for Windows.",
    "homepage": "https://www.autohotkey.com/",
    "license": "GPL-2.0-or-later",
    "url": "https://www.autohotkey.com/download/2.0/AutoHotkey_2.0-beta.7.zip",
    "hash": "24f55a484469468160875e6c57f2f42c467d217927f64738589b8410553869b0",
    "architecture": {
        "64bit": {
            "bin": [
                [
                    "autohotkey64.exe",
                    "autohotkey2"
                ]
            ]
        },
        "32bit": {
            "bin": [
                [
                    "autohotkey32.exe",
                    "autohotkey2"
                ]
            ]
        }
    },
    "checkver": {
        "url": "https://www.autohotkey.com/download/2.0/version.txt",
        "regex": "([\\d.]+[-a-z]*[\\d.]+)"
    },
    "autoupdate": {
        "url": "https://www.autohotkey.com/download/2.0/AutoHotkey_$version.zip",
        "hash": {
            "url": "https://www.autohotkey.com/download/2.0/AutoHotkey_$version.zip.sha256"
        }
    }
}
