{
    "version": "21.316.1639.0.0",
    "description": "AutoIt Script Editor",
    "homepage": "https://www.autoitscript.com/site/autoit-script-editor/",
    "license": {
        "identifier": "Freeware",
        "url": "https://www.autoitscript.com/autoit3/docs/license.htm"
    },
    "depends": "autoit",
    "url": "https://www.autoitscript.com/autoit3/scite/download/SciTE4AutoIt3_Portable.zip",
    "hash": "9e41b60753b566af3333601a9720607fbf71a248c2e7225b5ee1fec0ca852722",
    "pre_install": [
        "$autoit = versiondir 'autoit' 'current'",
        "Remove-Item \"$autoit\\SciTe\" -Recurse -Force",
        "New-Item -Path \"$autoit\\SciTE\" -Value \"$dir\" -ItemType Junction | Out-Null"
    ],
    "bin": [
        "Au3Stripper\\AU3Stripper.exe",
        "Tidy\\Tidy.exe"
    ],
    "checkver": {
        "url": "https://www.autoitscript.com/autoit3/scite/docs/History.html",
        "regex": "AutoIt3Wrapper v([\\d.]+)"
    },
    "autoupdate": {
        "url": "https://www.autoitscript.com/autoit3/scite/download/SciTE4AutoIt3_Portable.zip"
    }
}
