{
    "version": "2.8.0",
    "description": "Video editor designed for simple cutting, filtering and encoding tasks",
    "homepage": "http://fixounet.free.fr/avidemux/",
    "license": "GPL-2.0-only",
    "architecture": {
        "64bit": {
            "url": "https://github.com/mean00/avidemux2/releases/download/2.8.0/avidemux_2.8.0_win64.exe#/dl.7z",
            "hash": "5b3aeabeaad29b785c76c87536054ad3c98618037e9e43812543cb555405e894"
        }
    },
    "bin": [
        [
            "avidemux_cli.exe",
            "avidemux"
        ]
    ],
    "post_install": "'$PLUGINSDIR', 'uninstall.exe' | ForEach-Object { Remove-Item \"$dir\\$_\" -Recurse -Force }",
    "shortcuts": [
        [
            "avidemux.exe",
            "Avidemux"
        ],
        [
            "avidemux_jobs.exe",
            "Avidemux Jobs"
        ]
    ],
    "checkver": {
        "github": "https://github.com/mean00/avidemux2"
    },
    "autoupdate": {
        "architecture": {
            "64bit": {
                "url": "https://github.com/mean00/avidemux2/releases/download/$version/avidemux_$version_win64.exe#/dl.7z"
            }
        }
    }
}
