{
    "version": "2.14",
    "description": "A GUI for AVRDUDE",
    "homepage": "https://blog.zakkemble.net/avrdudess-a-gui-for-avrdude/",
    "license": "GPL-3.0-only",
    "url": "https://github.com/ZakKemble/AVRDUDESS/releases/download/v2.14/AVRDUDESS-2.14-portable.zip",
    "hash": "c77c5cb092c12553bc5dd578394bde67828ba8de73ff3d05b0d2db18748da07b",
    "shortcuts": [
        [
            "avrdudess.exe",
            "AVRDUDESS"
        ]
    ],
    "persist": [
        "config.xml",
        "presets.xml"
    ],
    "checkver": {
        "github": "https://github.com/ZakKemble/AVRDUDESS"
    },
    "autoupdate": {
        "url": "https://github.com/ZakKemble/AVRDUDESS/releases/download/v$version/AVRDUDESS-$version-portable.zip",
        "hash": {
            "url": "$baseurl/SHA256SUMS"
        }
    }
}
