{
    "version": "2.7.2.1",
    "description": "An enhanced version of AvsP for editing and previewing AviSynth scripts",
    "homepage": "https://github.com/gispos/AvsPmod",
    "license": "GPL-2.0-only",
    "architecture": {
        "64bit": {
            "url": "https://github.com/gispos/AvsPmod/releases/download/2.7.2.1/AvsPmod_v2.7.2.1_.Windows_x86-64.zip",
            "hash": "1677f5faf8bb9e667c08bfc5d70761d0cb0b2ac05e2e399f988c5cc25522f1d3"
        },
        "32bit": {
            "url": "https://github.com/gispos/AvsPmod/releases/download/2.7.2.1/AvsPmod_v2.7.2.1_.Windows_x86-32.zip",
            "hash": "679727d81b995c3c35844bdca5d99f135a10030937b575f9572c4bc403da567a"
        }
    },
    "extract_dir": "AvsPmod",
    "shortcuts": [
        [
            "AvsPmod.exe",
            "AvsPmod"
        ]
    ],
    "checkver": "github",
    "autoupdate": {
        "architecture": {
            "64bit": {
                "url": "https://github.com/gispos/AvsPmod/releases/download/$version/AvsPmod_v$version_.Windows_x86-64.zip"
            },
            "32bit": {
                "url": "https://github.com/gispos/AvsPmod/releases/download/$version/AvsPmod_v$version_.Windows_x86-32.zip"
            }
        }
    }
}
