{
    "version": "3.3.0",
    "description": "NoSQL database designer for Amazon DynamoDB and Amazon Keyspaces",
    "homepage": "https://aws.amazon.com/dynamodb/nosql-workbench/",
    "license": {
        "identifier": "Proprietary",
        "url": "https://aws.amazon.com/nosql/nosql-workbench-license/"
    },
    "architecture": {
        "64bit": {
            "url": "https://s3.amazonaws.com/nosql-workbench/NoSQL%20Workbench-win-3.3.0.exe#/dl.7z",
            "hash": "sha512:730763eb7b9cbfcf68dbbc1c8abcf9ec14278fd4e7d178b08db063dd8f393794071b0845ad0ee31b46df0129890e2a983817d2a96ef6567d51d02b498e797c86",
            "pre_install": [
                "Expand-7zipArchive \"$dir\\`$PLUGINSDIR\\app-64.7z\" \"$dir\"",
                "Remove-Item \"$dir\\`$*\", \"$dir\\Uninstall*\" -Recurse"
            ]
        }
    },
    "shortcuts": [
        [
            "NoSQL Workbench.exe",
            "NoSQL Workbench"
        ]
    ],
    "checkver": {
        "url": "https://docs.aws.amazon.com/amazondynamodb/latest/developerguide/workbench.settingup.html",
        "regex": "NoSQL Workbench-win-([\\d.]+)\\.exe"
    },
    "autoupdate": {
        "architecture": {
            "64bit": {
                "url": "https://s3.amazonaws.com/nosql-workbench/NoSQL%20Workbench-win-$version.exe#/dl.7z"
            }
        },
        "hash": {
            "url": "$url.sha512"
        }
    }
}
