{
    "version": "1.24.3",
    "description": "Easily manage the contents of Azure storage account.",
    "homepage": "https://azure.microsoft.com/en-us/features/storage-explorer/",
    "license": "CC-BY-4.0",
    "url": "https://github.com/microsoft/AzureStorageExplorer/releases/download/v1.24.3/Windows_StorageExplorer.exe",
    "hash": "3bb6a142cff542b020f49ad211d93c2ec1e3911e662567eec9f1b1fc1e950ea3",
    "innosetup": true,
    "bin": "StorageExplorer.exe",
    "shortcuts": [
        [
            "StorageExplorer.exe",
            "Azure Storage Explorer"
        ]
    ],
    "checkver": {
        "github": "https://github.com/microsoft/AzureStorageExplorer"
    },
    "autoupdate": {
        "url": "https://github.com/microsoft/AzureStorageExplorer/releases/download/v$version/Windows_StorageExplorer.exe"
    }
}
