{
    "version": "0.14.9",
    "description": "Azure IoT devices manager",
    "homepage": "https://github.com/Azure/azure-iot-explorer",
    "license": "MIT",
    "architecture": {
        "64bit": {
            "url": "https://github.com/Azure/azure-iot-explorer/releases/download/v0.14.9/Azure.IoT.Explorer.preview.0.14.9.msi",
            "hash": "38c516c360f544c0e1f5a127a57ff707b02e9b33104a1e7742f3f15249cb906c"
        }
    },
    "extract_dir": "azure-iot-explorer",
    "shortcuts": [
        [
            "Azure IoT explorer.exe",
            "Azure IoT explorer"
        ]
    ],
    "checkver": "github",
    "autoupdate": {
        "architecture": {
            "64bit": {
                "url": "https://github.com/Azure/azure-iot-explorer/releases/download/v$version/Azure.IoT.Explorer.preview.$version.msi"
            }
        }
    }
}
