{
    "version": "1.37.0",
    "description": "Data management tool that enables work with SQL Server, Azure SQL DB and SQL DW.",
    "homepage": "https://docs.microsoft.com/en-us/sql/azure-data-studio",
    "license": "MIT",
    "architecture": {
        "64bit": {
            "url": "https://azuredatastudio-update.azurewebsites.net/1.37.0/win32-x64-archive/stable#/dl.7z",
            "hash": "2e7f22d5eeaa5104722da6cb696e63236364836a14f571861893d15fa5bb3bee"
        }
    },
    "bin": "bin\\azuredatastudio.cmd",
    "shortcuts": [
        [
            "azuredatastudio.exe",
            "Azure Data Studio"
        ]
    ],
    "checkver": {
        "github": "https://github.com/microsoft/azuredatastudio"
    },
    "autoupdate": {
        "architecture": {
            "64bit": {
                "url": "https://azuredatastudio-update.azurewebsites.net/$version/win32-x64-archive/stable#/dl.7z"
            }
        }
    }
}
