{
    "version": "14.0.0.2",
    "description": "A free character map application to browse through the entire Unicode character repertoire.",
    "homepage": "https://www.babelstone.co.uk/Software/BabelMap.html",
    "license": "Freeware",
    "url": "http://www.babelstone.co.uk/Software/Download/BabelMap.zip",
    "hash": "82b12fbf292d448e81880556eaead2dee8aba4e2967f768c101b3c7dbf2654e8",
    "bin": "BabelMap.exe",
    "shortcuts": [
        [
            "BabelMap.exe",
            "BabelMap"
        ]
    ],
    "checkver": {
        "url": "http://www.babelstone.co.uk/Software/BabelMap_Versions.html",
        "regex": ">([\\d.]+)<"
    },
    "autoupdate": {
        "url": "http://www.babelstone.co.uk/Software/Download/BabelMap.zip"
    }
}
