{
    "version": "1.0.0-preview.32",
    "description": "GraphQL IDE",
    "homepage": "https://chillicream.com/docs/bananacakepop",
    "license": "MIT",
    "architecture": {
        "64bit": {
            "url": "https://download.chillicream.com/bananacakepop/BananaCakePop-1.0.0-preview.32-win-x64.exe#/dl.7z",
            "hash": "a8ba51d1fb9de22eb1cd258b732a4084fc3290fee14ad3c3817c35c3c2e6d91f",
            "pre_install": [
                "Expand-7zipArchive \"$dir\\`$PLUGINSDIR\\app-64.7z\" -DestinationPath \"$dir\"",
                "Remove-Item \"$dir\\`$PLUGINSDIR\", \"$dir\\Uninst*\" -Recurse"
            ]
        }
    },
    "shortcuts": [
        [
            "Banana Cake Pop.exe",
            "Banana Cake Pop"
        ]
    ],
    "checkver": {
        "url": "https://github.com/ChilliCream/hotchocolate/blob/main/website/src/docs/bananacakepop/install.md",
        "regex": "BananaCakePop-([\\w.-]+)-win-x64\\.exe"
    },
    "autoupdate": {
        "architecture": {
            "64bit": {
                "url": "https://download.chillicream.com/bananacakepop/BananaCakePop-$version-win-x64.exe#/dl.7z"
            }
        }
    }
}
