{
    "version": "3.50a",
    "description": "A free real-time log file monitoring tool",
    "homepage": "https://www.baremetalsoft.com/baretail/",
    "license": {
        "identifier": "Freeware",
        "url": "https://www.baremetalsoft.com/baretail/licence.php"
    },
    "url": "https://www.baremetalsoft.com/baretail/download.php?p=m#/baretail.exe",
    "hash": "160d6a3bdc9d64677643376f82e559eb4112289e6b6d722b5b3b32699d18bca9",
    "bin": "baretail.exe",
    "shortcuts": [
        [
            "baretail.exe",
            "Baretail"
        ]
    ]
}
