{
    "version": "2022.01.27",
    "description": "A XUL-based web-browser demonstrating the Unified XUL Platform (UXP). This browser is a close twin to pre-Servo Firefox in how it operates.",
    "homepage": "https://www.basilisk-browser.org",
    "license": "MPL-2.0",
    "architecture": {
        "64bit": {
            "url": "http://us.basilisk-browser.org/release/basilisk-latest.win64.installer.exe#/dl.7z",
            "hash": "3324e597f3a8a4686f4dd4db8f76a8c91cbc1230c536f85d8122c5b2be903701"
        }
    },
    "extract_dir": "core",
    "bin": "basilisk.exe",
    "shortcuts": [
        [
            "basilisk.exe",
            "Basilisk"
        ]
    ],
    "checkver": {
        "url": "https://www.basilisk-browser.org/releasenotes.shtml",
        "regex": ">v([\\d.]+)"
    },
    "autoupdate": {
        "architecture": {
            "64bit": {
                "url": "http://us.basilisk-browser.org/release/basilisk-latest.win64.installer.exe#/dl.7z"
            }
        },
        "hash": {
            "url": "https://www.basilisk-browser.org/download.shtml",
            "regex": "$basename:\\s+$sha256"
        }
    }
}
