{
    "version": "0.40",
    "description": "Batch file (.bat) linter",
    "homepage": "https://www.robvanderwoude.com",
    "license": {
        "identifier": "Freeware",
        "url": "https://www.robvanderwoude.com"
    },
    "url": "https://www.robvanderwoude.com/files/batcodecheck.zip",
    "hash": "md5:4a4ff678849f7bc082e91b85b77dafea",
    "bin": "BatCodeCheck.exe",
    "checkver": {
        "url": "https://www.robvanderwoude.com/helptext.php?src=batcodecheck_cs_help",
        "regex": "BatCodeCheck,\\s+Version\\s+([\\d.]+)"
    },
    "autoupdate": {
        "url": "https://www.robvanderwoude.com/files/batcodecheck.zip",
        "hash": {
            "url": "https://www.robvanderwoude.com/csharpexamples.php",
            "regex": "$basename','$md5'"
        }
    }
}
