{
    "version": "0.9.36",
    "description": "Tool to optimize the usage and performance of the modern laptop's battery. ",
    "license": "Freeware",
    "homepage": "https://batterycare.net/",
    "url": "https://batterycare.net/files/BatteryCarePortable.zip",
    "hash": "66c6056c2bd205726c3e81cd0244ec96c80eef15f8e4cc4fc693b285f42d1627",
    "shortcuts": [
        [
            "BatteryCare.exe",
            "BatteryCare"
        ]
    ],
    "checkver": {
        "url": "https://batterycare.net/en/download.html",
        "regex": "Version ([\\d.]+)"
    },
    "autoupdate": {
        "url": "https://batterycare.net/files/BatteryCarePortable.zip"
    }
}
