{
    "version": "1.0.0.0",
    "description": "A stand-alone implementation of the amazing Milkdrop2 Winamp plug-in.",
    "homepage": "https://github.com/mvsoft74/BeatDrop",
    "license": "BSD-3-Clause",
    "url": "https://github.com/mvsoft74/BeatDrop/releases/download/v1.0.0.0/BeatDrop-bin-1.0.0.0.zip",
    "hash": "0587e1b3cf29b573bbe96cb2f62390e4ac3281e1423d75b24a05801889af8fce",
    "extract_dir": "BeatDrop",
    "bin": "BeatDrop.exe",
    "checkver": "github",
    "autoupdate": {
        "url": "https://github.com/mvsoft74/BeatDrop/releases/download/v$version/BeatDrop-bin-$version.zip"
    }
}
