{
    "version": "14.0",
    "description": "An open-source text substitution/snippet management tool.",
    "homepage": "https://beeftext.org/",
    "license": "MIT",
    "architecture": {
        "64bit": {
            "url": "https://github.com/xmichelo/Beeftext/releases/download/v14.0/Beeftext-14.0-PortableEdition.zip",
            "hash": "58f6a7ed9ec374023780061bf0a1dc33746c240dd0dbd690bfebd70752625053"
        }
    },
    "extract_dir": "BeeftextPortableEdition",
    "shortcuts": [
        [
            "Beeftext.exe",
            "Beeftext"
        ]
    ],
    "persist": "Data",
    "checkver": {
        "github": "https://github.com/xmichelo/Beeftext"
    },
    "autoupdate": {
        "architecture": {
            "64bit": {
                "url": "https://github.com/xmichelo/Beeftext/releases/download/v$version/Beeftext-$version-PortableEdition.zip"
            }
        }
    }
}
