{
    "version": "3.6.2",
    "description": "SQL editor and database management",
    "homepage": "https://www.beekeeperstudio.io",
    "license": "MIT",
    "architecture": {
        "64bit": {
            "url": "https://github.com/beekeeper-studio/beekeeper-studio/releases/download/v3.6.2/Beekeeper-Studio-Setup-3.6.2.exe#/dl.7z",
            "hash": "sha512:ce49fd2624171dc4dbe80eb412b3f75b4455baa40ff99d2fc86fdf645be13bae46dd94066d4d385ce3cb49a69fc61a589e9576ba207c4202e18fbfdd0790506e",
            "pre_install": [
                "Expand-7zipArchive \"$dir\\`$PLUGINSDIR\\app-64.7z\" \"$dir\"",
                "Remove-Item \"$dir\\`$*\", \"$dir\\Uninst*\" -Force -Recurse"
            ]
        }
    },
    "shortcuts": [
        [
            "Beekeeper Studio.exe",
            "Beekeeper Studio"
        ]
    ],
    "checkver": {
        "github": "https://github.com/beekeeper-studio/beekeeper-studio"
    },
    "autoupdate": {
        "architecture": {
            "64bit": {
                "url": "https://github.com/beekeeper-studio/beekeeper-studio/releases/download/v$version/Beekeeper-Studio-Setup-$version.exe#/dl.7z"
            }
        },
        "hash": {
            "url": "$baseurl/latest.yml",
            "regex": "sha512:\\s+$base64"
        }
    }
}
