{
    "version": "3.6.0",
    "description": "Interactive log viewer for flight logs recorded with blackbox",
    "homepage": "https://betaflight.com",
    "license": "GPL-3.0-or-later",
    "architecture": {
        "64bit": {
            "url": "https://github.com/betaflight/blackbox-log-viewer/releases/download/3.6.0/betaflight-blackbox-explorer_3.6.0_win64-installer.exe",
            "hash": "e5743ab6ff922211fa52383f29358297bc201e47277116ffce5b5d1c19efcf07"
        }
    },
    "innosetup": true,
    "pre_install": "Remove-Item \"$dir\\uninstall*\" -Recurse",
    "bin": "betaflight-blackbox-explorer.exe",
    "shortcuts": [
        [
            "betaflight-blackbox-explorer.exe",
            "Betaflight Blackbox Explorer"
        ]
    ],
    "checkver": {
        "github": "https://github.com/betaflight/blackbox-log-viewer"
    },
    "autoupdate": {
        "architecture": {
            "64bit": {
                "url": "https://github.com/betaflight/blackbox-log-viewer/releases/download/$version/betaflight-blackbox-explorer_$version_win64-installer.exe"
            }
        }
    }
}
