{
    "version": "10.8.0",
    "description": "A configuration tool for the Betaflight flight control system",
    "homepage": "https://betaflight.com",
    "license": "GPL-3.0-or-later",
    "architecture": {
        "64bit": {
            "url": "https://github.com/betaflight/betaflight-configurator/releases/download/10.8.0/betaflight-configurator_10.8.0_win64-installer.exe",
            "hash": "10dabf1193dfd55893aba1a8dd4217bcfdb26583c4d851303543235ac2955df7"
        }
    },
    "innosetup": true,
    "pre_install": "Remove-Item \"$dir\\uninstall*\" -Recurse",
    "bin": "betaflight-configurator.exe",
    "shortcuts": [
        [
            "betaflight-configurator.exe",
            "Betaflight Configurator"
        ]
    ],
    "checkver": {
        "github": "https://github.com/betaflight/betaflight-configurator"
    },
    "autoupdate": {
        "architecture": {
            "64bit": {
                "url": "https://github.com/betaflight/betaflight-configurator/releases/download/$version/betaflight-configurator_$version_win64-installer.exe"
            }
        }
    }
}
