{
    "version": "4.4.3.26655",
    "description": "Directory and file compare functions in one package",
    "homepage": "https://www.scootersoftware.com",
    "license": {
        "identifier": "Shareware",
        "url": "https://www.scootersoftware.com/index.php?zz=kb_licensev4"
    },
    "notes": "Add Beyond Compare as a context menu option by running: '$dir\\install-context.reg'",
    "architecture": {
        "64bit": {
            "url": "https://www.scootersoftware.com/BCompare-4.4.3.26655_x64.msi",
            "hash": "20d96d8e27e104fcd157f980fa206e3d29545f9705dfb934090f7a2a2fcb6dc3"
        },
        "32bit": {
            "url": "https://www.scootersoftware.com/BCompare-4.4.3.26655_x86.msi",
            "hash": "3a030b5f63c9fee73ac731e396e044d19d058a4fc04dc54100cf092eccf146e2"
        }
    },
    "extract_dir": "Beyond Compare 4",
    "bin": "Bcomp.exe",
    "shortcuts": [
        [
            "BCompare.exe",
            "Beyond Compare 4"
        ],
        [
            "BCClipboard.exe",
            "Clipboard Compare"
        ]
    ],
    "post_install": [
        "$dir_escaped = \"$dir\".Replace('\\', '\\\\')",
        "\"install-context-$architecture\", \"uninstall-context\" | ForEach-Object {",
        "  if (Test-Path \"$bucketsdir\\extras\\scripts\\beyondcompare\\$_.reg\") {",
        "    $content = Get-Content \"$bucketsdir\\extras\\scripts\\beyondcompare\\$_.reg\"",
        "    $content = $content.Replace('$install_dir', $dir_escaped)",
        "    if ($global) {",
        "      $content = $content.Replace('HKEY_CURRENT_USER', 'HKEY_LOCAL_MACHINE')",
        "    }",
        "    $outfile_no_arch = $_.Replace(\"-$architecture\", \"\")",
        "    $content | Set-Content -Path \"$dir\\$outfile_no_arch.reg\"",
        "  }",
        "}"
    ],
    "checkver": {
        "url": "https://www.scootersoftware.com/download.php?zz=kb_dl4_winalternate",
        "regex": "BCompare-([\\d.]+)_x64\\.msi"
    },
    "autoupdate": {
        "architecture": {
            "64bit": {
                "url": "https://www.scootersoftware.com/BCompare-$version_x64.msi"
            },
            "32bit": {
                "url": "https://www.scootersoftware.com/BCompare-$version_x86.msi"
            }
        }
    }
}
