{
    "version": "2022.05.30",
    "description": "Professional archiving, cataloging, and library management suite providing connectivity to PostgreSQL and SQLite.",
    "homepage": "https://textbrowser.github.io/biblioteq/",
    "license": " BSD-3-Clause",
    "suggest": {
        "vcredist": "extras/vcredist2022"
    },
    "url": "https://github.com/textbrowser/biblioteq/releases/download/2022.05.30/BiblioteQ.zip",
    "hash": "d9ce4e932d5f8a4168a140c4477ec891c4fd47644d4bed2d5c2876178d517b7e",
    "extract_dir": "BiblioteQ",
    "pre_install": "Remove-Item \"$dir\\vc_red*\"",
    "shortcuts": [
        [
            "BiblioteQ.exe",
            "BiblioteQ"
        ]
    ],
    "persist": ".biblioteq",
    "checkver": {
        "github": "https://github.com/textbrowser/biblioteq"
    },
    "autoupdate": {
        "url": "https://github.com/textbrowser/biblioteq/releases/download/$version/BiblioteQ.zip"
    }
}
