{
    "version": "1.12",
    "description": "Manager for BITS (Background Intelligent Transfer Service) for Windows.",
    "homepage": "https://github.com/microsoft/BITS-Manager/",
    "license": "MIT",
    "url": "https://github.com/microsoft/BITS-Manager/releases/download/v1.12/BITSManager.msi",
    "hash": "ac3e204d782d54375080b22cf9f3517f8b107362173c84ab5b3dd58a10c50469",
    "extract_dir": "PFiles\\BITS Manager",
    "shortcuts": [
        [
            "BitsManager.exe",
            "BITS Manager"
        ]
    ],
    "checkver": "github",
    "autoupdate": {
        "url": "https://github.com/microsoft/BITS-Manager/releases/download/v$version/BITSManager.msi"
    }
}
