{
    "version": "4.4.2",
    "description": "Disk space cleaner, privacy manager, and computer system optimizer.",
    "homepage": "https://www.bleachbit.org/",
    "license": "GPL-3.0-or-later",
    "url": "https://download.bleachbit.org/BleachBit-4.4.2-portable.zip",
    "hash": "3cc1fb7edf92e90330e833b1abe6148762aea61b6d712aa1c764018dd8c70e32",
    "extract_dir": "BleachBit-portable",
    "bin": [
        "bleachbit_console.exe",
        [
            "bleachbit_console.exe",
            "bleachbit"
        ]
    ],
    "shortcuts": [
        [
            "bleachbit.exe",
            "BleachBit"
        ]
    ],
    "persist": [
        "cleaners",
        "BleachBit.ini"
    ],
    "checkver": {
        "useragent": "Scoop",
        "url": "https://www.bleachbit.org/download/windows",
        "regex": "BleachBit ([\\d.]+)"
    },
    "autoupdate": {
        "url": "https://download.bleachbit.org/BleachBit-$version-portable.zip"
    }
}
