{
    "version": "1.15.0",
    "description": "Standalone client for managing official builds of Blender 3D",
    "homepage": "https://github.com/DotBow/Blender-Launcher",
    "license": "GPL-3.0-or-later",
    "architecture": {
        "64bit": {
            "url": "https://github.com/DotBow/Blender-Launcher/releases/download/v1.15.0/Blender_Launcher_v1.15.0_Windows_x64.zip",
            "hash": "a08475cc8b07da23502bd34865f997170a6205b981ed35b3b7dcc05779dfe1f3"
        }
    },
    "bin": [
        [
            "Blender Launcher.exe",
            "blender-launcher"
        ]
    ],
    "shortcuts": [
        [
            "Blender Launcher.exe",
            "Blender Launcher"
        ]
    ],
    "checkver": "github",
    "autoupdate": {
        "architecture": {
            "64bit": {
                "url": "https://github.com/DotBow/Blender-Launcher/releases/download/v$version/Blender_Launcher_v$version_Windows_x64.zip"
            }
        }
    }
}
