{
    "version": "2.2.9",
    "description": "Control and hook events to blink(1).",
    "homepage": "https://blink1.thingm.com/",
    "license": "Apache-2.0",
    "architecture": {
        "64bit": {
            "url": "https://github.com/todbot/Blink1Control2/releases/download/v2.2.9/Blink1Control2-2.2.9-win-x64.zip",
            "hash": "819154d05a1684f74e47a08f8536bf4983eb5ab318fa198a72e348eff4b7fabd"
        },
        "32bit": {
            "url": "https://github.com/todbot/Blink1Control2/releases/download/v2.2.9/Blink1Control2-2.2.9-win-ia32.zip",
            "hash": "041445f7429de8edeadd8a11318e13a28be39f872086626e564ecd529f28afce"
        }
    },
    "bin": "Blink1Control2.exe",
    "shortcuts": [
        [
            "Blink1Control2.exe",
            "Blink1Control2"
        ]
    ],
    "checkver": {
        "github": "https://github.com/todbot/Blink1Control2"
    },
    "autoupdate": {
        "architecture": {
            "64bit": {
                "url": "https://github.com/todbot/Blink1Control2/releases/download/v$version/Blink1Control2-$version-win-x64.zip"
            },
            "32bit": {
                "url": "https://github.com/todbot/Blink1Control2/releases/download/v$version/Blink1Control2-$version-win-ia32.zip"
            }
        }
    }
}
