{
    "version": "0.6.0",
    "description": "Grep with colours",
    "homepage": "https://github.com/arsham/blush",
    "license": "MIT",
    "url": "https://github.com/arsham/blush/releases/download/v0.6.0/blush_windows_v0.6.0.zip",
    "hash": "bc0da24b6a0bc37104b8f3c5741c79ba676aa4f7445d7203a9ff04f45f03f991",
    "bin": "blush.exe",
    "checkver": "github",
    "autoupdate": {
        "url": "https://github.com/arsham/blush/releases/download/v$version/blush_windows_v$version.zip"
    }
}
