{
    "version": "0.9.11",
    "description": "A powerful and easy-to-use multimedia player, formerly known as CMPlayer.",
    "homepage": "https://bomi-player.github.io/",
    "license": "GPL-2.0-only",
    "architecture": {
        "64bit": {
            "url": "http://master.dl.sourceforge.net/project/bomi/windows/latest/bomi-64bit.7z",
            "hash": "sha1:d16ec385d3b0124c22118b4c7b0347162ef4c625"
        },
        "32bit": {
            "url": "http://master.dl.sourceforge.net/project/bomi/windows/latest/bomi-32bit.7z",
            "hash": "sha1:c5eb8e7c84e4cd3be4e92d1aabe1645f61b573c2"
        }
    },
    "extract_dir": "bomi",
    "bin": "bomi.exe",
    "shortcuts": [
        [
            "bomi.exe",
            "BomiPlayer"
        ]
    ],
    "checkver": {
        "github": "https://github.com/xylosper/bomi"
    },
    "autoupdate": {
        "architecture": {
            "64bit": {
                "url": "http://master.dl.sourceforge.net/project/bomi/windows/latest/bomi-64bit.7z"
            },
            "32bit": {
                "url": "http://master.dl.sourceforge.net/project/bomi/windows/latest/bomi-32bit.7z"
            }
        }
    }
}
