{
    "version": "2.7.2",
    "description": "A Clojure build framework and ad-hoc Clojure script evaluator.",
    "homepage": "https://github.com/boot-clj/boot",
    "license": "EPL-1.0",
    "suggest": {
        "JDK": [
            "java/oraclejdk",
            "java/openjdk"
        ]
    },
    "url": "https://github.com/boot-clj/boot-bin/releases/download/2.7.2/boot.exe",
    "hash": "a059da037fd6f9d2282581ecceacc57a61d4f5a13d05316554c22cbb14528273",
    "bin": "boot.exe",
    "checkver": {
        "url": "https://github.com/boot-clj/boot-bin/releases",
        "regex": "download/([\\d.]+)/boot\\.exe"
    },
    "autoupdate": {
        "url": "https://github.com/boot-clj/boot-bin/releases/download/$version/boot.exe"
    }
}
