{
    "version": "2.1.2",
    "description": "A modern, open source text editor that understands web design.",
    "homepage": "http://brackets.io/",
    "license": "MIT",
    "url": "https://github.com/brackets-cont/brackets/releases/download/v2.1.2-release/Brackets.2.1.2.exe#/dl.exe",
    "hash": "18ecc7cac987db5677ee0e5d0c5418ee0895c05e74168e7032a3490e5e5ea4a7",
    "depends": "lessmsi",
    "pre_install": [
        "New-Item \"$dir\\installer\" -ItemType Directory | Out-Null",
        "Invoke-ExternalCommand \"$dir\\dl.exe\" -ArgumentList \"/extract:`\"$dir\\installer`\"\" | Out-Null",
        "# Workaround for #8436",
        "Invoke-ExternalCommand lessmsi -ArgumentList @('x', \"`\"$dir\\installer\\Brackets.msi`\"\", \"`\"$dir\\`\"\") -LogPath \"$dir\\msi.log\" | Out-Null",
        "if (Get-Process 'msiexec' -ErrorAction SilentlyContinue) { Start-Sleep -Seconds 2 }",
        "Move-Item \"$dir\\SourceDir\\APPDIR\\*\" \"$dir\\\"",
        "Remove-Item \"$dir\\SourceDir\", \"$dir\\installer\", \"$dir\\dl.exe\", \"$dir\\msi.log\" -Force -Recurse"
    ],
    "bin": "brackets.exe",
    "shortcuts": [
        [
            "brackets.exe",
            "Brackets"
        ]
    ],
    "checkver": {
        "github": "https://github.com/brackets-cont/brackets"
    },
    "autoupdate": {
        "url": "https://github.com/brackets-cont/brackets/releases/download/v$version-release/Brackets.$version.exe#/dl.exe"
    }
}
