{
    "version": "1.41.99",
    "description": "Secure, Fast & Private Web Browser with Adblocker",
    "homepage": "https://brave.com",
    "license": {
        "identifier": "Freeware,BSD-3-Clause,GPL-3.0-only,...",
        "url": "https://github.com/brave/brave-browser/blob/master/LICENSE"
    },
    "architecture": {
        "64bit": {
            "url": "https://github.com/brave/brave-browser/releases/download/v1.41.99/brave-v1.41.99-win32-x64.zip",
            "hash": "613b3e2950550d78ca72ecf60b5828e5de5492bdf7f91f91a71862b50f386b4c"
        },
        "32bit": {
            "url": "https://github.com/brave/brave-browser/releases/download/v1.41.99/brave-v1.41.99-win32-ia32.zip",
            "hash": "103e5c555b2a8ba0c138895d83d647fa8b2ba9e0098f3fe1c6ed9a376b5e287d"
        }
    },
    "bin": [
        [
            "brave.exe",
            "brave",
            "--user-data-dir=\"$dir\\User Data\""
        ]
    ],
    "shortcuts": [
        [
            "brave.exe",
            "Brave",
            "--user-data-dir=\"$dir\\User Data\""
        ]
    ],
    "post_install": [
        "if (!(Test-Path \"$dir\\User Data\\*\") -and (Test-Path \"$persist_dir\\data\")) {",
        "    info '[Portable Mode]: Copying user data from portapps data directory . . .'",
        "    Copy-Item \"$persist_dir\\data\\*\" \"$dir\\User Data\" -Recurse",
        "}",
        "if (!(Test-Path \"$dir\\User Data\\*\") -and (Test-Path \"$env:LocalAppData\\BraveSoftware\\Brave-Browser\\User Data\")) {",
        "    info '[Portable Mode]: Copying user data from local application data directory . . .'",
        "    Copy-Item \"$env:LocalAppData\\BraveSoftware\\Brave-Browser\\User Data\\*\" \"$dir\\User Data\" -Recurse",
        "}"
    ],
    "persist": "User Data",
    "checkver": {
        "url": "https://api.github.com/repos/brave/brave-browser/releases",
        "regex": "Release v([\\d.]+)"
    },
    "autoupdate": {
        "architecture": {
            "64bit": {
                "url": "https://github.com/brave/brave-browser/releases/download/v$version/brave-v$version-win32-x64.zip"
            },
            "32bit": {
                "url": "https://github.com/brave/brave-browser/releases/download/v$version/brave-v$version-win32-ia32.zip"
            }
        }
    }
}
