{
    "version": "2.6.2",
    "description": "Opens required browser based on configuration",
    "homepage": "https://www.aloneguid.uk/projects/bt/",
    "license": "Freeware",
    "architecture": {
        "64bit": {
            "url": "https://www.aloneguid.uk/projects/bt/bin/bt-2.6.2.zip",
            "hash": "2384493683a318fed0c24e490f64b65a7cfb95a1904b7be468edb6f464cb3f53"
        }
    },
    "bin": "bt.exe",
    "shortcuts": [
        [
            "bt.exe",
            "Browser Tamer"
        ]
    ],
    "checkver": {
        "url": "https://www.aloneguid.uk/projects/bt/bin/latest.txt",
        "regex": "([\\d.]+)"
    },
    "autoupdate": {
        "architecture": {
            "64bit": {
                "url": "https://www.aloneguid.uk/projects/bt/bin/bt-$version.zip"
            }
        }
    }
}
