{
    "version": "5.3",
    "description": "Bulk program uninstaller with advanced automation",
    "homepage": "https://www.bcuninstaller.com/",
    "license": "Apache-2.0",
    "url": "https://github.com/Klocman/Bulk-Crap-Uninstaller/releases/download/v5.3/BCUninstaller_5.3_portable.zip",
    "hash": "494ca88f25a50d1768a76f753e8a98fec9cd686f75beb9280938cd48dfa8eaf8",
    "architecture": {
        "64bit": {
            "extract_dir": "win-x64"
        },
        "32bit": {
            "extract_dir": "win-x86"
        }
    },
    "pre_install": [
        "ensure \"$persist_dir\" | Out-Null",
        "Copy-Item \"$persist_dir\\BCUninstaller.settings\" \"$dir\" -ErrorAction 'SilentlyContinue'"
    ],
    "uninstaller": {
        "script": "Copy-Item \"$dir\\BCUninstaller.settings\" \"$persist_dir\" -ErrorAction 'SilentlyContinue' -Force"
    },
    "bin": [
        "BCU-console.exe",
        "BCUninstaller.exe",
        "OculusHelper.exe",
        "SteamHelper.exe",
        "StoreAppHelper.exe",
        "UninstallerAutomatizer.exe"
    ],
    "shortcuts": [
        [
            "BCUninstaller.exe",
            "Bulk Crap Uninstaller"
        ]
    ],
    "checkver": {
        "github": "https://github.com/Klocman/Bulk-Crap-Uninstaller"
    },
    "autoupdate": {
        "url": "https://github.com/Klocman/Bulk-Crap-Uninstaller/releases/download/v$version/BCUninstaller_$version_portable.zip"
    }
}
