{
    "version": "0.15.0",
    "description": "Translates Butane configs into Ignition configs.",
    "homepage": "https://coreos.github.io/butane/",
    "license": "Apache-2.0",
    "architecture": {
        "64bit": {
            "url": "https://github.com/coreos/butane/releases/download/v0.15.0/butane-x86_64-pc-windows-gnu.exe#/butane.exe",
            "hash": "fb30f4c36eadbe0dc635825baf10086650dc1d917711f21cb29118eeade5098a"
        }
    },
    "bin": "butane.exe",
    "checkver": {
        "github": "https://github.com/coreos/butane"
    },
    "autoupdate": {
        "architecture": {
            "64bit": {
                "url": "https://github.com/coreos/butane/releases/download/v$version/butane-x86_64-pc-windows-gnu.exe#/butane.exe"
            }
        }
    }
}
