{
    "version": "1.1.1",
    "description": "Graphical user interface for butterflow, a video manipulation tool.",
    "homepage": "https://github.com/wagesj45/butterflow-ui",
    "license": "MIT",
    "architecture": {
        "64bit": {
            "url": "https://github.com/wagesj45/butterflow-ui/releases/download/1.1.1/butterflow_ui.setup.msi",
            "hash": "60ec8454741603ff44947748996f88dabc683ddd2e56d09269057b884195fa8f"
        }
    },
    "extract_dir": "butterflow-ui",
    "bin": "butterflow-ui.exe",
    "shortcuts": [
        [
            "butterflow-ui.exe",
            "butterflow-ui"
        ]
    ],
    "checkver": "github",
    "autoupdate": {
        "architecture": {
            "64bit": {
                "url": "https://github.com/wagesj45/butterflow-ui/releases/download/$version/butterflow_ui.setup.msi"
            }
        }
    }
}
