{
    "version": "7.0.0",
    "description": "P2p/decentralized/local-first chat platform.",
    "homepage": "https://cabal.chat/",
    "license": "AGPL-3.0-only",
    "architecture": {
        "64bit": {
            "url": "https://github.com/cabal-club/cabal-desktop/releases/download/v7.0.0/cabal-desktop-7.0.0-windows.exe#/dl.7z",
            "hash": "sha512:a0e5d919e2aff96a9ee04d514075d9c5619645ad587b2d410c2009aadfef6e3ccb4902efe1331287bd8bb8dd2fa5152414c219085267fa39258f7a57bd1d889a"
        }
    },
    "bin": "Cabal.exe",
    "shortcuts": [
        [
            "Cabal.exe",
            "Cabal"
        ]
    ],
    "installer": {
        "script": [
            "Expand-7zipArchive \"$dir\\`$PLUGINSDIR\\app-64.7z\" \"$dir\"",
            "Remove-Item \"$dir\\`$PLUGINSDIR\", \"$dir\\Uninstall Cabal.exe\" -Recurse"
        ]
    },
    "checkver": {
        "github": "https://github.com/cabal-club/cabal-desktop"
    },
    "autoupdate": {
        "architecture": {
            "64bit": {
                "url": "https://github.com/cabal-club/cabal-desktop/releases/download/v$version/cabal-desktop-$version-windows.exe#/dl.7z",
                "hash": {
                    "url": "$baseurl/latest.yml",
                    "regex": "sha512: $base64"
                }
            }
        }
    }
}
