{
    "version": "0.4.198",
    "description": "Alternative desktop environment for Windows",
    "homepage": "https://cairoshell.com",
    "license": "Apache-2.0",
    "notes": ".NET 4.7.1 is required",
    "architecture": {
        "64bit": {
            "url": "https://github.com/cairoshell/cairoshell/releases/download/v0.4.198/CairoSetup_64bit.exe#/dl.7z",
            "hash": "5d825925e9ed15e56e9d060a97a41e604d16544ceff18648c5ab9ec18f590543"
        },
        "32bit": {
            "url": "https://github.com/cairoshell/cairoshell/releases/download/v0.4.198/CairoSetup_32bit.exe#/dl.7z",
            "hash": "5c94d00ab94632dffcd6f6187264ff224ce7db99d18f0bcc8ebbd35ef24d1e03"
        }
    },
    "pre_install": "Remove-Item \"$dir\\`$*\" -Recurse",
    "bin": "CairoDesktop.exe",
    "shortcuts": [
        [
            "CairoDesktop.exe",
            "Cairo Desktop"
        ]
    ],
    "checkver": {
        "url": "https://cairoshell.github.io/appdescriptor.rss",
        "regex": ">Cairo Desktop\\s+([\\d.]+)</"
    },
    "autoupdate": {
        "architecture": {
            "64bit": {
                "url": "https://github.com/cairoshell/cairoshell/releases/download/v$version/CairoSetup_64bit.exe#/dl.7z"
            },
            "32bit": {
                "url": "https://github.com/cairoshell/cairoshell/releases/download/v$version/CairoSetup_32bit.exe#/dl.7z"
            }
        }
    }
}
