{
    "version": "6.1.0",
    "description": "Powerful and easy to use e-book manager",
    "homepage": "https://calibre-ebook.com",
    "license": "GPL-3.0-only",
    "architecture": {
        "64bit": {
            "url": "https://download.calibre-ebook.com/6.1.0/calibre-portable-installer-6.1.0.exe",
            "hash": "sha512:b22f4f89a21ba752fb43846d7fdddec67e22a1190029b5b5b070b66cc4cc8cae8645a7f7026d1c4831ff0c096bef078ed8ab29715081b28b011f7d69bee026dc"
        }
    },
    "installer": {
        "script": [
            "Start-Process \"$dir\\calibre-portable-installer-$version.exe\" @(\"$dir\") -Wait",
            "Move-Item \"$dir\\Calibre Portable\\**\" \"$dir\"",
            "Remove-Item \"$dir\\Calibre Portable\""
        ]
    },
    "bin": [
        [
            "calibre-portable.exe",
            "calibre"
        ],
        "calibre-portable.exe",
        "Calibre\\calibre-complete.exe",
        "Calibre\\calibre-customize.exe",
        "Calibre\\calibredb.exe",
        "Calibre\\calibre-debug.exe",
        "Calibre\\calibre-parallel.exe",
        "Calibre\\calibre-server.exe",
        "Calibre\\calibre-smtp.exe",
        "Calibre\\ebook-convert.exe",
        "Calibre\\ebook-device.exe",
        "Calibre\\ebook-edit.exe",
        "Calibre\\ebook-meta.exe",
        "Calibre\\ebook-polish.exe",
        "Calibre\\ebook-viewer.exe",
        "Calibre\\fetch-ebook-metadata.exe",
        "Calibre\\lrf2lrs.exe",
        "Calibre\\lrs2lrf.exe",
        "Calibre\\lrfviewer.exe",
        "Calibre\\markdown-calibre.exe",
        "Calibre\\web2disk.exe"
    ],
    "shortcuts": [
        [
            "calibre-portable.exe",
            "Calibre"
        ],
        [
            "Calibre\\ebook-edit.exe",
            "Calibre E-Book Editor"
        ],
        [
            "Calibre\\ebook-viewer.exe",
            "Calibre E-Book Viewer"
        ],
        [
            "Calibre\\lrfviewer.exe",
            "Calibre LRF Viewer"
        ]
    ],
    "persist": [
        "Calibre Library",
        "Calibre Settings"
    ],
    "checkver": {
        "github": "https://github.com/kovidgoyal/calibre"
    },
    "autoupdate": {
        "architecture": {
            "64bit": {
                "url": "https://download.calibre-ebook.com/$version/calibre-portable-installer-$version.exe",
                "hash": {
                    "url": "https://calibre-ebook.com/signatures/calibre-portable-installer-$version.exe.sha512"
                }
            }
        }
    }
}
