{
    "version": "6.1.0",
    "description": "Powerful and easy to use e-book manager",
    "homepage": "https://calibre-ebook.com",
    "license": "GPL-3.0-only",
    "notes": "Calibre drops support for 32-bit CPUs after v6.0.0, if you are running a 32-bit system, please install calibre-normal5 from Versions bucket.",
    "architecture": {
        "64bit": {
            "url": "https://download.calibre-ebook.com/6.1.0/calibre-64bit-6.1.0.msi",
            "hash": "sha512:cadb1ae3b6cf9d5f62c9e9c82d85f333b23f74dae08c8a8d22836cbd2fff7c8597a401ed189579d6b655b4c022479a7a6b22430f163b214f0654d0279a79694d",
            "extract_dir": "PFiles\\Calibre2"
        }
    },
    "bin": [
        "calibre.exe",
        "calibre-complete.exe",
        "calibre-customize.exe",
        "calibredb.exe",
        "calibre-debug.exe",
        "calibre-parallel.exe",
        "calibre-server.exe",
        "calibre-smtp.exe",
        "ebook-convert.exe",
        "ebook-device.exe",
        "ebook-edit.exe",
        "ebook-meta.exe",
        "ebook-polish.exe",
        "ebook-viewer.exe",
        "fetch-ebook-metadata.exe",
        "lrf2lrs.exe",
        "lrs2lrf.exe",
        "lrfviewer.exe",
        "markdown-calibre.exe",
        "web2disk.exe"
    ],
    "shortcuts": [
        [
            "calibre.exe",
            "Calibre"
        ],
        [
            "ebook-edit.exe",
            "Calibre E-Book Editor"
        ],
        [
            "ebook-viewer.exe",
            "Calibre E-Book Viewer"
        ],
        [
            "lrfviewer.exe",
            "Calibre LRF Viewer"
        ]
    ],
    "checkver": {
        "github": "https://github.com/kovidgoyal/calibre"
    },
    "autoupdate": {
        "architecture": {
            "64bit": {
                "url": "https://download.calibre-ebook.com/$version/calibre-64bit-$version.msi",
                "hash": {
                    "url": "https://calibre-ebook.com/signatures/calibre-64bit-$version.msi.sha512"
                }
            }
        }
    }
}
