{
    "version": "1.1.7.7527",
    "description": "Use your phone as a webcam",
    "homepage": "https://reincubate.com/camo",
    "license": {
        "identifier": "Freeware",
        "url": "https://reincubate.com/terms-conditions/#terms-eula"
    },
    "architecture": {
        "64bit": {
            "url": "https://reincubate.com/res/labs/camo/camo-windows-latest.msi",
            "hash": "2fb0e6cb3bdfe5bb110c750bf2d819e63048f6192b97b4d6ae404c46e56a7a5f"
        }
    },
    "extract_dir": "Camo Studio",
    "shortcuts": [
        [
            "CamoStudio.exe",
            "Camo Studio"
        ]
    ],
    "checkver": {
        "url": "https://reincubate.com/support/camo/release-notes/?platform=windows",
        "regex": "Camo ([\\d.]+) released"
    },
    "autoupdate": {
        "architecture": {
            "64bit": {
                "url": "https://reincubate.com/res/labs/camo/camo-windows-latest.msi"
            }
        }
    }
}
