{
    "version": "5.1.0",
    "description": "Made for developers, edit your BPMN process diagrams and DMN decision tables.",
    "homepage": "https://camunda.org/download/modeler/",
    "license": "MIT",
    "architecture": {
        "64bit": {
            "url": "https://github.com/camunda/camunda-modeler/releases/download/v5.1.0/camunda-modeler-5.1.0-win-x64.zip",
            "hash": "a3ed2041b96581ec8067e669a281b663aa87b7961babaeb78d2b70ea9e1cbaf3"
        },
        "32bit": {
            "url": "https://github.com/camunda/camunda-modeler/releases/download/v5.1.0/camunda-modeler-5.1.0-win-ia32.zip",
            "hash": "5fac03b43e256c2c7ffe4298467373a1deab2031522af0580ffad77cbc90eebf"
        }
    },
    "bin": "Camunda Modeler.exe",
    "shortcuts": [
        [
            "Camunda Modeler.exe",
            "Camunda Modeler"
        ]
    ],
    "checkver": {
        "github": "https://github.com/camunda/camunda-modeler"
    },
    "autoupdate": {
        "architecture": {
            "64bit": {
                "url": "https://github.com/camunda/camunda-modeler/releases/download/v$version/camunda-modeler-$version-win-x64.zip"
            },
            "32bit": {
                "url": "https://github.com/camunda/camunda-modeler/releases/download/v$version/camunda-modeler-$version-win-ia32.zip"
            }
        }
    }
}
