{
    "version": "1.6.8",
    "description": "Frametimes analysis tool compatible with OCAT",
    "homepage": "https://github.com/CXWorld/CapFrameX",
    "license": "MIT",
    "suggest": {
        "OCAT": "ocat"
    },
    "architecture": {
        "64bit": {
            "url": "https://github.com/CXWorld/CapFrameX/releases/download/v1.6.8/CapFrameX_v1.6.8_Portable.zip",
            "hash": "7430c008effbcd2b3c4d7a249bb886345a5fed10b4c732343a67aaa25b7446e4"
        }
    },
    "bin": "CapFrameX.exe",
    "shortcuts": [
        [
            "CapFrameX.exe",
            "CapFrameX"
        ]
    ],
    "checkver": "github",
    "autoupdate": {
        "architecture": {
            "64bit": {
                "url": "https://github.com/CXWorld/CapFrameX/releases/download/v$version/CapFrameX_v$version_Portable.zip",
                "extract_dir": "CapFrameX $version Portable"
            }
        }
    }
}
