{
    "version": "2.55.6",
    "description": "Elegant Facebook Messenger desktop app",
    "homepage": "https://sindresorhus.com/caprine/",
    "license": "MIT",
    "architecture": {
        "64bit": {
            "url": "https://github.com/sindresorhus/caprine/releases/download/v2.55.6/Caprine-Setup-2.55.6.exe#/dl.7z",
            "hash": "fbcd193132f05cf4b78c24747fc8a785704e275ade02952471dc8ccecad3d6f1",
            "installer": {
                "script": [
                    "Expand-7zipArchive \"$dir\\`$PLUGINSDIR\\app-64.7z\" \"$dir\"",
                    "Remove-Item \"$dir\\`$PLUGINSDIR\" -Recurse"
                ]
            }
        }
    },
    "shortcuts": [
        [
            "Caprine.exe",
            "Caprine"
        ]
    ],
    "checkver": {
        "github": "https://github.com/sindresorhus/caprine"
    },
    "autoupdate": {
        "architecture": {
            "64bit": {
                "url": "https://github.com/sindresorhus/caprine/releases/download/v$version/Caprine-Setup-$version.exe#/dl.7z"
            }
        }
    }
}
