{
    "version": "2.3.13",
    "description": "A utility to give some insight into how you use your keyboard.",
    "homepage": "http://carnackeys.com/",
    "license": "MS-PL",
    "notes": ".NET Framework 4.5.2 is required.",
    "url": "https://github.com/Code52/carnac/releases/download/2.3.13/carnac-2.3.13-full.nupkg",
    "hash": "sha1:34501a387b14ddf8cb6a16db755d7c3a141baeb5",
    "extract_dir": "lib\\net45",
    "persist": "Keymaps",
    "shortcuts": [
        [
            "Carnac.exe",
            "Carnac"
        ]
    ],
    "checkver": {
        "github": "https://github.com/Code52/carnac/"
    },
    "autoupdate": {
        "url": "https://github.com/Code52/carnac/releases/download/$version/carnac-$version-full.nupkg",
        "hash": {
            "url": "https://github.com/Code52/carnac/releases/download/$version/RELEASES"
        }
    }
}
