{
    "version": "2.0.0",
    "description": "Image viewer and converter using Castle Game Engine, supporting common image formats (PNG, JPG...) and some exotic ones (DDS, KTX, RGBE)",
    "homepage": "https://castle-engine.io/castle-view-image.php",
    "license": "GPL-2.0-or-later",
    "suggest": {
        "imagemagick": "imagemagick"
    },
    "architecture": {
        "64bit": {
            "url": "https://github.com/castle-engine/castle-view-image/releases/download/v2.0.0/castle-view-image-2.0.0-win64-x86_64.zip",
            "hash": "626675dd73e4829e3b62f8570a492a0b8a843a6f95d0574fb3b13d9371e9f833"
        },
        "32bit": {
            "url": "https://github.com/castle-engine/castle-view-image/releases/download/v2.0.0/castle-view-image-2.0.0-win32-i386.zip",
            "hash": "582c5c318b838fa9855e450e8f5b38e0e4e4e366d1fa9af8f43da5df12d8ec06"
        }
    },
    "extract_dir": "castle-view-image",
    "bin": "castle-view-image.exe",
    "shortcuts": [
        [
            "castle-view-image.exe",
            "Castle View Image"
        ]
    ],
    "checkver": {
        "github": "https://github.com/castle-engine/castle-view-image/"
    },
    "autoupdate": {
        "architecture": {
            "64bit": {
                "url": "https://github.com/castle-engine/castle-view-image/releases/download/v$version/castle-view-image-$version-win64-x86_64.zip"
            },
            "32bit": {
                "url": "https://github.com/castle-engine/castle-view-image/releases/download/v$version/castle-view-image-$version-win32-i386.zip"
            }
        }
    }
}
