{
    "version": "0.94",
    "description": "Extracts closed captions and teletext subtitles from video streams.",
    "homepage": "https://www.ccextractor.org",
    "license": "GPL-2.0-only",
    "notes": ".Net framework 3.5 is required",
    "suggest": {
        "vcredist": "vcredist2013"
    },
    "url": "https://github.com/CCExtractor/ccextractor/releases/download/v0.94/CCExtractor_win_portable.zip",
    "hash": "910de42d17c7ea9243b744907e20154464aef0641f315854ff91e1d237f09fed",
    "bin": [
        [
            "ccextractorwinfull.exe",
            "ccextractor"
        ]
    ],
    "shortcuts": [
        [
            "ccxgui.exe",
            "CCExtractor"
        ]
    ],
    "checkver": {
        "github": "https://github.com/CCExtractor/ccextractor"
    },
    "autoupdate": {
        "url": "https://github.com/CCExtractor/ccextractor/releases/download/v$version/CCExtractor_win_portable.zip"
    }
}
