{
    "version": "6.02.9938",
    "description": "Number-one tool for cleaning PC",
    "homepage": "https://www.ccleaner.com/ccleaner",
    "license": "Freeware",
    "url": "https://download.ccleaner.com/portable/ccsetup602.zip",
    "hash": "1e8b346d8ee6d01a6db5c552b5f3c8bf85d9cabede16c11a78dcb0504f7ccc95",
    "pre_install": [
        "if (!(Test-Path \"$persist_dir\\ccleaner.ini\")) {",
        "   Set-Content \"$dir\\ccleaner.ini\" @('[Options]', 'UpdateAuto=0', 'UpdateNotify=0', 'UpdateCheck=0', 'HelpImproveCCleaner=0') -Encoding ASCII",
        "}",
        "'winapp.ini', 'winreg.ini', 'winsys.ini' | ForEach-Object {",
        "   if (!(Test-Path \"$persist_dir\\$_\")) { New-Item \"$dir\\$_\" | Out-Null }",
        "}",
        "Copy-Item \"$persist_dir\\*\" \"$dir\" -Include 'branding.dll', 'CCleaner.dat' -ErrorAction SilentlyContinue"
    ],
    "uninstaller": {
        "script": "Copy-Item \"$dir\\*\" \"$persist_dir\" -Include 'branding.dll', 'CCleaner.dat' -ErrorAction SilentlyContinue -Force"
    },
    "architecture": {
        "64bit": {
            "bin": [
                [
                    "x64\\CCleaner64.exe",
                    "CCleaner"
                ]
            ],
            "shortcuts": [
                [
                    "x64\\CCleaner64.exe",
                    "CCleaner"
                ]
            ]
        },
        "32bit": {
            "bin": "x86\\CCleaner.exe",
            "shortcuts": [
                [
                    "x86\\CCleaner.exe",
                    "CCleaner"
                ]
            ]
        }
    },
    "persist": [
        "ccleaner.ini",
        "winapp.ini",
        "winreg.ini",
        "winsys.ini"
    ],
    "checkver": {
        "url": "https://www.ccleaner.com/ccleaner/version-history",
        "regex": ">v([\\d.]+)"
    },
    "autoupdate": {
        "url": "https://download.ccleaner.com/portable/ccsetup$majorVersion$minorVersion.zip"
    }
}
