{
    "version": "1.6.2.2",
    "description": "Real-time 3D visualization of space",
    "homepage": "https://celestia.space",
    "license": "GPL-2.0-or-later",
    "url": "https://github.com/CelestiaProject/Celestia/releases/download/1.6.2.2/celestia-1.6.2.2-win.exe",
    "hash": "e4773efa942a145300a26dce2f7d66ad9e2f2785d55a3bef2ffd6060d2573564",
    "innosetup": true,
    "architecture": {
        "64bit": {
            "installer": {
                "script": "Get-ChildItem \"$dir\" '*,1.*' -Recurse | Rename-Item -NewName { $_.FullName -replace ',1\\.', '.' }"
            }
        },
        "32bit": {
            "installer": {
                "script": "Get-ChildItem \"$dir\" '*,2.*' -Recurse | Rename-Item -NewName { $_.FullName -replace ',2\\.', '.' }"
            }
        }
    },
    "post_install": "Get-ChildItem \"$dir\\*,[12].*\" -Recurse | Remove-Item -Force -Recurse",
    "bin": "celestia.exe",
    "shortcuts": [
        [
            "celestia.exe",
            "Celestia"
        ]
    ],
    "checkver": {
        "github": "https://github.com/CelestiaProject/Celestia"
    },
    "autoupdate": {
        "url": "https://github.com/CelestiaProject/Celestia/releases/download/$version/celestia-$version-win.exe"
    }
}
