{
    "version": "1.6.1",
    "description": "Command line tool and an HTTP API server for signing, verifying, and bundling TLS certificates.",
    "homepage": "https://cfssl.org",
    "license": "BSD-2-Clause",
    "architecture": {
        "64bit": {
            "url": [
                "https://github.com/cloudflare/cfssl/releases/download/v1.6.1/cfssl_1.6.1_windows_amd64.exe#/cfssl.exe",
                "https://github.com/cloudflare/cfssl/releases/download/v1.6.1/cfssl-bundle_1.6.1_windows_amd64.exe#/cfssl-bundle.exe",
                "https://github.com/cloudflare/cfssl/releases/download/v1.6.1/cfssl-certinfo_1.6.1_windows_amd64.exe#/cfssl-certinfo.exe",
                "https://github.com/cloudflare/cfssl/releases/download/v1.6.1/cfssl-newkey_1.6.1_windows_amd64.exe#/cfssl-newkey.exe",
                "https://github.com/cloudflare/cfssl/releases/download/v1.6.1/cfssl-scan_1.6.1_windows_amd64.exe#/cfssl-scan.exe",
                "https://github.com/cloudflare/cfssl/releases/download/v1.6.1/cfssljson_1.6.1_windows_amd64.exe#/cfssljson.exe",
                "https://github.com/cloudflare/cfssl/releases/download/v1.6.1/mkbundle_1.6.1_windows_amd64.exe#/mkbundle.exe",
                "https://github.com/cloudflare/cfssl/releases/download/v1.6.1/multirootca_1.6.1_windows_amd64.exe#/multirootca.exe"
            ],
            "hash": [
                "3bcbacdf2fb0988bc0364cdecb16fbb059236daaea996d47be73967cfdd2132e",
                "e646c6108b23e0e15c2430ca441601ab986c18d81d74428a82bf3eeeba4ebedf",
                "04292efc272f481a666009c04ed1a75fcdf604e332e9d22768efc6efa6ef4a76",
                "6ba8f472dc9f2ca1d9e688e12e309ce930862688c43266e7df2c4d4538c79211",
                "988cd75ff265dca4b41ecc160ab033eca9bc7547e8b0eca5811e7886958a249c",
                "bcfde30434969c8d1252e350d8387e465936895a5a1d61b986d46a8782aae28c",
                "a8a9e9bc22fb34b5b8116d69ee59bbd2d0f9f35f23718b6b5af20f46d2a7dd77",
                "31085378f95a242891be56c4dbd847b9eb543d4ee3feb6f762d8d2b4af65dc3f"
            ]
        }
    },
    "bin": [
        "cfssl.exe",
        "cfssl-bundle.exe",
        "cfssl-certinfo.exe",
        "cfssl-newkey.exe",
        "cfssl-scan.exe",
        "cfssljson.exe",
        "mkbundle.exe",
        "multirootca.exe"
    ],
    "checkver": {
        "github": "https://github.com/cloudflare/cfssl"
    }
}
