{
    "version": "7.4",
    "description": "Tool for modifying/debugging single player games and applications.",
    "homepage": "https://cheatengine.org/index.php",
    "license": {
        "identifier": "Freeware",
        "url": "https://github.com/cheat-engine/cheat-engine/issues/60#issuecomment-467317576"
    },
    "url": "https://raw.githubusercontent.com/ScoopInstaller/Binary/master/cheat-engine/CheatEngine74.7z",
    "hash": "a6389d5da704123e28ba647111970de570dcf27dc2fb607c675c073c0e95bf0a",
    "architecture": {
        "64bit": {
            "shortcuts": [
                [
                    "Cheat Engine.exe",
                    "Cheat Engine"
                ],
                [
                    "windowsrepair.exe",
                    "Cheat Engine Windows Repair"
                ],
                [
                    "Tutorial-x86_64.exe",
                    "Cheat Engine Tutorial"
                ]
            ]
        },
        "32bit": {
            "shortcuts": [
                [
                    "Cheat Engine.exe",
                    "Cheat Engine"
                ],
                [
                    "windowsrepair.exe",
                    "Cheat Engine Windows Repair"
                ],
                [
                    "Tutorial-i386.exe",
                    "Cheat Engine Tutorial"
                ]
            ]
        }
    }
}
