{
    "version": "0.99.48.1",
    "description": "Hierarchical note taking application, featuring rich text and syntax highlighting.",
    "homepage": "https://www.giuspen.com/cherrytree/",
    "license": "GPL-3.0-or-later",
    "architecture": {
        "64bit": {
            "url": "https://www.giuspen.com/software/cherrytree_0.99.48.1_win64_portable.7z",
            "hash": "bd66407560696f50c981b2e2d6b08458eff05fbd185d227425d953388d95871c",
            "extract_dir": "cherrytree_0.99.48.1_win64_portable",
            "pre_install": "if(!(Test-Path \"$dir\\config.cfg\")) { New-Item \"$dir\\config.cfg\" -ItemType File | Out-Null}",
            "bin": "mingw64\\bin\\cherrytree.exe",
            "shortcuts": [
                [
                    "mingw64\\bin\\cherrytree.exe",
                    "Cherrytree"
                ]
            ]
        }
    },
    "persist": "config.cfg",
    "checkver": "cherrytree_([\\d.]+)_win64_portable.7z",
    "autoupdate": {
        "architecture": {
            "64bit": {
                "url": "https://www.giuspen.com/software/cherrytree_$version_win64_portable.7z",
                "hash": {
                    "url": "https://www.giuspen.com/cherrytree/",
                    "regex": "$sha256\\s+$basename"
                },
                "extract_dir": "cherrytree_$version_win64_portable"
            }
        }
    }
}
