{
    "version": "2.26.3",
    "description": "Fast logfile viewer with support for huge logfiles (>10 GB)",
    "homepage": "https://github.com/esrlabs/chipmunk",
    "license": "Apache-2.0",
    "architecture": {
        "64bit": {
            "url": "https://github.com/esrlabs/chipmunk/releases/download/2.26.3/chipmunk@2.26.3-win64-portable.zip",
            "hash": "e8f305170d1cea172db9916f51e90aeff26dc30e67973774d992e6b620e8637e"
        }
    },
    "shortcuts": [
        [
            "chipmunk.exe",
            "chipmunk"
        ]
    ],
    "checkver": "github",
    "autoupdate": {
        "architecture": {
            "64bit": {
                "url": "https://github.com/esrlabs/chipmunk/releases/download/$version/chipmunk@$version-win64-portable.zip"
            }
        }
    }
}
