{
    "version": "3.60",
    "description": "GUI hash tool",
    "homepage": "https://compressme.net",
    "license": "Freeware",
    "notes": "Language packs for Czech, French, German, Italian, and Simplified Chinese are available at http://compressme.net",
    "architecture": {
        "64bit": {
            "url": "http://compressme.net/chk360_win64.zip",
            "hash": "22afdae7351e4f402f7bff8b84fc717d53507007c977cc9e939e1c17dd274a42"
        },
        "32bit": {
            "url": "http://compressme.net/chk360_win32.zip",
            "hash": "5c2604f6d05674a088618ca8045f26c13220b493de46eb30428708767447ec91"
        }
    },
    "pre_install": [
        "Set-Content \"$dir\\chk.ps1\" -Value 'Start-Process \"$PSScriptRoot\\chk.exe\" -WorkingDirectory $PSScriptRoot' -Encoding 'Ascii'",
        "if (!(Test-Path \"$persist_dir\\chk.cfg\")) { New-Item \"$dir\\chk.cfg\" | Out-Null }",
        "if (!(Test-Path \"$persist_dir\\lang.txt\")) { New-Item \"$dir\\lang.txt\" | Out-Null }"
    ],
    "uninstaller": {
        "script": "if ((Get-Item \"$dir\\lang.txt\").LinkType -ne 'HardLink') { Move-Item \"$dir\\lang.txt\" \"$persist_dir\" -Force | Out-Null }"
    },
    "bin": "chk.ps1",
    "shortcuts": [
        [
            "chk.exe",
            "CHK"
        ]
    ],
    "persist": [
        "chk.cfg",
        "lang.txt"
    ],
    "checkver": "CHK\\s+v([\\d.]+)\\s+Win",
    "autoupdate": {
        "architecture": {
            "64bit": {
                "url": "http://compressme.net/chk$cleanVersion_win64.zip"
            },
            "32bit": {
                "url": "http://compressme.net/chk$cleanVersion_win32.zip"
            }
        }
    }
}
