{
    "version": "2.0.0.1",
    "description": "Simple and powerful GUI to Microsoft's RoboCopy tool.",
    "homepage": "https://github.com/Cinchoo/ChoEazyCopy",
    "license": "MIT",
    "url": "https://github.com/Cinchoo/ChoEazyCopy/releases/download/v2.0.0.1/ChoEazyCopy.zip",
    "hash": "31974f0aa40612fa5ed325f9d37fd322c814b8d59b5bbb8ae852fe3f5a74bae8",
    "bin": "ChoEazyCopy.exe",
    "shortcuts": [
        [
            "ChoEazyCopy.exe",
            "ChoEazyCopy"
        ]
    ],
    "checkver": "github",
    "autoupdate": {
        "url": "https://github.com/Cinchoo/ChoEazyCopy/releases/download/v$version/ChoEazyCopy.zip"
    }
}
