{
    "##": "Check chromium.woolyss.com for different versions of Chromium releases.",
    "version": "103.0.5060.66-r1002911",
    "description": "Browser aiming for safer, faster, and more stable way for all users to experience the web.",
    "homepage": "https://www.chromium.org",
    "license": "BSD-3-Clause",
    "architecture": {
        "64bit": {
            "url": "https://github.com/Hibbiki/chromium-win64/releases/download/v103.0.5060.66-r1002911/chrome.sync.7z",
            "hash": "sha1:a133ccb2a19de065632ee575c5a88979a3ec92a8"
        },
        "32bit": {
            "url": "https://github.com/Hibbiki/chromium-win32/releases/download/v103.0.5060.66-r1002911/chrome.sync.7z",
            "hash": "sha1:41be8f368a2e7d125b970969d82cce9481b7942b"
        }
    },
    "extract_dir": "Chrome-bin",
    "bin": [
        [
            "chrome.exe",
            "chromium",
            "--user-data-dir=\"$dir\\User Data\""
        ]
    ],
    "shortcuts": [
        [
            "chrome.exe",
            "Chromium",
            "--user-data-dir=\"$dir\\User Data\""
        ]
    ],
    "post_install": [
        "if (!(Test-Path \"$dir\\User Data\\*\") -and (Test-Path \"$env:LocalAppData\\Chromium\\User Data\")) {",
        "    info '[Portable Mode]: Copying user data...'",
        "    Copy-Item \"$env:LocalAppData\\Chromium\\User Data\\*\" \"$dir\\User Data\" -Recurse",
        "}"
    ],
    "persist": "User Data",
    "checkver": {
        "url": "https://github.com/Hibbiki/chromium-win64/releases/latest",
        "regex": ">v([\\d.\\-r]+)</h1>"
    },
    "autoupdate": {
        "architecture": {
            "64bit": {
                "url": "https://github.com/Hibbiki/chromium-win64/releases/download/v$version/chrome.sync.7z",
                "hash": {
                    "url": "https://github.com/Hibbiki/chromium-win64/releases/tag/v$version",
                    "regex": "$sha1 \\.\\./out/x64/chrome.sync.7z"
                }
            },
            "32bit": {
                "url": "https://github.com/Hibbiki/chromium-win32/releases/download/v$version/chrome.sync.7z",
                "hash": {
                    "url": "https://github.com/Hibbiki/chromium-win32/releases/tag/v$version",
                    "regex": "$sha1 \\.\\./out/x86/chrome.sync.7z"
                }
            }
        }
    }
}
