{
    "version": "2.6.6",
    "description": "Free trace viewer for simple DNA sequencing projects (Free version, does not support assembly of multiple sequences)",
    "homepage": "http://technelysium.com.au/wp/chromas/",
    "license": "Freeware",
    "url": "http://www.technelysium.com.au/Chromas266Setup.exe",
    "hash": "09b29397e09350f70ec44a96f2db503600d833337de256331d95f059033e832a",
    "innosetup": true,
    "pre_install": [
        "'Chromas.exe', 'ptrp.dll' | ForEach-Object {",
        "    $basename, $ext = $_.Split('.')",
        "    if ($architecture -eq '64bit') {",
        "        Rename-Item \"$dir\\$basename,2.$ext\" \"$basename.$ext\"",
        "        Remove-Item \"$dir\\$basename,1.$ext\"",
        "    } elseif ($architecture -eq '32bit') {",
        "        Rename-Item \"$dir\\$basename,1.$ext\" \"$basename.$ext\"",
        "        Remove-Item \"$dir\\$basename,2.$ext\"",
        "    }",
        "}"
    ],
    "bin": "Chromas.exe",
    "shortcuts": [
        [
            "Chromas.exe",
            "Chromas"
        ]
    ]
}
