{
    "version": "1.0.30",
    "description": "CLI library for managing cloud resources such as instances and Kubernetes clusters at Civo.com.",
    "homepage": "https://github.com/civo/cli",
    "license": "Apache-2.0",
    "architecture": {
        "64bit": {
            "url": "https://github.com/civo/cli/releases/download/v1.0.30/civo-1.0.30-windows-amd64.zip",
            "hash": "f54a3ccfa6b7bc22512983dd11b04a69b27bb6dcd91e8ac59f11d0bdc1e4d852"
        }
    },
    "bin": "civo.exe",
    "checkver": "github",
    "autoupdate": {
        "architecture": {
            "64bit": {
                "url": "https://github.com/civo/cli/releases/download/v$version/civo-$version-windows-amd64.zip"
            }
        },
        "hash": {
            "url": "$baseurl/civo-$version-checksums.sha256"
        }
    }
}
