{
    "version": "11.2.1",
    "description": "Keyboard shortcuts manager",
    "homepage": "http://utilfr42.free.fr/util/Clavier.php",
    "license": "GPL-3.0-or-later",
    "architecture": {
        "64bit": {
            "url": "https://github.com/guilryder/clavier-plus/releases/download/release11.2.1/Clavier.zip",
            "hash": "b843440bb4f04e8e5eff18d72c465a214d5832f8939d4e759c668e095690520c"
        }
    },
    "bin": "Clavier.exe",
    "shortcuts": [
        [
            "Clavier.exe",
            "Clavier+"
        ]
    ],
    "persist": "Clavier.ini",
    "checkver": {
        "github": "https://github.com/guilryder/clavier-plus",
        "regex": "download/release([\\d.]+)"
    },
    "autoupdate": {
        "architecture": {
            "64bit": {
                "url": "https://github.com/guilryder/clavier-plus/releases/download/release$version/Clavier.zip"
            }
        }
    }
}
