{
    "version": "3.19.0-1",
    "description": "An email client and news reader",
    "homepage": "https://www.claws-mail.org",
    "license": "GPL-3.0-or-later",
    "architecture": {
        "64bit": {
            "url": "https://www.claws-mail.org/win32/claws-mail-3.19.0-1-64bit.exe#/dl.7z",
            "hash": "6e21b26060a970afec7c823dafaf20d98de7303c6fe5c2fb95a5024ba94626d8"
        },
        "32bit": {
            "url": "https://www.claws-mail.org/win32/claws-mail-3.19.0-1-32bit.exe#/dl.7z",
            "hash": "3b54d693d6e393ccba1803fda38bf23dc69db7414a5909415ff2d9c4619261b4"
        }
    },
    "pre_install": "Remove-Item \"$dir\\`$*\", \"$dir\\claws-mail-uninstall.exe\" -Force -Recurse",
    "bin": "claws-mail.exe",
    "shortcuts": [
        [
            "claws-mail.exe",
            "Claws Mail"
        ]
    ],
    "checkver": {
        "url": "https://www.claws-mail.org/win32/",
        "regex": "claws-mail-([\\d.-]+)-32bit\\.exe"
    },
    "autoupdate": {
        "architecture": {
            "64bit": {
                "url": "https://www.claws-mail.org/win32/claws-mail-$version-64bit.exe#/dl.7z"
            },
            "32bit": {
                "url": "https://www.claws-mail.org/win32/claws-mail-$version-32bit.exe#/dl.7z"
            }
        }
    }
}
