{
    "version": "1.3.1",
    "description": "A modern music player and library organizer.",
    "homepage": "https://www.clementine-player.org/",
    "license": "GPL-3.0-only",
    "url": "https://github.com/clementine-player/Clementine/releases/download/1.3.1/ClementineSetup-1.3.1.exe#/dl.7z",
    "hash": "8ebf4808de874c0fe6a71a5953a3d302cb6348e6ca45dcc268fb4e5c641eddf0",
    "bin": "clementine.exe",
    "shortcuts": [
        [
            "clementine.exe",
            "Clementine"
        ]
    ],
    "checkver": {
        "github": "https://github.com/clementine-player/Clementine"
    },
    "autoupdate": {
        "url": "https://github.com/clementine-player/Clementine/releases/download/$version/ClementineSetup-$version.exe#/dl.7z"
    }
}
