{
    "version": "0.2",
    "description": "Broken network simulator",
    "homepage": "https://jagt.github.io/clumsy/",
    "license": "MIT",
    "architecture": {
        "64bit": {
            "url": "https://github.com/jagt/clumsy/releases/download/0.2/clumsy-0.2-win64.zip",
            "hash": "md5:c5117edad320930d14d18c1cac2a4ccd"
        },
        "32bit": {
            "url": "https://github.com/jagt/clumsy/releases/download/0.2/clumsy-0.2-win32.zip",
            "hash": "md5:9aab0d257661a4f75831a7186254725b"
        }
    },
    "bin": "clumsy.exe",
    "shortcuts": [
        [
            "clumsy.exe",
            "clumsy"
        ]
    ],
    "persist": "config.txt",
    "checkver": {
        "url": "https://jagt.github.io/clumsy/download.html",
        "regex": "clumsy-([\\d.]+)-win64\\.zip"
    },
    "autoupdate": {
        "architecture": {
            "64bit": {
                "url": "https://github.com/jagt/clumsy/releases/download/$version/clumsy-$version-win64.zip"
            },
            "32bit": {
                "url": "https://github.com/jagt/clumsy/releases/download/$version/clumsy-$version-win32.zip"
            }
        },
        "hash": {
            "url": "https://jagt.github.io/clumsy/download.html",
            "regex": "$basename</a>\\s*\\(MD5:$md5\\)"
        }
    }
}
