{
    "version": "1.0.3.3",
    "description": "A free .NET performance profiler and execution analyzer.",
    "homepage": "http://www.getcodetrack.com",
    "license": {
        "identifier": "Freeware",
        "url": "http://www.getcodetrack.com/license.html"
    },
    "url": "http://www.getcodetrack.com/releases/codetrack_1_0_3_3.zip",
    "hash": "455eccfcc568004bf6108ba9ad8dbbc32cdecb84c6c62153c8f181ca984d68ce",
    "bin": "CodeTrack.exe",
    "shortcuts": [
        [
            "CodeTrack.exe",
            "CodeTrack"
        ]
    ],
    "checkver": {
        "url": "http://www.getcodetrack.com/releases.html",
        "regex": ">V([\\d.]+)<"
    },
    "autoupdate": {
        "url": "http://www.getcodetrack.com/releases/codetrack_$underscoreVersion.zip",
        "hash": {
            "url": "http://www.getcodetrack.com/releases.html",
            "regex": "(?sm)$basename.*?$sha256"
        }
    }
}
