{
    "version": "20.03",
    "description": "Free open-source C/C++/Fortran IDE (includes additional GCC/G++ compiler and GDB debugger)",
    "homepage": "http://www.codeblocks.org",
    "license": "GPL-3.0-only",
    "url": "https://downloads.sourceforge.net/project/codeblocks/Binaries/20.03/Windows/codeblocks-20.03mingw-nosetup.zip",
    "hash": "sha1:99aa2e436a6f633254cea661027bbe159b490bd3",
    "bin": "codeblocks.exe",
    "shortcuts": [
        [
            "codeblocks.exe",
            "CodeBlocks"
        ]
    ],
    "checkver": {
        "url": "https://sourceforge.net/projects/codeblocks/files/Binaries/",
        "regex": "Binaries/([\\d.]+)"
    },
    "autoupdate": {
        "url": "https://downloads.sourceforge.net/project/codeblocks/Binaries/$version/Windows/codeblocks-$versionmingw-nosetup.zip"
    }
}
