{
    "version": "0.6.4",
    "description": "A high performance code minimap render",
    "homepage": "https://github.com/wfxr/code-minimap",
    "license": "Apache-2.0|MIT",
    "architecture": {
        "64bit": {
            "url": "https://github.com/wfxr/code-minimap/releases/download/v0.6.4/code-minimap-v0.6.4-x86_64-pc-windows-msvc.zip",
            "hash": "27b7aab16921880b367e36f4dcdd1a49dd2e8095024592c60394286db1d7f044",
            "extract_dir": "code-minimap-v0.6.4-x86_64-pc-windows-msvc"
        }
    },
    "bin": "code-minimap.exe",
    "checkver": "github",
    "autoupdate": {
        "architecture": {
            "64bit": {
                "url": "https://github.com/wfxr/code-minimap/releases/download/v$version/code-minimap-v$version-x86_64-pc-windows-msvc.zip",
                "extract_dir": "code-minimap-v$version-x86_64-pc-windows-msvc"
            }
        }
    }
}
