{
    "version": "5.4.5",
    "description": "Multi-purpose color picker for web designers and programmers",
    "homepage": "http://colorcop.net",
    "license": {
        "identifier": "Freeware",
        "url": "http://colorcop.net/license"
    },
    "url": "http://colorcop.net/tools/colorcop/colorcop.zip",
    "hash": "d8575e286565460c0fc312d5653c41f72cfe3068a7428b0c0ae5d99ed6bcd90d",
    "shortcuts": [
        [
            "ColorCop.exe",
            "Color Cop"
        ]
    ]
}
