{
    "version": "7.1.0.0",
    "description": "Easily change NVIDIA display settings and/or control LG TV's",
    "homepage": "https://github.com/Maassoft/ColorControl",
    "license": "Freeware",
    "extract_dir": "ColorControl",
    "architecture": {
        "64bit": {
            "url": "https://github.com/Maassoft/ColorControl/releases/download/v7.1.0.0/ColorControl.zip",
            "hash": "5e49633d9b38d75eaf289b741625e43af643b2038eaba2ef70db8e8644abf4a8"
        }
    },
    "shortcuts": [
        [
            "ColorControl.exe",
            "ColorControl"
        ]
    ],
    "checkver": "github",
    "autoupdate": {
        "architecture": {
            "64bit": {
                "url": "https://github.com/Maassoft/ColorControl/releases/download/v$version/ColorControl.zip"
            }
        }
    }
}
