{
    "version": "5.5.2",
    "description": "A standalone, native tool for Windows, Mac, and Linux that will provide you with a Command Line Interface (CLI) for developer productivity, tool interaction, package management, embedded CFML server, application scaffolding, and some sweet ASCII art",
    "homepage": "https://www.ortussolutions.com/products/commandbox",
    "license": "LGPL-3.0-or-later",
    "architecture": {
        "64bit": {
            "url": "https://downloads.ortussolutions.com/ortussolutions/commandbox/5.5.2/commandbox-jre-win64-5.5.2.zip",
            "hash": "c9021b2af640ced11e78c1bb91ed9ad164b63a35a5f1f865d19ebd54ac101dba"
        },
        "32bit": {
            "url": "https://downloads.ortussolutions.com/ortussolutions/commandbox/5.5.2/commandbox-jre-win32-5.5.2.zip",
            "hash": "a66092c8ebc01667a666f7ac0e273d9ece0a58ae09e08e30944604669cf690e7"
        }
    },
    "bin": "box.exe",
    "checkver": {
        "github": "https://github.com/Ortus-Solutions/commandbox"
    },
    "autoupdate": {
        "architecture": {
            "64bit": {
                "url": "https://downloads.ortussolutions.com/ortussolutions/commandbox/$version/commandbox-jre-win64-$version.zip"
            },
            "32bit": {
                "url": "https://downloads.ortussolutions.com/ortussolutions/commandbox/$version/commandbox-jre-win32-$version.zip"
            }
        },
        "hash": {
            "url": "$url.sha256"
        }
    }
}
