{
    "version": "2.6.2",
    "description": "CompactGUI is a standalone user interface that makes the Windows 10 compact.exe function easier to use.",
    "homepage": "https://github.com/ImminentFate/CompactGUI",
    "license": "GPL-3.0-only",
    "url": "https://github.com/ImminentFate/CompactGUI/releases/download/v2.6.2/CompactGUI.exe",
    "hash": "0c5833bbc11dea9b6fc68cc5e4e7b78847b448cb6c290233b945eae7add74c86",
    "bin": "CompactGUI.exe",
    "shortcuts": [
        [
            "CompactGUI.exe",
            "CompactGUI"
        ]
    ],
    "checkver": "github",
    "autoupdate": {
        "url": "https://github.com/ImminentFate/CompactGUI/releases/download/v$version/CompactGUI.exe",
        "hash": {
            "url": "https://github.com/ImminentFate/CompactGUI/releases/tag/v$version/",
            "regex": "SHA-256</span>:\\s+<span\\sclass=\"pl-s\">([a-fA-F0-9]{64})"
        }
    }
}
