{
    "version": "1.6.0",
    "description": "Protector for .NET applications",
    "homepage": "https://mkaring.github.io/ConfuserEx/",
    "license": "MIT",
    "url": "https://github.com/mkaring/ConfuserEx/releases/download/v1.6.0/ConfuserEx.zip",
    "hash": "91c7a4387c3fc3d05aebd7da7235e5e0f12a628b88fcdf87c2af12c40f96ec79",
    "bin": [
        "Confuser.CLI.exe",
        [
            "Confuser.CLI.exe",
            "confuser"
        ]
    ],
    "shortcuts": [
        [
            "ConfuserEx.exe",
            "ConfuserEx"
        ]
    ],
    "checkver": {
        "github": "https://github.com/mkaring/ConfuserEx"
    },
    "autoupdate": {
        "url": "https://github.com/mkaring/ConfuserEx/releases/download/v$version/ConfuserEx.zip"
    }
}
