{
    "version": "2.0.0.148",
    "description": "A Windows console window enhancement.",
    "homepage": "https://sourceforge.net/projects/console/",
    "license": "GPL-2.0-only",
    "notes": "Console 2 development stopped in 2011. You might consider installing the fork ConsoleZ.",
    "suggest": {
        "ConsoleZ": "extras/consolez"
    },
    "architecture": {
        "64bit": {
            "url": "https://downloads.sourceforge.net/project/console/console-devel/2.00/Console-2.00b148-Beta_64bit.zip",
            "hash": "675c3c82695a97dafe164960a50dfbe6c13d0a900b382efb7090090138d22933"
        },
        "32bit": {
            "url": "https://downloads.sourceforge.net/project/console/console-devel/2.00/Console-2.00b148-Beta_32bit.zip",
            "hash": "721ef2b7c564ff4171942d2c0dc653fd752ad4a27e3993bcab911d3936f5e4c7"
        }
    },
    "extract_dir": "Console2",
    "bin": "Console.exe"
}
