{
    "version": "4.3.0",
    "description": "Create, compose and simulate any robot.",
    "homepage": "https://www.coppeliarobotics.com",
    "license": {
        "identifier": "CoppeliaSim Educational License",
        "url": "https://www.coppeliarobotics.com/educationalLicensing"
    },
    "suggest": {
        "vcredist": "extras/vcredist2022"
    },
    "architecture": {
        "64bit": {
            "url": "https://www.coppeliarobotics.com/files/CoppeliaSim_Edu_V4_3_0_Win.zip",
            "hash": "da67b4a7049e1e362aa7ee029751be3e24e8740dfeae7cdb1474962c20264e23"
        }
    },
    "bin": "coppeliaSim.exe",
    "shortcuts": [
        [
            "coppeliaSim.exe",
            "CoppeliaSim Edu"
        ]
    ],
    "checkver": {
        "url": "https://www.coppeliarobotics.com/helpFiles/en/versionInfo.htm",
        "regex": "CoppeliaSim\\s+V([\\d.]+)\\s+\\((?!not yet)"
    },
    "autoupdate": {
        "architecture": {
            "64bit": {
                "url": "https://www.coppeliarobotics.com/files/CoppeliaSim_Edu_V$underscoreVersion_Win.zip"
            }
        }
    }
}
