{
    "version": "10.0.1",
    "description": "Foreign language reading and translation assistant based on copy and translate",
    "homepage": "https://copytranslator.github.io/",
    "license": "GPL-2.0-only",
    "url": "https://github.com/CopyTranslator/CopyTranslator/releases/download/v10.0.1/copytranslator-10.0.1-win.zip",
    "hash": "865abf294969c45b4b1941b36016d1203adab3a9e751d825c74b2ac4c11e6144",
    "shortcuts": [
        [
            "copytranslator.exe",
            "CopyTranslator"
        ]
    ],
    "checkver": {
        "github": "https://github.com/CopyTranslator/CopyTranslator"
    },
    "autoupdate": {
        "url": "https://github.com/CopyTranslator/CopyTranslator/releases/download/v$version/copytranslator-$version-win.zip"
    }
}
