{
    "version": "6.2.0",
    "description": "Clipboard manager",
    "homepage": "https://hluk.github.io/CopyQ/",
    "license": "GPL-3.0-or-later",
    "architecture": {
        "64bit": {
            "url": "https://github.com/hluk/CopyQ/releases/download/v6.2.0/copyq-6.2.0.zip",
            "hash": "b7f8e2c9c710ab649c6213adf607971161af2212bc3eb0c0a03da02205a52269"
        }
    },
    "extract_dir": "copyq-6.2.0",
    "bin": "copyq.exe",
    "shortcuts": [
        [
            "copyq.exe",
            "CopyQ"
        ]
    ],
    "persist": "config",
    "checkver": {
        "github": "https://github.com/hluk/CopyQ"
    },
    "autoupdate": {
        "architecture": {
            "64bit": {
                "url": "https://github.com/hluk/CopyQ/releases/download/v$version/copyq-$version.zip"
            }
        },
        "extract_dir": "copyq-$version"
    }
}
