{
    "version": "0.5",
    "description": "Apply and lock ICC profile files to keep monitors calibration even while running or quitting 3D fullscreen applications.",
    "homepage": "http://goebish.free.fr/cpk/",
    "license": "Unknown",
    "suggest": {
        "Microsoft Visual C++ Redistributables 2010": "extras/vcredist2010"
    },
    "url": "http://goebish.free.fr/cpk/files/cpk_05.zip",
    "hash": "69c7acc4a5701b3a5208d250cf3a5f1de86054da5a89a8db53ed32688b3aaa62",
    "bin": "CPKeeper.exe",
    "shortcuts": [
        [
            "CPKeeper.exe",
            "Color Profile Keeper"
        ]
    ],
    "checkver": "Download CPKeeper ([\\d.]+)",
    "autoupdate": {
        "url": "http://goebish.free.fr/cpk/files/cpk_$cleanVersion.zip"
    }
}
