{
    "version": "2.0.4",
    "description": "Detect CPU Hardware Virtualization support / state.",
    "homepage": "https://leomoon.com/downloads/desktop-apps/leomoon-cpu-v/",
    "license": "Unknown",
    "url": "https://leomoon.com/static/?file=leomoon-cpu-v_win.zip#/dl.zip",
    "hash": "1cd9d0de8eb0d452dc9b3e09411a8b2a6560971eb508415f9afb1cea665c334d",
    "shortcuts": [
        [
            "LeoMoon CPU-V.exe",
            "CPU-V"
        ]
    ],
    "checkver": "([\\d.]+):",
    "autoupdate": {
        "url": "https://leomoon.com/static/?file=leomoon-cpu-v_win.zip#/dl.zip"
    }
}
