{
    "version": "2.9.8",
    "description": "A simple and lightweight translator that allows to translate and speak text.",
    "homepage": "https://crow-translate.github.io",
    "license": "GPL-3.0-or-later",
    "architecture": {
        "64bit": {
            "url": "https://github.com/crow-translate/crow-translate/releases/download/2.9.8/crow-translate-2.9.8-win64.exe#/dl.7z",
            "hash": "7ac090b7647d7eab053ebcab2bb747aad1eaef999054a257ee3698daf1bd072e"
        }
    },
    "pre_install": "Remove-Item \"$dir\\`$*\" -Recurse",
    "bin": "crow.exe",
    "shortcuts": [
        [
            "crow.exe",
            "Crow"
        ]
    ],
    "checkver": {
        "github": "https://github.com/crow-translate/crow-translate"
    },
    "autoupdate": {
        "architecture": {
            "64bit": {
                "url": "https://github.com/crow-translate/crow-translate/releases/download/$version/crow-translate-$version-win64.exe#/dl.7z"
            }
        }
    }
}
