{
    "version": "1.5.1",
    "description": "Custom Resolution Utility (CRU) allows custom resolutions to be defined by creating EDID overrides directly in the registry without dealing with .inf files.",
    "homepage": "https://www.monitortests.com/forum/Thread-Custom-Resolution-Utility-CRU",
    "license": "Unknown",
    "url": "https://www.monitortests.com/download/cru/cru-1.5.1.zip",
    "hash": "3fc06d8bc64fd8c0ad8ef8ec627cea18a8dae7c6e87d880ff7acb13d248c0f95",
    "shortcuts": [
        [
            "CRU.exe",
            "Custom Resolution Utility"
        ]
    ],
    "checkver": "cru-([\\d.]+)\\.zip",
    "autoupdate": {
        "url": "https://www.monitortests.com/download/cru/cru-$version.zip"
    }
}
