{
    "version": "2.10.2",
    "description": "Allows you to maintain all the necessary cruft for packaging and building projects separate from the code you intentionally write. Built on-top of and fully compatible with CookieCutter.",
    "homepage": "https://github.com/cruft/cruft",
    "license": "MIT",
    "depends": "python",
    "url": "https://files.pythonhosted.org/packages/py3/c/cruft/cruft-2.10.2-py3-none-any.whl",
    "hash": "8ccf0b74ea07f4de3bc7c6a798c0fbfb922a02c7c44f472905edd624f383085c",
    "installer": {
        "script": [
            "Push-Location \"$dir\"",
            "python -m venv cruft",
            ".\\cruft\\Scripts\\activate",
            "try {",
            "    python -m pip install \"$fname\"",
            "}",
            "finally {",
            "    Remove-Item \"$fname\"",
            "    deactivate",
            "    Pop-Location",
            "}"
        ]
    },
    "bin": "cruft\\Scripts\\cruft.exe",
    "checkver": "github",
    "autoupdate": {
        "url": "https://files.pythonhosted.org/packages/py3/c/cruft/cruft-$version-py3-none-any.whl"
    }
}
