{
    "version": "2.2.2",
    "description": "A Go library & CLI for the undocumented Crunchyroll API.",
    "homepage": "https://github.com/ByteDream/crunchy-cli",
    "license": "LGPL-3.0-only",
    "suggest": {
        "ffmpeg": "ffmpeg",
        "vcredist": "extras/vcredist2010"
    },
    "notes": "You need a premium account for full (API) access.",
    "architecture": {
        "64bit": {
            "url": "https://github.com/ByteDream/crunchy-cli/releases/download/v2.2.2/crunchy-v2.2.2_windows.exe#/crunchy.exe",
            "hash": "b00072b56684bf87ab012457cc74852de6ad92c42c53c0e399826b881ecfe439"
        }
    },
    "bin": "crunchy.exe",
    "checkver": "github",
    "autoupdate": {
        "architecture": {
            "64bit": {
                "url": "https://github.com/ByteDream/crunchy-cli/releases/download/v$version/crunchy-v$version_windows.exe#/crunchy.exe"
            }
        }
    }
}
