{
    "version": "8.17.4",
    "description": "HDD/SSD utility software which supports S.M.A.R.T and a part of USB-HDD",
    "homepage": "https://osdn.net/projects/crystaldiskinfo/",
    "license": "MIT",
    "url": "https://free.nchc.org.tw/osdn//crystaldiskinfo/77538/CrystalDiskInfo8_17_4.zip",
    "hash": "25a2d4f3f4e795b5a5ba5f5e6565f022425a685853b5c587363886709a353739",
    "pre_install": "if (!(Test-Path \"$persist_dir\\DiskInfo.ini\")) { New-Item \"$dir\\DiskInfo.ini\" | Out-Null }",
    "architecture": {
        "64bit": {
            "bin": [
                [
                    "DiskInfo64.exe",
                    "DiskInfo"
                ]
            ],
            "shortcuts": [
                [
                    "DiskInfo64.exe",
                    "CrystalDiskInfo"
                ]
            ]
        },
        "32bit": {
            "bin": [
                [
                    "DiskInfo32.exe",
                    "DiskInfo"
                ]
            ],
            "shortcuts": [
                [
                    "DiskInfo32.exe",
                    "CrystalDiskInfo"
                ]
            ]
        }
    },
    "persist": [
        "Smart",
        "DiskInfo.ini"
    ],
    "checkver": "releases/(?<release>\\d+)\">CrystalDiskInfo\\s+([\\w.]+)<",
    "autoupdate": {
        "url": "https://free.nchc.org.tw/osdn//crystaldiskinfo/$matchRelease/CrystalDiskInfo$underscoreVersion.zip",
        "hash": {
            "url": "https://osdn.net/projects/crystaldiskinfo/downloads/$matchRelease/CrystalDiskInfo$underscoreVersion.zip/",
            "regex": "<dd>$sha256</dd>"
        }
    }
}
