{
    "version": "1.167.0.0",
    "description": "Text editor",
    "homepage": "http://uvviewsoft.com/cudatext/",
    "license": "MPL-2.0",
    "architecture": {
        "64bit": {
            "url": "https://www.fosshub.com/CudaText.html/cudatext-win-x64-1.167.0.0.zip",
            "hash": "d0eadd29262947fa118fd25bfdb4638d9a5f86005a550226bfd0e5a7b4bc17b6"
        },
        "32bit": {
            "url": "https://www.fosshub.com/CudaText.html/cudatext-win-x32-1.167.0.0.zip",
            "hash": "571b3025ba4ab0237ad727db54b4cb7b4d8e8001cb625b8f303d8b9eb82c1fb4"
        }
    },
    "bin": "cudatext.exe",
    "shortcuts": [
        [
            "cudatext.exe",
            "CudaText"
        ]
    ],
    "persist": "settings",
    "checkver": {
        "url": "https://www.fosshub.com/CudaText.html",
        "regex": "cudatext-win-x64-([\\d.]+)\\.zip"
    },
    "autoupdate": {
        "architecture": {
            "64bit": {
                "url": "https://www.fosshub.com/CudaText.html/cudatext-win-x64-$version.zip"
            },
            "32bit": {
                "url": "https://www.fosshub.com/CudaText.html/cudatext-win-x32-$version.zip"
            }
        }
    }
}
