{
    "version": "2.2.2",
    "description": "A suite of tools for lossless audio/CUE sheet format conversion and verification.",
    "homepage": "http://cue.tools/wiki/Main_Page",
    "license": "GPL-2.0-or-later",
    "suggest": {
        "vcredist": "extras/vcredist2008"
    },
    "architecture": {
        "64bit": {
            "url": "https://github.com/gchudov/cuetools.net/releases/download/v2.2.2/CUETools_2.2.2.zip",
            "hash": "b56914afc067a7937d8c905f0910f252d18d6bd8172a0a733314a318fa208aa9"
        }
    },
    "extract_dir": "CUETools_2.2.2",
    "post_install": "Remove-Item \"$dir\\user_profiles_enabled\"",
    "bin": "CUETools.Ripper.Console.exe",
    "shortcuts": [
        [
            "CUERipper.exe",
            "CUERipper"
        ],
        [
            "CUETools.exe",
            "CUETools"
        ]
    ],
    "persist": [
        "CUE Tools\\settings.txt",
        "CUERipper\\settings.txt"
    ],
    "checkver": {
        "github": "https://github.com/gchudov/cuetools.net"
    },
    "autoupdate": {
        "architecture": {
            "64bit": {
                "url": "https://github.com/gchudov/cuetools.net/releases/download/v$version/CUETools_$version.zip"
            }
        },
        "extract_dir": "CUETools_$version"
    }
}
