{
    "version": "5.1.0",
    "description": "Model editing tools for 3D printing",
    "homepage": "https://ultimaker.com/software/ultimaker-cura",
    "license": "LGPL-3.0-only",
    "architecture": {
        "64bit": {
            "url": "https://github.com/Ultimaker/Cura/releases/download/5.1.0/Ultimaker-Cura-5.1.0-win64.exe#/dl.7z",
            "hash": "aa2162a2e8dad913d0529158dea922ffe692e9e9e0c6076ff7e84e9c4af7ee05"
        }
    },
    "pre_install": "Remove-Item \"$dir\\Uninstall*\", \"$dir\\`$*\", \"$dir\\vcredist_*.exe\" -Recurse",
    "bin": "CuraEngine.exe",
    "shortcuts": [
        [
            "Ultimaker-Cura.exe",
            "Ultimaker Cura"
        ]
    ],
    "checkver": {
        "github": "https://github.com/Ultimaker/Cura"
    },
    "autoupdate": {
        "architecture": {
            "64bit": {
                "url": "https://github.com/Ultimaker/Cura/releases/download/$version/Ultimaker-Cura-$version-win64.exe#/dl.7z"
            }
        }
    }
}
