{
    "version": "2.1.0",
    "description": "A Qt and C++ GUI for Rizin reverse engineering framework.",
    "homepage": "https://cutter.re",
    "license": "GPL-3.0-only",
    "architecture": {
        "64bit": {
            "url": "https://github.com/rizinorg/cutter/releases/download/v2.1.0/cutter-v2.1.0-Windows-x86_64.zip",
            "hash": "73329193663e219354d4bc65937f4323875eb2524cddf2fd013b202f0bcfcd8b",
            "extract_dir": "cutter-v2.1.0-x64.Windows"
        }
    },
    "bin": [
        "cutter.exe",
        "rizin.exe",
        "rz-ax.exe",
        "rz-bin.exe",
        "rz-diff.exe",
        "rz-find.exe",
        "rz-gg.exe",
        "rz-hash.exe",
        "rz-run.exe"
    ],
    "shortcuts": [
        [
            "cutter.exe",
            "Cutter"
        ]
    ],
    "checkver": {
        "github": "https://github.com/rizinorg/cutter"
    },
    "autoupdate": {
        "architecture": {
            "64bit": {
                "url": "https://github.com/rizinorg/cutter/releases/download/v$version/cutter-v$version-Windows-x86_64.zip",
                "extract_dir": "cutter-v$version-x64.Windows"
            }
        }
    }
}
