{
    "version": "1.6.0",
    "description": "Launching SPICE remote-viewer to access VM running on Proxmox VE.",
    "homepage": "https://www.cv4pve-tools.com/",
    "license": "GPL-3.0-only",
    "depends": "extras/virt-viewer",
    "architecture": {
        "64bit": {
            "url": "https://github.com/Corsinvest/cv4pve-pepper/releases/download/v1.6.0/cv4pve-pepper.exe-win-x64.zip",
            "hash": "7acf17918c834b83f3bbc76a93dfedf9be9f69ddf5b46ed5006c21b14a71eb5e"
        },
        "32bit": {
            "url": "https://github.com/Corsinvest/cv4pve-pepper/releases/download/v1.6.0/cv4pve-pepper.exe-win-x86.zip",
            "hash": "3efb4c1d9edfc0a789a2b8a65378e120e779a263b37fa01c01c2cebca792807f"
        }
    },
    "bin": "cv4pve-pepper.exe",
    "checkver": {
        "github": "https://github.com/Corsinvest/cv4pve-pepper"
    },
    "autoupdate": {
        "architecture": {
            "64bit": {
                "url": "https://github.com/Corsinvest/cv4pve-pepper/releases/download/v$version/cv4pve-pepper.exe-win-x64.zip"
            },
            "32bit": {
                "url": "https://github.com/Corsinvest/cv4pve-pepper/releases/download/v$version/cv4pve-pepper.exe-win-x86.zip"
            }
        }
    }
}
