{
    "version": "8.4.2.38090",
    "description": "Libre file transfer client supporting multiple protocols.",
    "homepage": "https://cyberduck.io",
    "license": "Freeware",
    "notes": "Additional third party connection profiles can be installed to and found in '%APPDATA%\\Cyberduck\\Profiles'.",
    "architecture": {
        "64bit": {
            "url": "https://update.cyberduck.io/windows/Cyberduck-Installer-8.4.2.38090.msi",
            "hash": "4d407a9b8e330a709536845877550291f99feb7535beceb9a7d95daf6eedf368"
        }
    },
    "extract_dir": "Cyberduck",
    "shortcuts": [
        [
            "Cyberduck.exe",
            "Cyberduck"
        ]
    ],
    "checkver": {
        "url": "https://cyberduck.io/download/",
        "regex": "Cyberduck-Installer-([\\d.]+)\\.exe"
    },
    "autoupdate": {
        "architecture": {
            "64bit": {
                "url": "https://update.cyberduck.io/windows/Cyberduck-Installer-$version.msi"
            }
        }
    }
}
