{
    "version": "1.7.2233",
    "description": "A JSON viewer that gives a new approach to process JSON Data files.",
    "homepage": "https://dadroit.com/",
    "license": {
        "identifier": "Proprietary",
        "url": "https://dadroit.com/legal"
    },
    "architecture": {
        "64bit": {
            "url": "https://dadroit.com/releases/win/Dadroit%20Viewer%201.7%20Build%202233%20x64%20Setup.exe",
            "hash": "f9531ed03ff368f95f848d3463169475bb95dce002b098e77dd15852ade028bd"
        }
    },
    "innosetup": true,
    "shortcuts": [
        [
            "DadroitViewer.exe",
            "Dadroit JSON Viewer"
        ]
    ],
    "checkver": {
        "url": "https://dadroit.com/js/app.js",
        "regex": "Viewer (?<main>[\\d.]+)\\s+Build\\s+(?<build>\\d+)\\s+x64",
        "replace": "${main}.${build}"
    },
    "autoupdate": {
        "architecture": {
            "64bit": {
                "url": "https://dadroit.com/releases/win/Dadroit%20Viewer%20$majorVersion.$minorVersion%20Build%20$patchVersion%20x64%20Setup.exe"
            }
        }
    }
}
