{
    "version": "0.3.1",
    "description": "Take potentially dangerous PDFs, office documents, or images and convert them to a safe PDF.",
    "homepage": "https://dangerzone.rocks/",
    "license": "MIT",
    "notes": [
        "DangerZone requires Docker Desktop to run.",
        "You can download it from: https://www.docker.com/products/docker-desktop/"
    ],
    "url": "https://github.com/firstlookmedia/dangerzone/releases/download/v0.3.1/Dangerzone-0.3.1.msi",
    "hash": "68f813f8af0666e19117d8a31bff94a0044fbddfc0c281840a945c6416018c5d",
    "extract_dir": "Dangerzone",
    "bin": "dangerzone-cli.exe",
    "shortcuts": [
        [
            "dangerzone.exe",
            "DangerZone"
        ]
    ],
    "checkver": {
        "github": "https://github.com/firstlookmedia/dangerzone"
    },
    "autoupdate": {
        "url": "https://github.com/firstlookmedia/dangerzone/releases/download/v$version/Dangerzone-$version.msi"
    }
}
