{
    "version": "4.0.0",
    "description": "Photography workflow application and raw developer. A virtual lighttable and darkroom for photographers.",
    "homepage": "https://www.darktable.org",
    "license": "GPL-3.0-only",
    "architecture": {
        "64bit": {
            "url": "https://github.com/darktable-org/darktable/releases/download/release-4.0.0/darktable-4.0.0-win64.exe",
            "hash": "d0e09efb2f74beae9f5387a296d366c160d9fb87e571c9559c53cd0111b7b955"
        }
    },
    "installer": {
        "script": [
            "$Env:__COMPAT_LAYER='RunAsInvoker'",
            "Invoke-ExternalCommand \"$dir\\$fname\" -ArgumentList @('/S', \"/D=$dir\") | Out-Null"
        ]
    },
    "bin": "bin\\darktable.exe",
    "shortcuts": [
        [
            "bin\\darktable.exe",
            "darktable"
        ]
    ],
    "checkver": {
        "github": "https://github.com/darktable-org/darktable",
        "regex": "/darktable-([\\d.]+)-win64"
    },
    "autoupdate": {
        "architecture": {
            "64bit": {
                "url": "https://github.com/darktable-org/darktable/releases/download/release-$matchHead/darktable-$version-win64.exe",
                "hash": {
                    "url": "https://github.com/darktable-org/darktable/releases/tag/release-$matchHead"
                }
            }
        }
    }
}
