{
    "version": "1.26.0",
    "description": "DAta-SELector. Command line utility for querying and modifying data structures inside JSON, TOML, YAML, ...",
    "homepage": "https://github.com/TomWright/dasel",
    "license": "MIT",
    "architecture": {
        "64bit": {
            "url": "https://github.com/TomWright/dasel/releases/download/v1.26.0/dasel_windows_amd64.exe#/dasel.exe",
            "hash": "2744b49f0c82f499b59b0838f2552da1875991ad4f7b6097c776c21879239df9"
        }
    },
    "bin": "dasel.exe",
    "checkver": "github",
    "autoupdate": {
        "architecture": {
            "64bit": {
                "url": "https://github.com/TomWright/dasel/releases/download/v$version/dasel_windows_amd64.exe#/dasel.exe"
            }
        }
    }
}
