{
    "version": "34.5.8227.1",
    "description": "Innovative, powerful and intuitive multiple database management tool",
    "homepage": "https://fishcodelib.com/Database.htm",
    "license": {
        "identifier": "Freeware",
        "url": "https://fishcodelib.com/EULA.htm"
    },
    "url": "https://fishcodelib.com/files/DatabaseNet4.zip",
    "hash": "5bea5cd1cb77b31cbc2023935c6030f3bce8eec30f1cb80023ab255d566ee968",
    "bin": [
        "Database4.exe",
        [
            "Database4.exe",
            "database.net"
        ]
    ],
    "shortcuts": [
        [
            "Database4.exe",
            "Database .NET"
        ]
    ],
    "persist": "Database_Files",
    "checkver": {
        "url": "https://fishcodelib.com/version.xml",
        "regex": "database4.*?ver=\"([\\d.]+)\""
    },
    "autoupdate": {
        "url": "https://fishcodelib.com/files/DatabaseNet4.zip"
    }
}
