{
    "version": "2022.1.5-221.5787.39",
    "description": "Cross-Platform IDE for Databases & SQL by JetBrains.",
    "homepage": "https://www.jetbrains.com/datagrip/",
    "license": {
        "identifier": "Proprietary",
        "url": "https://www.jetbrains.com/store/license.html"
    },
    "url": "https://download.jetbrains.com/datagrip/datagrip-2022.1.5.exe#/dl.7z",
    "hash": "33d436735cc543f2a95b5307a25e2ddb1fe6715f6d05224fa5c0f53930654038",
    "extract_to": "IDE",
    "installer": {
        "script": [
            "& \"$bucketsdir\\extras\\scripts\\jetbrains\\portable.ps1\" $dir $persist_dir",
            "Remove-Item \"$dir\\IDE\\`$*\" -Force -Recurse"
        ]
    },
    "architecture": {
        "64bit": {
            "bin": [
                [
                    "IDE\\bin\\datagrip64.exe",
                    "datagrip"
                ]
            ],
            "shortcuts": [
                [
                    "IDE\\bin\\datagrip64.exe",
                    "JetBrains\\DataGrip"
                ]
            ]
        },
        "32bit": {
            "bin": "IDE\\bin\\datagrip.exe",
            "shortcuts": [
                [
                    "IDE\\bin\\datagrip.exe",
                    "JetBrains\\DataGrip"
                ]
            ]
        }
    },
    "persist": [
        "IDE\\bin\\idea.properties",
        "IDE\\bin\\datagrip.exe.vmoptions",
        "IDE\\bin\\datagrip64.exe.vmoptions",
        "profile"
    ],
    "checkver": {
        "url": "https://data.services.jetbrains.com/products/releases?code=DG&latest=true&platform=zip&type=release",
        "regex": "version\":\"(?<ver>[\\d.]+)\".*\"build\":\"(?<build>[\\d.]+)\"",
        "replace": "${ver}-${build}"
    },
    "autoupdate": {
        "url": "https://download.jetbrains.com/datagrip/datagrip-$matchHead.exe#/dl.7z",
        "hash": {
            "url": "$url.sha256"
        }
    }
}
