{
    "version": "22.1.2",
    "description": "Database tool for developers, SQL programmers, database administrators and analysts",
    "homepage": "https://dbeaver.io",
    "license": "Apache-2.0",
    "suggest": {
        "java": [
            "java/oraclejdk",
            "java/oraclejre8",
            "java/openjdk11"
        ]
    },
    "architecture": {
        "64bit": {
            "url": "https://download.dbeaver.com/community/22.1.2/dbeaver-ce-22.1.2-win32.win32.x86_64.zip",
            "hash": "62640c8f921471910426cd858cfea08234a72f26fb5c01dea10f1d922ece6ae3"
        }
    },
    "extract_dir": "dbeaver",
    "bin": [
        "dbeaver.exe",
        "dbeaver-cli.exe"
    ],
    "shortcuts": [
        [
            "dbeaver.exe",
            "DBeaver"
        ]
    ],
    "checkver": {
        "github": "https://github.com/dbeaver/dbeaver"
    },
    "autoupdate": {
        "architecture": {
            "64bit": {
                "url": "https://download.dbeaver.com/community/$version/dbeaver-ce-$version-win32.win32.x86_64.zip"
            }
        },
        "hash": {
            "url": "$baseurl/checksum/$basename.sha256"
        }
    }
}
