{
    "version": "0.95",
    "description": "Open-source, free, multi-platform frontend for DOSBox",
    "homepage": "https://dbgl.org/",
    "license": "GPL-2.0-or-later",
    "suggest": {
        "Java Runtime Environment": "java/openjdk"
    },
    "url": "https://dbgl.org/download/dbgl095.zip",
    "hash": "fc0fcf72f61ad911578afba5fe0d50c1bc0b34cea58c06a2772b8588f8e0220e",
    "bin": [
        [
            "launch.exe",
            "dbgl"
        ]
    ],
    "shortcuts": [
        [
            "launch.exe",
            "DOSBox Game Launcher"
        ]
    ],
    "checkver": "<p>v([\\d.]+)",
    "autoupdate": {
        "url": "https://dbgl.org/download/dbgl$cleanVersion.zip"
    }
}
