{
    "version": "13.0.4",
    "description": "A universal database tool for developers, DBAs and analysts.",
    "homepage": "https://www.dbvis.com/",
    "license": {
        "identifier": "Freeware",
        "url": "https://www.dbvis.com/eula/"
    },
    "suggest": {
        "JDK": [
            "java/oraclejdk",
            "java/openjdk"
        ]
    },
    "architecture": {
        "64bit": {
            "url": "https://www.dbvis.com/product_download/dbvis-13.0.4/media/dbvis_windows-x64_13_0_4.zip",
            "hash": "345949f9e5f129dd2dd7bc3831f2605f6c2279ffcb414e43b11ded47ea24f140"
        },
        "32bit": {
            "url": "https://www.dbvis.com/product_download/dbvis-13.0.4/media/dbvis_windows-x32_13_0_4.zip",
            "hash": "489111cfa8ff1b789e430009969bc8e9ca1204b9fca710ab80805b904869e354"
        }
    },
    "extract_dir": "DbVisualizer",
    "bin": [
        "dbvis.exe",
        "dbviscmd.bat"
    ],
    "shortcuts": [
        [
            "dbvis.exe",
            "DbVisualizer"
        ]
    ],
    "checkver": {
        "url": "https://www.dbvis.com/download/",
        "regex": "DbVisualizer\\s+([\\d.]+)"
    },
    "autoupdate": {
        "architecture": {
            "64bit": {
                "url": "https://www.dbvis.com/product_download/dbvis-$version/media/dbvis_windows-x64_$underscoreVersion.zip"
            },
            "32bit": {
                "url": "https://www.dbvis.com/product_download/dbvis-$version/media/dbvis_windows-x32_$underscoreVersion.zip"
            }
        }
    }
}
