{
    "version": "18.0.5.2",
    "description": "Driver removal utility that can help you completely uninstall AMD/NVIDIA graphics card drivers and packages from your system, without leaving leftovers behind (including registry keys, folders and files, driver store)",
    "homepage": "https://www.wagnardsoft.com/",
    "license": "Unknown",
    "url": "https://www.wagnardsoft.com/DDU/download/DDU%20v18.0.5.2.exe#/dl.7z",
    "hash": "sha1:534fcadef459bd6e6c657c7e1e99d0118d4b0b51",
    "extract_dir": "DDU v18.0.5.2",
    "shortcuts": [
        [
            "Display Driver Uninstaller.exe",
            "DDU - Display Driver Uninstaller"
        ]
    ],
    "checkver": "\\(DDU\\) V([\\d.]+) Released",
    "autoupdate": {
        "url": "https://www.wagnardsoft.com/DDU/download/DDU%20v$version.exe#/dl.7z",
        "hash": {
            "url": "https://www.wagnardsoft.com/content/display-driver-uninstaller-ddu-v$cleanVersion-released",
            "regex": "SHA1:\\s+$sha1"
        },
        "extract_dir": "DDU v$version"
    }
}
