{
    "version": "1.9.1",
    "homepage": "https://deadbeef.sourceforge.io",
    "description": "DeaDBeeF (as in 0xDEADBEEF) is a modular cross-platform audio player.",
    "license": "GPL-2.0,...",
    "architecture": {
        "64bit": {
            "url": "https://downloads.sourceforge.net/project/deadbeef/travis/windows/1.9.1/deadbeef-1.9.1-windows-x86_64.zip",
            "hash": "sha1:9d958a64a5fb32fb490590b1c53db81b98333003"
        }
    },
    "shortcuts": [
        [
            "deadbeef.exe",
            "DeaDBeeF"
        ]
    ],
    "extract_dir": "deadbeef-x86_64",
    "persist": "config",
    "checkver": {
        "url": "https://deadbeef.sourceforge.io/news0.html",
        "regex": "DeaDBeeF ([\\d.]+)"
    },
    "autoupdate": {
        "architecture": {
            "64bit": {
                "url": "https://downloads.sourceforge.net/project/deadbeef/travis/windows/$version/deadbeef-$version-windows-x86_64.zip"
            }
        }
    }
}
