{
    "version": "1.8.0.86",
    "description": "Collect, view and filter application logs.",
    "homepage": "https://github.com/CobaltFusion/DebugViewPP",
    "license": "BSL-1.0",
    "notes": "The 'OutputForwarderVSIX.vsix' is located at '$dir'.",
    "architecture": {
        "64bit": {
            "url": "https://github.com/CobaltFusion/DebugViewPP/releases/download/v1.8.0.48-x64/DebugView%2B%2B.zip",
            "hash": "7441cf9acce907b221ccc85be417a709f6938fbffdc251be108e46abcfe9959f"
        },
        "32bit": {
            "url": "https://github.com/CobaltFusion/DebugViewPP/releases/download/v1.8.0.86/DebugView%2B%2B.zip",
            "hash": "b4e841575da785a1a13d974099c29d0425d9cb84ddc8ae62b82890f4842af67e"
        }
    },
    "bin": [
        "DebugView++.exe",
        [
            "DebugView++.exe",
            "DebugView"
        ],
        "DebugViewConsole.exe"
    ],
    "checkver": {
        "url": "https://api.github.com/repos/CobaltFusion/DebugViewPP/releases",
        "regex": "Debugview\\+\\+ v([\\d.]+) - 32 bit version"
    },
    "autoupdate": {
        "architecture": {
            "64bit": {
                "url": "https://github.com/CobaltFusion/DebugViewPP/releases/download/v$matchTag64-x64/DebugView%2B%2B.zip"
            },
            "32bit": {
                "url": "https://github.com/CobaltFusion/DebugViewPP/releases/download/v$matchTag32/DebugView%2B%2B.zip"
            }
        }
    }
}
