{
    "version": "2.22.995",
    "description": "Speed up your PC with quick & easy defragmentation.",
    "homepage": "https://www.ccleaner.com/defraggler",
    "license": "Freeware",
    "url": "https://download.ccleaner.com/dfsetup222.exe#/dl.7z",
    "hash": "167b7192937b39e657def16ffb0fdbbab326f007747505d5c8785811d6b03ab8",
    "pre_install": [
        "Set-Content \"$dir\\portable.dat\" '#PORTABLE#' -Encoding Ascii",
        "Remove-Item \"$dir\\`$*\", \"$dir\\uninst.exe\" -Recurse -Force",
        "if (!(Test-Path \"$persist_dir\\Defraggler.ini\")) {",
        "   Set-Content \"$dir\\Defraggler.ini\" @('[Software\\Piriform\\Defraggler]', 'UpdateCheck=0') -Encoding Ascii",
        "}"
    ],
    "architecture": {
        "64bit": {
            "bin": [
                [
                    "Defraggler64.exe",
                    "Defraggler"
                ],
                [
                    "df64.exe",
                    "df"
                ]
            ],
            "shortcuts": [
                [
                    "Defraggler64.exe",
                    "Defraggler"
                ]
            ]
        },
        "32bit": {
            "bin": [
                "Defraggler.exe",
                "df.exe"
            ],
            "shortcuts": [
                [
                    "Defraggler.exe",
                    "Defraggler"
                ]
            ]
        }
    },
    "persist": "Defraggler.ini",
    "checkver": {
        "url": "https://www.ccleaner.com/defraggler/version-history",
        "regex": ">v([\\d.]+)"
    },
    "autoupdate": {
        "url": "https://download.ccleaner.com/dfsetup$majorVersion$minorVersion.exe#/dl.7z"
    }
}
