{
    "version": "2.0.3",
    "description": "Turn any device into a secondary screen for your computer.",
    "homepage": "https://deskreen.com/",
    "license": {
        "identifier": "AGPL-3.0-or-later",
        "url": "https://github.com/pavlobu/deskreen/blob/master/LICENSE"
    },
    "architecture": {
        "64bit": {
            "url": "https://github.com/pavlobu/deskreen/releases/download/v2.0.3/Deskreen.Setup.2.0.3.exe#/dl.7z",
            "hash": "sha512:c5a6f95a63b81388eb58c9ef7efa0796fa85decd8643ecde07c36fb75d7c7159af04fca335a094a8472aabc3d471c609f3f64bd8721e2587cede60debefcdc83",
            "installer": {
                "script": [
                    "Expand-7zipArchive \"$dir\\`$PLUGINSDIR\\app-64.7z\" \"$dir\"",
                    "Remove-Item \"$dir\\`$PLUGINSDIR\", \"$dir\\Uninstall*\" -Force -Recurse"
                ]
            }
        }
    },
    "shortcuts": [
        [
            "Deskreen.exe",
            "Deskreen"
        ]
    ],
    "checkver": {
        "github": "https://github.com/pavlobu/deskreen"
    },
    "autoupdate": {
        "architecture": {
            "64bit": {
                "url": "https://github.com/pavlobu/deskreen/releases/download/v$version/Deskreen.Setup.$version.exe#/dl.7z"
            }
        },
        "hash": {
            "url": "$baseurl/latest.yml",
            "regex": "sha512:\\s+$base64"
        }
    }
}
