{
    "version": "1.32",
    "description": "Make any application always on top.",
    "homepage": "https://efotinis.neocities.org/deskpins/",
    "license": "Freeware",
    "suggest": {
        "Visual C++ 2008 Redistributable": "extras/vcredist2008"
    },
    "url": "https://efotinis.neocities.org/downloads/DeskPins-1.32-setup.exe#/dl.7z",
    "hash": "70bfd44e774837e52bc83f2c128de7d164251e513f6ebea4a70e2073e28ecd2a",
    "pre_install": "Remove-Item \"$dir\\`$PLUGINSDIR\", \"$dir\\uninst.exe\" -Force -Recurse",
    "shortcuts": [
        [
            "deskpins.exe",
            "DeskPins"
        ]
    ]
}
