{
    "version": "3.05",
    "description": "Program for determining types of files",
    "homepage": "http://ntinfo.biz",
    "license": "MIT",
    "architecture": {
        "64bit": {
            "url": "https://github.com/horsicq/DIE-engine/releases/download/3.05/die_win64_portable_3.05.zip",
            "hash": "1d571f9a8788fadc17bbc9bc62f3f42c084fd431e71c65132788b5579c933917"
        },
        "32bit": {
            "url": "https://github.com/horsicq/DIE-engine/releases/download/3.05/die_win32_portable_3.05.zip",
            "hash": "412ff7b9c126fd6d4e815b4399e3773764300d3c4e6fd8efb450eade8535a1bc"
        }
    },
    "pre_install": [
        "'die.ini', 'shortcuts.ini' | ForEach-Object {",
        "   if(!(Test-Path \"$persist_dir\\$_\")) {New-Item \"$dir\\$_\" -ItemType File | Out-Null}",
        "}"
    ],
    "bin": "diec.exe",
    "shortcuts": [
        [
            "die.exe",
            "Detect It Easy"
        ]
    ],
    "persist": [
        "die.ini",
        "shortcuts.ini",
        "db",
        "info",
        "qss",
        "signatures"
    ],
    "checkver": {
        "github": "https://github.com/horsicq/DIE-engine"
    },
    "autoupdate": {
        "architecture": {
            "64bit": {
                "url": "https://github.com/horsicq/DIE-engine/releases/download/$version/die_win64_portable_$version.zip"
            },
            "32bit": {
                "url": "https://github.com/horsicq/DIE-engine/releases/download/$version/die_win32_portable_$version.zip"
            }
        }
    }
}
