{
    "version": "0.97.2",
    "description": "Drawing software",
    "homepage": "http://dia-installer.de",
    "license": "GPL-2.0-or-later",
    "url": "https://downloads.sourceforge.net/project/dia-installer/dia/0.97.2/dia_0.97.2_win32.zip",
    "hash": "sha1:de4b6df6af39c6845b51d42a0c927ef3c42c01e9",
    "bin": "bin\\dia.exe",
    "shortcuts": [
        [
            "bin\\diaw.exe",
            "Dia"
        ]
    ],
    "checkver": "Contains Dia ([\\d.]+) with updated base libraries",
    "autoupdate": {
        "url": "https://downloads.sourceforge.net/project/dia-installer/dia/$version/dia_$version_win32.zip"
    }
}
