{
    "version": "1.29.5",
    "description": "Vector graphics editor for creating flowcharts, UML class diagrams, illustrations and slide shows",
    "homepage": "https://logicnet.dk/DiagramDesigner/",
    "license": "Freeware",
    "notes": "Template palettes can be downloaded from 'https://github.com/meesoft/DiagramDesigner/tree/master/TemplatePalettes'",
    "url": "https://www.fosshub.com/Diagram-Designer.html/DiagramDesignerSetup.1.29.5.msi",
    "hash": "381c696c81ab57faaf40ce690c760f549056fb1af299ebf550c08dae5f379bf7",
    "shortcuts": [
        [
            "DiagramDesigner.exe",
            "Diagram Designer"
        ]
    ],
    "checkver": "Diagram Designer ([\\d.]+)",
    "autoupdate": {
        "url": "https://www.fosshub.com/Diagram-Designer.html/DiagramDesignerSetup.$version.msi"
    }
}
