{
    "version": "0.5",
    "description": "A simple tool for visually comparing two PDF files.",
    "homepage": "http://vslavik.github.io/diff-pdf/",
    "license": "GPL-2.0-only",
    "url": "https://github.com/vslavik/diff-pdf/releases/download/v0.5/diff-pdf-win-0.5.zip",
    "hash": "b93b6f9b60f208b307b969dbdc22401275424f77e08edbafc33dd51bb5d556a2",
    "bin": "diff-pdf.exe",
    "checkver": {
        "github": "https://github.com/vslavik/diff-pdf/"
    },
    "autoupdate": {
        "url": "https://github.com/vslavik/diff-pdf/releases/download/v$version/diff-pdf-win-$version.zip"
    }
}
