{
    "version": "0.9.3",
    "description": "Diff and merging tool with focus on accurate and easy to read source code diffs.",
    "homepage": "https://www.truehumandesign.se/s_diffinity.php",
    "license": {
        "identifier": "Freeware",
        "url": "https://www.truehumandesign.se/licenseDiffinity.php"
    },
    "url": "https://www.truehumandesign.se/download/diffinityInstaller.exe#/dl.7z",
    "hash": "bec923a69b816cc959ebfbd59fe3b742e32a5174fc388e75f6caa2f9dc965edf",
    "pre_install": [
        "if (!(Test-Path \"$persist_dir\\diffinity.cfg\")) { New-Item \"$dir\\diffinity.cfg\" | Out-Null }",
        "Remove-Item \"$dir\\`$*\", \"$dir\\uninst*\" -Recurse"
    ],
    "bin": "Diffinity.exe",
    "shortcuts": [
        [
            "Diffinity.exe",
            "Diffinity"
        ]
    ],
    "persist": "diffinity.cfg",
    "checkver": "Version:</b>\\s*([\\d.]+)",
    "autoupdate": {
        "url": "https://www.truehumandesign.se/download/diffinityInstaller.exe#/dl.7z"
    }
}
