{
    "version": "1.0.9005-12",
    "description": "Free Voice and Text Chat",
    "homepage": "https://discordapp.com/",
    "license": {
        "identifier": "Freeware",
        "url": "https://discordapp.com/terms"
    },
    "url": "https://github.com/portapps/discord-portable/releases/download/1.0.9005-12/discord-portable-win32-1.0.9005-12.7z",
    "hash": "d29eca140e69c2f93ca7291cdadb6d47158dd4c4110ed9475a7c3d4686855eca",
    "shortcuts": [
        [
            "discord-portable.exe",
            "Discord"
        ]
    ],
    "persist": [
        "data",
        "log"
    ],
    "checkver": {
        "url": "https://github.com/portapps/discord-portable",
        "regex": "/releases/tag/(?:v|V)?([\\d.-]+)"
    },
    "autoupdate": {
        "url": "https://github.com/portapps/discord-portable/releases/download/$version/discord-portable-win32-$version.7z",
        "hash": {
            "url": "$baseurl/checksums.txt"
        }
    }
}
