{
    "version": "10.1.1002.1",
    "description": "A gatis Windows utility similar to DISM, but with a GUI and based on CBS",
    "homepage": "https://github.com/Chuyu-Team/Dism-Multi-language/",
    "license": "MIT",
    "url": "https://github.com/Chuyu-Team/Dism-Multi-language/releases/download/v10.1.1002.1/Dism++10.1.1002.1.zip",
    "hash": "bd782ba834a77661db0b272c00afd5377404b23cb26783507ded145f4c72f9a6",
    "pre_install": [
        "if (!(Test-Path \"$persist_dir\\Config\\Config.ini\")) {",
        "    ensure \"$dir\\Config\" | Out-Null",
        "    New-Item \"$dir\\Config\\Config.ini\" | Out-Null",
        "}"
    ],
    "architecture": {
        "64bit": {
            "bin": [
                "DISM++x64.exe",
                [
                    "DISM++x64.exe",
                    "DISM++"
                ]
            ],
            "shortcuts": [
                [
                    "DISM++x64.exe",
                    "DISM++"
                ]
            ]
        },
        "32bit": {
            "bin": [
                "DISM++x86.exe",
                [
                    "DISM++x86.exe",
                    "DISM++"
                ]
            ],
            "shortcuts": [
                [
                    "DISM++x86.exe",
                    "DISM++"
                ]
            ]
        }
    },
    "persist": "Config\\Config.ini",
    "checkver": {
        "url": "https://api.github.com/repos/Chuyu-Team/Dism-Multi-language/releases",
        "regex": "Dism\\+\\+([\\d.]+)\\.zip"
    },
    "autoupdate": {
        "url": "https://github.com/Chuyu-Team/Dism-Multi-language/releases/download/v$version/Dism++$version.zip"
    }
}
