{
    "version": "3.8.9.3",
    "description": "Display Calibration and Characterization powered by ArgyllCMS",
    "homepage": "https://displaycal.net/",
    "license": "GPL-3.0-or-later",
    "depends": "extras/argyllcms",
    "url": "https://downloads.sourceforge.net/project/dispcalgui/release/3.8.9.3/DisplayCAL-3.8.9.3-win32.zip",
    "hash": "5c47b65fe1faa4000eee19eeac2386e99880de79ee38c8fe0b095371353010b6",
    "extract_dir": "DisplayCAL-3.8.9.3",
    "bin": "DisplayCAL.exe",
    "shortcuts": [
        [
            "DisplayCAL.exe",
            "DisplayCAL"
        ]
    ]
}
