{
    "version": "3.24.214.0",
    "description": "An enhanced clipboard manager",
    "homepage": "https://ditto-cp.sourceforge.io/",
    "license": "GPL-3.0-only",
    "architecture": {
        "64bit": {
            "url": "https://downloads.sourceforge.net/project/ditto-cp/Ditto/3.24.214.0/DittoPortable_64bit_3_24_214_0.zip",
            "hash": "sha1:d413bd8311c756feb40e33ab1d597982dc11260d"
        },
        "32bit": {
            "url": "https://downloads.sourceforge.net/project/ditto-cp/Ditto/3.24.214.0/DittoPortable_3_24_214_0.zip",
            "hash": "sha1:f5e6269e09b97e28ee41a3e0030f06e6fdbf6a6f"
        }
    },
    "extract_dir": "Ditto",
    "pre_install": [
        "if (!(Test-Path \"$persist_dir\\Ditto.db\")) {",
        "    Write-Host 'File Ditto.db does not exists. Creating.' -f Yellow",
        "    Start-Process -FilePath \"$dir\\Ditto.exe\"",
        "    while (!(Test-Path \"$dir\\Ditto.db\")) {",
        "        Start-Sleep -Milliseconds 500",
        "    }",
        "    Start-Sleep 1",
        "    Stop-Process -Name Ditto",
        "}",
        "$file = 'Ditto.Settings'",
        "if (!(Test-Path \"$persist_dir\\$file\")) {",
        "    Write-Host 'File' $file 'does not exists. Creating.' -f Yellow",
        "    $CONT = @('[Ditto]', 'DBPath3=Ditto.db')",
        "    Set-Content \"$dir\\$file\" ($CONT -join \"`r`n\") -Encoding Ascii",
        "}"
    ],
    "bin": "Ditto.exe",
    "shortcuts": [
        [
            "Ditto.exe",
            "Ditto"
        ]
    ],
    "persist": [
        "Ditto.db",
        "Ditto.Settings"
    ],
    "checkver": "var versionDots=\"([\\d.]+)\"",
    "autoupdate": {
        "architecture": {
            "64bit": {
                "url": "https://downloads.sourceforge.net/project/ditto-cp/Ditto/$version/DittoPortable_64bit_$underscoreVersion.zip"
            },
            "32bit": {
                "url": "https://downloads.sourceforge.net/project/ditto-cp/Ditto/$version/DittoPortable_$underscoreVersion.zip"
            }
        }
    }
}
