{
    "version": "3.0.84.0",
    "description": "Graphical GREP tool to search across text files, Word and Excel documents, PDFs and archives",
    "homepage": "http://dngrep.github.io/",
    "license": "GPL-3.0-only",
    "architecture": {
        "64bit": {
            "url": "https://github.com/dnGrep/dnGrep/releases/download/v3.0.84.0/dnGREP.3.0.84.x64.msi",
            "hash": "ae8c5e7f79a01b08cec32bae39c0040c69dead53a5ecff0a97d94c3ba868442d"
        },
        "32bit": {
            "url": "https://github.com/dnGrep/dnGrep/releases/download/v3.0.84.0/dnGREP.3.0.84.x86.msi",
            "hash": "a3f817b57d2094d0acb25900086e4bd37849878ec58aa6720735bb111d2efb39"
        }
    },
    "pre_install": "if (!(Test-Path \"$persist_dir\\dnGREP.Settings.dat\")) { New-Item \"$dir\\dnGREP.Settings.dat\" | Out-Null }",
    "extract_dir": "dnGREP",
    "bin": "dnGREP.exe",
    "shortcuts": [
        [
            "dnGREP.exe",
            "dnGREP"
        ]
    ],
    "persist": [
        "Themes",
        "dnGREP.Settings.dat"
    ],
    "checkver": {
        "github": "https://github.com/dnGrep/dnGrep"
    },
    "autoupdate": {
        "architecture": {
            "64bit": {
                "url": "https://github.com/dnGrep/dnGrep/releases/download/v$version/dnGREP.$matchHead.x64.msi",
                "hash": {
                    "url": "https://github.com/dnGrep/dnGrep/releases/v$version",
                    "regex": "x64.msi[<>/\\w\\n: \\(\\)]+SHA256: ($sha256)"
                }
            },
            "32bit": {
                "url": "https://github.com/dnGrep/dnGrep/releases/download/v$version/dnGREP.$matchHead.x86.msi",
                "hash": {
                    "url": "https://github.com/dnGrep/dnGrep/releases/v$version",
                    "find": "x86.msi[<>/\\w\\n: \\(\\)]+SHA256: ($sha256)"
                }
            }
        }
    }
}
