{
    "version": "2.2",
    "description": "Quickly and easily change IPv4 and IPv6 DNS settings.",
    "homepage": "https://www.sordum.org/dns-jumper/",
    "license": {
        "identifier": "Freeware",
        "url": "https://www.sordum.org/eula/"
    },
    "url": "https://www.sordum.org/files/dns-jumper/DnsJumper.zip",
    "hash": "a21764cfa199b19ac3009c2ae367a18a9ff79d44dd34e84007e1d9a4d6df1df5",
    "extract_dir": "DnsJumper",
    "bin": "dnsjumper.exe",
    "shortcuts": [
        [
            "dnsjumper.exe",
            "DNS Jumper"
        ]
    ],
    "persist": "DnsJumper.ini",
    "checkver": {
        "url": "http://www.sordum.org/updates/dnsjumper.upt",
        "regex": ";DnsJumper\\|([\\d.]+)\\|\\d"
    },
    "autoupdate": {
        "url": "https://www.sordum.org/files/dns-jumper/DnsJumper.zip"
    }
}
