{
    "version": "6.2.0",
    "description": "Continuation of the dnSpy project, a .NET debugger and assembly editor.",
    "homepage": "https://github.com/dnSpyEx/dnSpy",
    "license": "GPL-3.0-or-later",
    "architecture": {
        "64bit": {
            "url": "https://github.com/dnSpyEx/dnSpy/releases/download/v6.2.0/dnSpy-net-win64.zip",
            "hash": "e2d794d4ba7d792966a0e0c70878963d3070ba4fca557bfc93cb784cb31f8d1a"
        },
        "32bit": {
            "url": "https://github.com/dnSpyEx/dnSpy/releases/download/v6.2.0/dnSpy-net-win32.zip",
            "hash": "460901e4f07f4c0bf0ddcd82535ea21e4fad6e368b445bb5687f8b43123b29b0"
        }
    },
    "bin": "dnSpy.Console.exe",
    "shortcuts": [
        [
            "dnSpy.exe",
            "dnSpy"
        ]
    ],
    "checkver": "github",
    "autoupdate": {
        "architecture": {
            "64bit": {
                "url": "https://github.com/dnSpyEx/dnSpy/releases/download/v$version/dnSpy-net-win64.zip"
            },
            "32bit": {
                "url": "https://github.com/dnSpyEx/dnSpy/releases/download/v$version/dnSpy-net-win32.zip"
            }
        }
    }
}
