{
    "version": "1.2010.1.211002",
    "description": "Docker command completion for PowerShell",
    "homepage": "https://github.com/matt9ucci/DockerCompletion",
    "license": "MIT",
    "url": "https://psg-prod-eastus.azureedge.net/packages/dockercompletion.1.2010.1.211002.nupkg",
    "hash": "90dd2e4c28774de8c0a0cb532744f47c8026280ae1ed3d7248a62ff70dc54cc6",
    "pre_install": "Remove-Item \"$dir\\_rels\", \"$dir\\package\", \"$dir\\*Content*.xml\" -Recurse",
    "psmodule": {
        "name": "DockerCompletion"
    },
    "checkver": {
        "url": "https://www.powershellgallery.com/packages/DockerCompletion",
        "regex": "<h2>([\\d.]+)</h2>"
    },
    "autoupdate": {
        "url": "https://psg-prod-eastus.azureedge.net/packages/dockercompletion.$version.nupkg"
    }
}
