{
    "version": "8.88",
    "description": "A small program to prevent system Shutdown, Stand By, Turn Off, Restart, Hibernate.",
    "homepage": "https://www.softwareok.com/?Download=DontSleep",
    "license": {
        "identifier": "Freeware",
        "url": "https://www.softwareok.com/?seite=Microsoft/DontSleep/Eula"
    },
    "architecture": {
        "64bit": {
            "url": "https://www.softwareok.com/Download/DontSleep_x64.zip",
            "hash": "2226e0c2a9a3605553ee168289e167ffdcc876d611352b50fe12289514ffad1b",
            "shortcuts": [
                [
                    "DontSleep_x64.exe",
                    "DontSleep"
                ]
            ]
        },
        "32bit": {
            "url": "https://www.softwareok.com/Download/DontSleep.zip",
            "hash": "b17958e2eecc25c5c1c16814a0a286c1d68a27549217acd1a0a78f34f4314784",
            "shortcuts": [
                [
                    "DontSleep.exe",
                    "DontSleep"
                ]
            ]
        }
    },
    "checkver": {
        "url": "https://www.softwareok.com/?seite=Microsoft/DontSleep/History",
        "regex": "version ([\\d.]+)"
    },
    "autoupdate": {
        "architecture": {
            "64bit": {
                "url": "https://www.softwareok.com/Download/DontSleep_x64.zip"
            },
            "32bit": {
                "url": "https://www.softwareok.com/Download/DontSleep.zip"
            }
        },
        "hash": {
            "url": "https://www.softwareok.com/?Download=DontSleep",
            "regex": "$basename<div[^>]+><a[^>]+>$sha256<"
        }
    }
}
