{
    "version": "2.0.9",
    "description": "Audio player which tries to make organizing and listening to music as simple and pretty as possible.",
    "homepage": "https://www.digimezzo.com/software/dopamine/",
    "license": "GPL-3.0-only",
    "url": "https://www.digimezzo.com/content/software/dopamine/Dopamine%202.0.9%20(Release)%20-%20Portable.zip",
    "hash": "fd5ec9aa1c6f9a2a21244a65f9d77ef20614422c9ce6df75614ba8edb09c8b08",
    "pre_install": [
        "if (!(Test-Path \"$persist_dir\\Dopamine\\Settings.xml\")) {",
        "    New-Item \"$dir\\Dopamine\" -ItemType Directory | Out-Null",
        "    Copy-Item \"$dir\\BaseSettings.xml\" \"$dir\\Dopamine\\Settings.xml\"",
        "}"
    ],
    "shortcuts": [
        [
            "Dopamine.exe",
            "Dopamine"
        ]
    ],
    "persist": [
        "Dopamine\\ColorSchemes",
        "Dopamine\\Equalizer",
        "Dopamine\\log",
        "Dopamine\\Settings.xml"
    ],
    "checkver": {
        "url": "https://www.digimezzo.com/content/software/dopamine",
        "regex": "/Dopamine\\s+([\\d.]+)\\s+\\(Release\\)",
        "reverse": true
    },
    "autoupdate": {
        "url": "https://www.digimezzo.com/content/software/dopamine/Dopamine%20$version%20(Release)%20-%20Portable.zip"
    }
}
