{
    "version": "0.84.1",
    "description": "Fork of DOSBox, an Intel x86-based PC emulator, complete with sound, graphics, mouse, joystick, modem, etc.",
    "homepage": "https://dosbox-x.com",
    "license": "GPL-2.0-or-later",
    "architecture": {
        "64bit": {
            "url": "https://github.com/joncampbell123/dosbox-x/releases/download/dosbox-x-v0.84.1/dosbox-x-vsbuild-win64-20220701165137.zip",
            "hash": "ee26ce00c2fe2e6c949e0aa0cc5c97f1cc9be5d234e785e04d50571948de9a42",
            "extract_dir": "bin\\x64\\Release SDL2"
        },
        "32bit": {
            "url": "https://github.com/joncampbell123/dosbox-x/releases/download/dosbox-x-v0.84.1/dosbox-x-vsbuild-win32-20220701165140.zip",
            "hash": "d14597e3ad62728f1c42ab26423e80181b7f86e97b396487b07d86be86a1b6a0",
            "extract_dir": "bin\\Win32\\Release SDL2"
        }
    },
    "pre_install": "if (!(Test-Path \"$persist_dir\\dosbox.conf\")) { Copy-Item \"$dir\\dosbox-x.reference.conf\" \"$dir\\dosbox.conf\" }",
    "bin": "dosbox-x.exe",
    "shortcuts": [
        [
            "dosbox-x.exe",
            "DOSBox-X"
        ]
    ],
    "persist": "dosbox.conf",
    "checkver": {
        "github": "https://github.com/joncampbell123/dosbox-x",
        "regex": "(?sm)download/dosbox-x-v([\\d.]+)/dosbox-x-vsbuild-win32-(?<releasewin32>[\\d-]+).*?download/dosbox-x-v([\\d.]+)/dosbox-x-vsbuild-win64-(?<releasewin64>[\\d-]+)"
    },
    "autoupdate": {
        "architecture": {
            "64bit": {
                "url": "https://github.com/joncampbell123/dosbox-x/releases/download/dosbox-x-v$version/dosbox-x-vsbuild-win64-$matchReleasewin64.zip"
            },
            "32bit": {
                "url": "https://github.com/joncampbell123/dosbox-x/releases/download/dosbox-x-v$version/dosbox-x-vsbuild-win32-$matchReleasewin32.zip"
            }
        }
    }
}
