{
    "version": "2022.1.2",
    "description": "DotMemory. Memory Profile & Unit testing framework for .NET by JetBrains.",
    "homepage": "https://www.jetbrains.com/dotmemory/",
    "license": {
        "identifier": "Proprietary",
        "url": "https://www.jetbrains.com/store/license.html"
    },
    "architecture": {
        "64bit": {
            "url": "https://download.jetbrains.com/resharper/dotUltimate.2022.1.2/dotMemory.UI.64.2022.1.2.exe#/dotMemory.exe",
            "hash": "0f9865c9abe3c5d3554c2f0dfb02891d6fd456301d0c505a10dd4b260be4226a"
        }
    },
    "shortcuts": [
        [
            "dotMemory.exe",
            "dotMemory"
        ]
    ],
    "checkver": {
        "url": "https://data.services.jetbrains.com/products/releases?code=DM&latest=true&platform=zip&type=release",
        "jsonpath": "$..version"
    },
    "autoupdate": {
        "architecture": {
            "64bit": {
                "url": "https://download.jetbrains.com/resharper/dotUltimate.$version/dotMemory.UI.64.$version.exe#/dotMemory.exe"
            }
        },
        "hash": {
            "url": "$url.sha256"
        }
    }
}
