{
    "version": "2022.1.2",
    "description": "Free .NET Decompiler and Assembly Browser",
    "homepage": "https://www.jetbrains.com/decompiler/",
    "license": {
        "identifier": "Proprietary",
        "url": "https://www.jetbrains.com/decompiler/download/license.html"
    },
    "architecture": {
        "64bit": {
            "url": "https://download.jetbrains.com/resharper/dotUltimate.2022.1.2/dotPeek64.2022.1.2.exe#/dotpeek.exe",
            "hash": "e02215ca9b04f24fcdc44aa2fb89f5ae8b27229e5a237b62390555eee64fc42c"
        },
        "32bit": {
            "url": "https://download.jetbrains.com/resharper/dotUltimate.2022.1.2/dotPeek32.2022.1.2.exe#/dotpeek.exe",
            "hash": "eddbdcd62e6d1ac05007f409ec4f7bfdae5609eec44700231418bbf64b7f83da"
        }
    },
    "shortcuts": [
        [
            "dotpeek.exe",
            "dotPeek"
        ]
    ],
    "checkver": {
        "url": "https://data.services.jetbrains.com/products/releases?code=DPK&latest=true&platform=zip&type=release",
        "jsonpath": "$..version"
    },
    "autoupdate": {
        "architecture": {
            "64bit": {
                "url": "https://download.jetbrains.com/resharper/dotUltimate.$version/dotPeek64.$version.exe#/dotpeek.exe"
            },
            "32bit": {
                "url": "https://download.jetbrains.com/resharper/dotUltimate.$version/dotPeek32.$version.exe#/dotpeek.exe"
            }
        },
        "hash": {
            "url": "$url.sha256"
        }
    }
}
