{
    "version": "1.0.6",
    "description": "Two pane file manager inspired by Total Commander",
    "homepage": "https://doublecmd.sourceforge.io/",
    "license": "GPL-2.0-only",
    "architecture": {
        "64bit": {
            "url": "https://downloads.sourceforge.net/project/doublecmd/DC%20for%20Windows%2064%20bit/Double%20Commander%201.0.6%20beta/doublecmd-1.0.6.x86_64-win64.msi",
            "hash": "sha1:09d577c60767316d1c39c4276ecb073c19e9b857"
        },
        "32bit": {
            "url": "https://downloads.sourceforge.net/project/doublecmd/DC%20for%20Windows%2032%20bit/Double%20Commander%201.0.6%20beta/doublecmd-1.0.6.i386-win32.msi",
            "hash": "sha1:93b1a2cda56f250e62ee3f66437e779fa07ba891"
        }
    },
    "extract_dir": "Double Commander",
    "bin": "doublecmd.exe",
    "shortcuts": [
        [
            "doublecmd.exe",
            "Double Commander"
        ]
    ],
    "checkver": {
        "url": "https://sourceforge.net/p/doublecmd/wiki/Download/",
        "regex": "doublecmd-([\\d.]+)\\.i386-win32\\.zip"
    },
    "autoupdate": {
        "architecture": {
            "64bit": {
                "url": "https://downloads.sourceforge.net/project/doublecmd/DC%20for%20Windows%2064%20bit/Double%20Commander%20$version%20beta/doublecmd-$version.x86_64-win64.msi"
            },
            "32bit": {
                "url": "https://downloads.sourceforge.net/project/doublecmd/DC%20for%20Windows%2032%20bit/Double%20Commander%20$version%20beta/doublecmd-$version.i386-win32.msi"
            }
        }
    }
}
