{
    "version": "19.0.3",
    "description": "Professional diagramming",
    "homepage": "https://www.diagrams.net",
    "license": "Apache-2.0",
    "architecture": {
        "64bit": {
            "url": "https://github.com/jgraph/drawio-desktop/releases/download/v19.0.3/draw.io-19.0.3-windows-installer.exe#/dl.7z",
            "hash": "c8cac72683f77a518607559d58a802aacae41e6801f9d8946a758213addf3e45",
            "pre_install": [
                "Expand-7zipArchive \"$dir\\`$PLUGINSDIR\\app-64.7z\" \"$dir\"",
                "Remove-Item \"$dir\\`$*\", \"$dir\\Uninstall*\" -Recurse"
            ]
        },
        "32bit": {
            "url": "https://github.com/jgraph/drawio-desktop/releases/download/v19.0.3/draw.io-ia32-19.0.3-windows-32bit-installer.exe#/dl.7z",
            "hash": "f212a0203d0fa294ed23030db7fdae1ab2a08143f50f5314b647ec6dcea822e0",
            "pre_install": [
                "Expand-7zipArchive \"$dir\\`$PLUGINSDIR\\app-32.7z\" \"$dir\"",
                "Remove-Item \"$dir\\`$*\", \"$dir\\Uninstall*\" -Recurse"
            ]
        }
    },
    "bin": "draw.io.exe",
    "shortcuts": [
        [
            "draw.io.exe",
            "draw.io"
        ]
    ],
    "checkver": {
        "github": "https://github.com/jgraph/drawio-desktop"
    },
    "autoupdate": {
        "architecture": {
            "64bit": {
                "url": "https://github.com/jgraph/drawio-desktop/releases/download/v$version/draw.io-$version-windows-installer.exe#/dl.7z"
            },
            "32bit": {
                "url": "https://github.com/jgraph/drawio-desktop/releases/download/v$version/draw.io-ia32-$version-windows-32bit-installer.exe#/dl.7z"
            }
        },
        "hash": {
            "url": "$baseurl/Files-SHA256-Hashes.txt",
            "regex": "$basename\\s*?$sha256"
        }
    }
}
