{
    "version": "2.25.0.120",
    "description": "Detecting and updating required drivers",
    "homepage": "https://www.kcsoftwares.com/?dumo",
    "license": {
        "identifier": "Freeware",
        "url": "http://www.kcsoftwares.com/legal/ToU.pdf"
    },
    "url": "https://www.kcsoftwares.com/files/dumo.zip",
    "hash": "56bda0ee9e24cfa0cc8a3f9c25356dc7c4d62300ddacea96f16848bad6f2a49d",
    "extract_dir": "dumo",
    "pre_install": "if (!(Test-Path \"$persist_dir\\settings.ini\")) { Set-Content \"$dir\\settings.ini\" '[Settings]', 'AutoUpdate=0' -Encoding Ascii }",
    "bin": "DUMo.exe",
    "shortcuts": [
        [
            "DUMo.exe",
            "DUMo - Drivers Update Monitor"
        ]
    ],
    "persist": "settings.ini",
    "checkver": {
        "url": "https://www.kcsoftwares.com/?download",
        "regex": "(?sm)DUMo</h.*?Version\\s+:\\s*<code>([\\d.]+)</"
    },
    "autoupdate": {
        "url": "https://www.kcsoftwares.com/files/dumo.zip"
    }
}
