{
    "version": "1.40.0",
    "description": "Simple yet capable cross-platform IRC client",
    "homepage": "https://dxirc.org",
    "license": "GPL-3.0-or-later",
    "url": "https://downloads.sourceforge.net/project/dxirc/1.40.0/dxirc-1.40.0-bin.zip",
    "hash": "sha1:288828f1a39c059081398fe45bef0fb82165e361",
    "extract_dir": "dxirc",
    "shortcuts": [
        [
            "bin\\dxirc-fox.exe",
            "dxirc (FOX tookit)"
        ],
        [
            "bin\\dxirc-qt.exe",
            "dxirc (Qt toolkit)"
        ]
    ],
    "checkver": {
        "url": "https://dxsolutions.org/dxirc-version",
        "regex": "([\\d.]+)"
    },
    "autoupdate": {
        "url": "https://downloads.sourceforge.net/project/dxirc/$version/dxirc-$version-bin.zip"
    }
}
