{
    "version": "2.05.86",
    "description": "Window hooker to run fullscreen programs in window and much more.",
    "homepage": "https://sourceforge.net/projects/dxwnd/",
    "license": "GPL-3.0-or-later",
    "url": "https://downloads.sourceforge.net/project/dxwnd/Latest%20build/v2_05_86_build.rar",
    "hash": "sha1:74e99560346dad8ee4acea921a542ae26a3de3e6",
    "pre_install": "if (!(Test-Path \"$persist_dir\\dxwnd.ini\")) { New-Item \"$dir\\dxwnd.ini\" | Out-Null }",
    "shortcuts": [
        [
            "dxwnd.exe",
            "DxWnd"
        ]
    ],
    "persist": [
        "dxwnd.ini",
        "vcda\\winmm.ini",
        "alt.dll"
    ],
    "env_add_path": "vcda",
    "checkver": {
        "script": [
            "$url = 'https://sourceforge.net/projects/dxwnd/files/Latest%20build/'",
            "$cont = $(Invoke-WebRequest($url)).Content",
            "if(!($cont -match 'v(\\d+)_(\\d+)_(\\d+)(_(fx\\d+))?_build\\.rar')) { break }",
            "if ($matches[4] -eq $null) { $script_ver = \"{0}.{1}.{2}\" -f $matches[1], $matches[2], $matches[3] }",
            "else { $script_ver = \"{0}.{1}.{2}-{3}\" -f $matches[1], $matches[2], $matches[3], $matches[5] }",
            "Write-Output $script_ver"
        ],
        "regex": "(.*)"
    },
    "autoupdate": {
        "url": "https://downloads.sourceforge.net/project/dxwnd/Latest%20build/v$underscoreVersion_build.rar"
    }
}
