{
    "version": "1.6",
    "description": "Exact Audio Copy using standard drives",
    "homepage": "http://www.exactaudiocopy.de",
    "license": "Freeware",
    "url": "http://www.exactaudiocopy.de/eac-1.6.exe#/dl.7z",
    "hash": "sha1:a6e396618446a87e46abf3d5e00a7d73690a2272",
    "pre_install": "Remove-Item \"$dir\\`$PLUGINSDIR\", \"$dir\\Empty*\", \"$dir\\uninst*\" -Recurse",
    "shortcuts": [
        [
            "EAC.exe",
            "Exact Audio Copy"
        ]
    ],
    "checkver": {
        "url": "http://www.exactaudiocopy.de/en/index.php/resources/download/",
        "regex": "Exact Audio Copy\\s+V([\\d.]+)"
    },
    "autoupdate": {
        "url": "http://www.exactaudiocopy.de/eac-$version.exe#/dl.7z",
        "hash": {
            "url": "http://www.exactaudiocopy.de/en/index.php/resources/download/",
            "regex": "$sha1"
        }
    }
}
