{
    "version": "2.1.5.10",
    "description": "A free all-in-one download manager.",
    "homepage": "http://www.eagleget.com/",
    "license": {
        "identifier": "Freeware",
        "url": "http://www.eagleget.com/eagleget-user-terms/"
    },
    "notes": "Right click on $dir\\install.bat file and select 'Run as Administrator' to enable the browser monitoring.",
    "url": "https://raw.githubusercontent.com/ScoopInstaller/Binary/master/eagleget/EagleGetPortable_2.1.5.10.zip",
    "hash": "2bc66da27a05eeca270b55f02ad5b57bd70287713a7de1e5a3737e9a41c37788",
    "shortcuts": [
        [
            "EagleGet.exe",
            "EagleGet"
        ]
    ],
    "persist": [
        "EagleGet\\configs",
        "EGDownloads"
    ]
}
