{
    "version": "1.2",
    "description": "A portable freeware to optimize services for almost all Windows versions (except for Win 98 and before).",
    "homepage": "https://www.sordum.org/easy-service-optimizer",
    "license": {
        "identifier": "Freeware",
        "url": "https://www.sordum.org/eula/"
    },
    "url": "https://www.sordum.org/files/easy-service-optimizer/eso.zip",
    "hash": "49eb7e69fbb6b8a0d6110cc60b4c234267fdf1a843a04b29a24324a3d76fb22e",
    "extract_dir": "eso",
    "bin": "eso.exe",
    "shortcuts": [
        [
            "eso.exe",
            "Easy Service Optimizer"
        ]
    ],
    "persist": "eso.ini",
    "checkver": "Easy Service Optimizer v([\\d.]+)",
    "autoupdate": {
        "url": "https://www.sordum.org/files/easy-service-optimizer/eso.zip"
    }
}
