{
    "version": "3.1.0",
    "description": "A CLI utility to build and manage a PKI CA",
    "homepage": "https://openvpn.net/easyrsa.html",
    "license": "GPL-2.0-only",
    "architecture": {
        "64bit": {
            "url": "https://github.com/OpenVPN/easy-rsa/releases/download/v3.1.0/EasyRSA-3.1.0-win64.zip",
            "hash": "b14d70f271c18d67ab88e482ca8f65c359ea05aee86ae6753316f658c2887a29"
        },
        "32bit": {
            "url": "https://github.com/OpenVPN/easy-rsa/releases/download/v3.1.0/EasyRSA-3.1.0-win32.zip",
            "hash": "6494a1c7fb67ea05aa5d26b07d3ec90a7615309522d01a02c8ccec2f7a28e34d"
        }
    },
    "extract_dir": "EasyRSA-3.1.0",
    "post_install": [
        "@\"",
        "setup_path=\"$($dir -replace '\\\\', '/')\"",
        "export EASYRSA=\"`${setup_path}\"",
        "export EASYRSA_PKI=\"`${setup_path}/keys/pki\"",
        "export PATH=\"`${setup_path};`${setup_path}/bin;`${PATH}\"",
        "export HOME=\"`${setup_path}\"",
        "export ENV=\"/disable-env\"",
        "`${setup_path}/easyrsa $*",
        "\"@ | Out-File \"$dir\\easyrsa-wrapper.sh\" -Encoding Ascii",
        "if (!(Test-Path \"$dir\\keys\\pki\")) { easyrsa init-pki }"
    ],
    "bin": [
        [
            "bin\\sh.exe",
            "easyrsa",
            "$dir\\easyrsa-wrapper.sh"
        ]
    ],
    "persist": "keys",
    "checkver": {
        "github": "https://github.com/OpenVPN/easy-rsa"
    },
    "autoupdate": {
        "architecture": {
            "64bit": {
                "url": "https://github.com/OpenVPN/easy-rsa/releases/download/v$version/EasyRSA-$version-win64.zip"
            },
            "32bit": {
                "url": "https://github.com/OpenVPN/easy-rsa/releases/download/v$version/EasyRSA-$version-win32.zip"
            }
        },
        "extract_dir": "EasyRSA-$version"
    }
}
