{
    "version": "1.7.3.0",
    "description": "Command-line utilities that wrap the Amazon EC2 API actions.",
    "homepage": "https://aws.amazon.com/developertools/351",
    "license": {
        "identifier": "Freeware",
        "url": "https://aws.amazon.com/asl/"
    },
    "suggest": {
        "JDK": [
            "java/oraclejdk",
            "java/openjdk"
        ]
    },
    "url": "https://s3.amazonaws.com/ec2-downloads/ec2-api-tools-1.7.3.0.zip",
    "hash": "md5:1cc368f2c1d2045262b59749dca37d50",
    "extract_dir": "ec2-api-tools-1.7.3.0",
    "env_add_path": "bin",
    "env_set": {
        "EC2_HOME": "$dir"
    }
}
