{
    "version": "2022-06",
    "description": "Eclipse IDE for Java and DSL Developers",
    "homepage": "https://www.eclipse.org",
    "license": "EPL-1.0",
    "architecture": {
        "64bit": {
            "url": "http://download.eclipse.org/technology/epp/downloads/release/2022-06/R/eclipse-dsl-2022-06-R-win32-x86_64.zip",
            "hash": "sha512:1e5831d6d76bd156bf902022eac9876cc791eef17824f39bf55896046fcbbf9197f9522cf04478aca42f7c763031b73616d75a8d22344fb1c1b772cafe2ca44e"
        }
    },
    "extract_dir": "eclipse",
    "shortcuts": [
        [
            "eclipse.exe",
            "Eclipse IDE for Java and DSL Developers"
        ]
    ],
    "checkver": {
        "url": "https://download.eclipse.org/technology/epp/downloads/release/release.xml",
        "xpath": "/packages/present",
        "regex": "([\\d-]+)"
    },
    "autoupdate": {
        "architecture": {
            "64bit": {
                "url": "http://download.eclipse.org/technology/epp/downloads/release/$version/R/eclipse-dsl-$version-R-win32-x86_64.zip",
                "hash": {
                    "url": "$url.sha512"
                }
            }
        }
    }
}
