{
    "version": "4.6.3",
    "description": "Eclipse for Android Developers",
    "homepage": "https://www.eclipse.org",
    "license": "EPL-1.0",
    "architecture": {
        "64bit": {
            "url": "https://archive.eclipse.org/technology/epp/downloads/release/neon/3/eclipse-android-neon-3-incubation-win32-x86_64.zip",
            "hash": "sha512:454682b9bc3358fdbd36ac7efd0f87b343a19475fab167f8a67a3d7c2c8cc31a79960d7c0cca42d9ef33bab95a624f49083eefb86e046d859e0dacdabfde2fd8"
        },
        "32bit": {
            "url": "https://archive.eclipse.org/technology/epp/downloads/release/neon/3/eclipse-android-neon-3-incubation-win32.zip",
            "hash": "sha512:9768d32efae1e59f01609115afa14d25ede869290aa1be0b439fb8302f3d35a34cc8241634b96dbc838a3d92940f489b56964a64e64533371a7e9d870c780d5c"
        }
    },
    "extract_dir": "eclipse",
    "shortcuts": [
        [
            "eclipse.exe",
            "Eclipse for Android Developers"
        ]
    ]
}
