{
    "version": "2022-06",
    "description": "Eclipse IDE for Java Developers",
    "homepage": "https://www.eclipse.org",
    "license": "EPL-1.0",
    "architecture": {
        "64bit": {
            "url": "http://download.eclipse.org/technology/epp/downloads/release/2022-06/R/eclipse-java-2022-06-R-win32-x86_64.zip",
            "hash": "sha512:fd1fb6cbcc2a801e9a71c034fec3d17f0b10ce6be3cabd01a88a428be0ee55e883c3eeb46e3fe496ef661a86d2dc83cdc41a43f2aa1ce9e86f395d2bc40b27c5"
        }
    },
    "extract_dir": "eclipse",
    "shortcuts": [
        [
            "eclipse.exe",
            "Eclipse IDE for Java Developers"
        ]
    ],
    "checkver": {
        "url": "https://download.eclipse.org/technology/epp/downloads/release/release.xml",
        "xpath": "/packages/present",
        "regex": "([\\d-]+)"
    },
    "autoupdate": {
        "architecture": {
            "64bit": {
                "url": "http://download.eclipse.org/technology/epp/downloads/release/$version/R/eclipse-java-$version-R-win32-x86_64.zip",
                "hash": {
                    "url": "$url.sha512"
                }
            }
        }
    }
}
