{
    "version": "2022-06",
    "description": "Eclipse IDE for Java EE Developers",
    "homepage": "https://www.eclipse.org",
    "license": "EPL-1.0",
    "architecture": {
        "64bit": {
            "url": "http://download.eclipse.org/technology/epp/downloads/release/2022-06/R/eclipse-jee-2022-06-R-win32-x86_64.zip",
            "hash": "sha512:ca085206447230af138417b9da236b8fdc1d97b96d5918dfd33d8a462146b36d32c5d84949f2005fa23fb79b9d40f0c9ea26bb973d613bc265d79f0215ddd5f4"
        }
    },
    "extract_dir": "eclipse",
    "shortcuts": [
        [
            "eclipse.exe",
            "Eclipse IDE for Java EE Developers"
        ]
    ],
    "checkver": {
        "url": "https://download.eclipse.org/technology/epp/downloads/release/release.xml",
        "xpath": "/packages/present",
        "regex": "([\\d-]+)"
    },
    "autoupdate": {
        "architecture": {
            "64bit": {
                "url": "http://download.eclipse.org/technology/epp/downloads/release/$version/R/eclipse-jee-$version-R-win32-x86_64.zip"
            }
        },
        "hash": {
            "url": "$url.sha512"
        }
    }
}
