{
    "version": "2019-09",
    "description": "Eclipse IDE for Java and Report Developers",
    "homepage": "https://www.eclipse.org",
    "license": "EPL-1.0",
    "architecture": {
        "64bit": {
            "url": "http://download.eclipse.org/technology/epp/downloads/release/2019-09/R/eclipse-reporting-2019-09-R-win32-x86_64.zip",
            "hash": "sha512:d34e5c5d19bfaa1cee3efa47a21a96b35d2defad2b162cb440ebe27a49dc55e023bcd7b44e69cf923281145a5b155aeaf988de77c600cb48933ec17184088d7b"
        }
    },
    "extract_dir": "eclipse",
    "shortcuts": [
        [
            "eclipse.exe",
            "Eclipse IDE for Java and Report Developers"
        ]
    ]
}
