{
    "version": "1.14.1",
    "description": "Microscopic and continuous traffic simulation package designed to handle large networks",
    "homepage": "https://www.eclipse.org/sumo/",
    "license": "EPL-2.0",
    "architecture": {
        "64bit": {
            "url": "https://sumo.dlr.de/releases/1.14.1/sumo-win64-1.14.1.zip",
            "hash": "13f84344e9c2c8baf66baec2ad455c06fb417994046c1ed6fb0bc495961de1e4"
        },
        "32bit": {
            "url": "https://sumo.dlr.de/releases/1.14.1/sumo-win32-1.14.1.zip",
            "hash": "20900ff79520b3d9a5b23ce20ef4cab9da08cb0f57216a84a42b88fca0e6fadd"
        }
    },
    "extract_dir": "sumo-1.14.1",
    "bin": [
        "bin\\activitygen.exe",
        "bin\\dfrouter.exe",
        "bin\\duarouter.exe",
        "bin\\emissionsDrivingCycle.exe",
        "bin\\emissionsMap.exe",
        "bin\\jtrrouter.exe",
        "bin\\marouter.exe",
        "bin\\netconvert.exe",
        "bin\\netedit.exe",
        "bin\\netgenerate.exe",
        "bin\\od2trips.exe",
        "bin\\polyconvert.exe",
        "bin\\sumo.exe",
        "bin\\sumo-gui.exe",
        "bin\\TraCITestClient.exe"
    ],
    "shortcuts": [
        [
            "bin\\sumo-gui.exe",
            "SUMO"
        ],
        [
            "bin\\netedit.exe",
            "NETEDIT"
        ]
    ],
    "env_set": {
        "SUMO_HOME": "$dir"
    },
    "checkver": "releases/([\\d.]+)/sumo-win\\d+",
    "autoupdate": {
        "architecture": {
            "64bit": {
                "url": "https://sumo.dlr.de/releases/$version/sumo-win64-$version.zip"
            },
            "32bit": {
                "url": "https://sumo.dlr.de/releases/$version/sumo-win32-$version.zip"
            }
        },
        "extract_dir": "sumo-$version"
    }
}
