{
    "version": "2020-12",
    "description": "Eclipse for Rust Developers",
    "homepage": "https://www.eclipse.org",
    "license": "EPL-1.0",
    "architecture": {
        "64bit": {
            "url": "http://download.eclipse.org/technology/epp/downloads/release/2020-12/R/eclipse-rust-2020-12-R-win32-x86_64.zip",
            "hash": "sha512:5b83dabc32377075aa58efb5bf8fe288ecc76242b3224677973649a5db01fc0196f66f7c8eadcd1869115a14f5c90c26bd55d230869f15975038f5c872e17f97"
        }
    },
    "extract_dir": "eclipse",
    "shortcuts": [
        [
            "eclipse.exe",
            "Eclipse for Rust Developers"
        ]
    ]
}
