{
    "version": "1.1.0",
    "description": "Easily install prebuilt binaries from GitHub.",
    "homepage": "https://github.com/zyedidia/eget",
    "license": "MIT",
    "architecture": {
        "64bit": {
            "url": "https://github.com/zyedidia/eget/releases/download/v1.1.0/eget-1.1.0-windows_amd64.zip",
            "hash": "6ac04d08e5db41845f529261d543ce3f04b50e20e62bac0420fe9bbad676c99c",
            "extract_dir": "eget-1.1.0-windows_amd64"
        },
        "32bit": {
            "url": "https://github.com/zyedidia/eget/releases/download/v1.1.0/eget-1.1.0-windows_386.zip",
            "hash": "0c1b205705a963bcd3ba76cc8ab0bfc0a7e2c8b1d7e54b8e89194fe671348330",
            "extract_dir": "eget-1.1.0-windows_386"
        }
    },
    "bin": "eget.exe",
    "checkver": "github",
    "autoupdate": {
        "architecture": {
            "64bit": {
                "url": "https://github.com/zyedidia/eget/releases/download/v$version/eget-$version-windows_amd64.zip",
                "extract_dir": "eget-$version-windows_amd64"
            },
            "32bit": {
                "url": "https://github.com/zyedidia/eget/releases/download/v$version/eget-$version-windows_386.zip",
                "extract_dir": "eget-$version-windows_386"
            }
        }
    }
}
