{
    "version": "1.21.93",
    "description": "Terminal/ssh/serial port/sftp client",
    "homepage": "https://electerm.github.io/electerm/",
    "license": "MIT",
    "architecture": {
        "64bit": {
            "url": "https://github.com/electerm/electerm/releases/download/v1.21.93/electerm-1.21.93-win-x64.tar.gz",
            "hash": "3ac6f432e01787e34770fe743c6826da3f7488444c8d1f0e0de1e71821ba4c69",
            "extract_dir": "electerm-1.21.93-win-x64"
        }
    },
    "bin": "electerm.exe",
    "shortcuts": [
        [
            "electerm.exe",
            "electerm"
        ]
    ],
    "checkver": {
        "github": "https://github.com/electerm/electerm"
    },
    "autoupdate": {
        "architecture": {
            "64bit": {
                "url": "https://github.com/electerm/electerm/releases/download/v$version/electerm-$version-win-x64.tar.gz",
                "extract_dir": "electerm-$version-win-x64"
            }
        }
    }
}
