{
    "version": "4.2.2",
    "description": "A Bitcoin SPV Wallet",
    "homepage": "https://electrum.org",
    "license": "MIT",
    "url": "https://download.electrum.org/4.2.2/electrum-4.2.2-portable.exe#/electrum.exe",
    "hash": "9a37a90bf6456d4d37e9db79c7af316cec4cc5a9a28009013fad67d258618013",
    "pre_install": [
        "if (!(Test-Path \"$persist_dir\\electrum_data\\config\")) {",
        "   ensure \"$dir\\electrum_data\" | Out-Null",
        "   Set-Content \"$dir\\electrum_data\\config\" '{ \"check_updates\": false }' -Encoding Ascii",
        "}"
    ],
    "bin": "electrum.exe",
    "shortcuts": [
        [
            "electrum.exe",
            "Electrum"
        ]
    ],
    "persist": "electrum_data",
    "checkver": {
        "url": "https://raw.githubusercontent.com/spesmilo/electrum-web/master/panel-download.html",
        "regex": "Latest release: Electrum-([\\d.]+)"
    },
    "autoupdate": {
        "url": "https://download.electrum.org/$version/electrum-$version-portable.exe#/electrum.exe"
    }
}
