{
    "version": "4.2.10",
    "description": "A Bitcoin Cash SPV Wallet",
    "homepage": "https://electroncash.org",
    "license": "MIT",
    "url": "https://github.com/Electron-Cash/Electron-Cash/releases/download/4.2.10/Electron-Cash-4.2.10-portable.exe#/Electron-Cash.exe",
    "hash": "b5fa8a8f445cbb093ac1a0841abb26d9d24d4755397a2e2c08322987444b20cb",
    "shortcuts": [
        [
            "Electron-Cash.exe",
            "Electron Cash"
        ]
    ],
    "persist": "electron_cash_data",
    "checkver": {
        "github": "https://github.com/Electron-Cash/Electron-Cash"
    },
    "autoupdate": {
        "url": "https://github.com/Electron-Cash/Electron-Cash/releases/download/$version/Electron-Cash-$version-portable.exe#/Electron-Cash.exe",
        "hash": {
            "url": "https://raw.githubusercontent.com/Electron-Cash/keys-n-hashes/master/sigs-and-sums/$version/win-linux/SHA256.$basename.txt"
        }
    }
}
