{
    "version": "1.11.0",
    "description": "A decentralised, encrypted chat & collaboration powered by matrix.org",
    "homepage": "https://element.io",
    "license": "Apache-2.0",
    "architecture": {
        "64bit": {
            "url": "https://packages.riot.im/desktop/update/win32/x64/element-desktop-1.11.0-full.nupkg",
            "hash": "sha1:5c539cae2642a0e479096ec38af9ae11bb616f86"
        }
    },
    "extract_dir": "lib\\net45",
    "bin": [
        "Element.exe",
        [
            "Element.exe",
            "element-desktop"
        ]
    ],
    "shortcuts": [
        [
            "Element.exe",
            "Element"
        ]
    ],
    "checkver": {
        "url": "https://packages.riot.im/desktop/update/win32/x64/RELEASES",
        "regex": "desktop-([\\d.]+)-full\\."
    },
    "autoupdate": {
        "architecture": {
            "64bit": {
                "url": "https://packages.riot.im/desktop/update/win32/x64/element-desktop-$version-full.nupkg"
            }
        },
        "hash": {
            "url": "$baseurl/RELEASES"
        }
    }
}
