{
    "version": "22.04.1",
    "description": "Simple and easy-to-use music player",
    "homepage": "https://apps.kde.org/elisa",
    "license": "LGPL-3.0-only",
    "architecture": {
        "64bit": {
            "url": "https://download.kde.org/stable/release-service/22.04.1/windows/elisa-22.04.1-1150-windows-msvc2019_64-cl.exe#/dl.7z",
            "hash": "b29a7e3d902b44cd4505edff316d1090003b23bc7cb32335f79ff66c1381dace"
        }
    },
    "pre_install": [
        "Remove-Item \"$dir\\*\" -Exclude elisa-*.7z -Recurse",
        "Expand-7ZipArchive \"$dir\\elisa-*.7z\" \"$dir\"",
        "Remove-Item \"$dir\\elisa-*.7z\""
    ],
    "bin": "bin\\elisa.exe",
    "shortcuts": [
        [
            "bin\\elisa.exe",
            "Elisa"
        ]
    ],
    "checkver": {
        "url": "https://apps.kde.org/elisa",
        "regex": "elisa-([\\d.]+)-(?<build>[\\d]+)-windows-(?<lib>\\w+)-cl\\.exe"
    },
    "autoupdate": {
        "architecture": {
            "64bit": {
                "url": "https://download.kde.org/stable/release-service/$version/windows/elisa-$version-$matchBuild-windows-$matchLib-cl.exe#/dl.7z",
                "hash": {
                    "url": "https://apps.kde.org/elisa",
                    "regex": "sha256:</strong> $sha256</div>"
                }
            }
        }
    }
}
