{
    "version": "28.1",
    "description": "An extensible, customizable, free/libre text editor.",
    "homepage": "https://www.gnu.org/software/emacs/",
    "license": "GPL-3.0-or-later",
    "notes": "For 32-bit version, install 'versions/emacs27.2'",
    "architecture": {
        "64bit": {
            "url": "https://ftpmirror.gnu.org/gnu/emacs/windows/emacs-28/emacs-28.1.zip",
            "hash": "0ef568df955fec4721634336585968fe593f3b008fce936a464fb524e5a3f009"
        }
    },
    "extract_dir": "emacs-28.1",
    "bin": [
        "bin\\runemacs.exe",
        "bin\\emacs.exe",
        "bin\\emacsclientw.exe",
        "bin\\etags.exe",
        "bin\\ctags.exe"
    ],
    "shortcuts": [
        [
            "bin\\runemacs.exe",
            "Emacs"
        ],
        [
            "bin\\emacsclientw.exe",
            "Emacs Client",
            "-c -n -a \"\""
        ]
    ],
    "checkver": "Emacs ([\\d.]+)",
    "autoupdate": {
        "architecture": {
            "64bit": {
                "url": "https://ftpmirror.gnu.org/gnu/emacs/windows/emacs-$majorVersion/emacs-$version.zip"
            }
        },
        "extract_dir": "emacs-$version"
    }
}
