{
    "version": "0.60d",
    "description": "One of the biggest and most reliable peer-to-peer file sharing clients around the world.",
    "homepage": "https://www.emule-project.net/",
    "license": "GPL-2.0-or-later",
    "architecture": {
        "64bit": {
            "url": "https://github.com/irwir/eMule/releases/download/eMule_v0.60d-community/eMule0.60d_x64.zip",
            "hash": "d84a1e5ec6e35e05168330c585069ff4d233cc1ba337d398904fad09d495b52a"
        },
        "32bit": {
            "url": "https://github.com/irwir/eMule/releases/download/eMule_v0.60d-community/eMule0.60d.zip",
            "hash": "a39b6b111ba3b535a407835a1c31a6421ef97e59b9e9b64a7ce455b3acf18b68"
        }
    },
    "extract_dir": "eMule0.60d",
    "bin": "emule.exe",
    "shortcuts": [
        [
            "emule.exe",
            "eMule"
        ]
    ],
    "checkver": {
        "github": "https://github.com/irwir/eMule",
        "regex": "eMule v(([\\d\\.]+)[a-z])"
    },
    "autoupdate": {
        "architecture": {
            "64bit": {
                "url": "https://github.com/irwir/eMule/releases/download/eMule_v$version-community/eMule$version_x64.zip",
                "extract_dir": "eMule$version"
            },
            "32bit": {
                "url": "https://github.com/irwir/eMule/releases/download/eMule_v$version-community/eMule$version.zip",
                "extract_dir": "eMule$version"
            }
        }
    }
}
