{
    "version": "0.50a",
    "description": "One of the biggest and most reliable peer-to-peer file sharing clients around the world.",
    "homepage": "https://www.emule-project.net/",
    "license": "GPL-2.0-or-later",
    "url": "https://downloads.sourceforge.net/project/emule/eMule/0.50a/eMule0.50a.zip",
    "hash": "sha1:8403ff232b1a9d8a7a9ed45045f5061776919c73",
    "extract_dir": "eMule0.50a",
    "bin": "emule.exe",
    "shortcuts": [
        [
            "emule.exe",
            "eMule"
        ]
    ],
    "checkver": "([\\w.]+)\\s+\\|",
    "autoupdate": {
        "url": "https://downloads.sourceforge.net/project/emule/eMule/$version/eMule$version.zip",
        "extract_dir": "eMule$version"
    }
}
