{
    "version": "0.5.0.1",
    "description": "Minimalist secure text editor and binary encryptor",
    "homepage": "https://evpo.net/encryptpad/",
    "license": "GPL-2.0-only",
    "url": "https://github.com/evpo/EncryptPad/releases/download/v0.5.0.1/encryptpad0_5_0_1_win32.zip",
    "hash": "sha1:6cdfff8994b3b4fc7c0a7ca407eaa2ed99b11268",
    "bin": [
        "encryptcli.exe",
        "encryptpad.exe"
    ],
    "shortcuts": [
        [
            "encryptpad.exe",
            "EncryptPad"
        ]
    ],
    "persist": "encryptpad_repository",
    "checkver": {
        "github": "https://github.com/evpo/EncryptPad"
    },
    "autoupdate": {
        "url": "https://github.com/evpo/EncryptPad/releases/download/v$version/encryptpad$underscoreVersion_win32.zip",
        "hash": {
            "url": "$baseurl/sha1sum.txt"
        }
    }
}
