{
    "version": "0.9.1",
    "description": "A feature-rich descendant of Enso Community Edition",
    "homepage": "https://github.com/GChristensen/enso-portable",
    "license": "Unknown",
    "architecture": {
        "64bit": {
            "url": "https://github.com/GChristensen/enso-portable/releases/download/v0.9.1/enso-open-source-0.9.1-x86_64.exe#/dl.7z",
            "hash": "ff24f0eacdaf9af32e9df834cb20567cd58d057519a31967e567dd1542cba738"
        }
    },
    "pre_install": "Remove-Item \"$dir\\`$*\" -Recurse",
    "bin": [
        [
            "run-enso.exe",
            "enso"
        ]
    ],
    "checkver": "github",
    "autoupdate": {
        "architecture": {
            "64bit": {
                "url": "https://github.com/GChristensen/enso-portable/releases/download/v$version/enso-open-source-$version-x86_64.exe#/dl.7z"
            }
        }
    }
}
