{
    "version": "1.4.9",
    "description": "CLI for balena Etcher (no longer updated)",
    "homepage": "https://www.balena.io/etcher/",
    "license": "Apache-2.0",
    "notes": "'etcher-cli' is outdated and removed from newer 'etcher' releases, please use 'etcher' GUI edition instead.",
    "architecture": {
        "64bit": {
            "url": "https://github.com/balena-io/etcher/releases/download/v1.4.9/balena-etcher-cli-1.4.9-windows-x64.zip",
            "hash": "a3efeab1ee775dab6d07405e0c7f6f0fdd36a544fd5cba80cd387ffc1e305afc"
        },
        "32bit": {
            "url": "https://github.com/balena-io/etcher/releases/download/v1.4.9/balena-etcher-cli-1.4.9-windows-x86.zip",
            "hash": "76812251fb621b0f0ff536a1527deeffb17f13377f892c58800fcdf1cf8bbcc5"
        }
    },
    "bin": [
        [
            "balena-etcher.exe",
            "etcher"
        ]
    ]
}
