{
    "version": "0.11.1",
    "description": "A gateway to decentralized applications on the Ethereum blockchain",
    "homepage": "https://ethereum.org",
    "license": "GPL-3.0-only",
    "architecture": {
        "64bit": {
            "url": "https://github.com/ethereum/mist/releases/download/v0.11.1/Ethereum-Wallet-win64-0-11-1.zip",
            "hash": "c78c48d50acbff1b7442f473854f6ae88245e5b4f057164211f8b63d17d5c65e"
        },
        "32bit": {
            "url": "https://github.com/ethereum/mist/releases/download/v0.11.1/Ethereum-Wallet-win32-0-11-1.zip",
            "hash": "16a058474bab496ea37537335d27d664de88ec6fe7292238d9d48c4d9b841b08"
        }
    },
    "shortcuts": [
        [
            "Ethereum Wallet.exe",
            "Ethereum Wallet"
        ]
    ]
}
