{
    "version": "4.1.1",
    "description": "A music player with a simple interface and powerful music management capabilities.",
    "homepage": "https://www.exaile.org/",
    "license": "GPL-2.0-only",
    "url": "https://github.com/exaile/exaile/releases/download/4.1.1/exaile-4.1.1.exe#/dl.7z",
    "hash": "30e73f3bd01401196831d915bf158e64d9cd3f6095a06514d9062855e1e9e2b9",
    "pre_install": "Remove-Item \"$dir\\`$*\" -Recurse",
    "bin": "exaile.exe",
    "shortcuts": [
        [
            "exaile.exe",
            "Exaile",
            "",
            "data\\images\\exaile.ico"
        ]
    ],
    "checkver": {
        "github": "https://github.com/exaile/exaile"
    },
    "autoupdate": {
        "url": "https://github.com/exaile/exaile/releases/download/$version/exaile-$version.exe#/dl.7z",
        "hash": {
            "url": "https://github.com/exaile/exaile/releases/tag/$version",
            "regex": "SHA256 \\($basename\\) = $sha256"
        }
    }
}
