{
    "version": "1.0.8",
    "description": "A multi purpose launcher and more advanced and customizable freeware windows run replacement and more...",
    "homepage": "http://executor.dk/",
    "license": "Unknown",
    "architecture": {
        "64bit": {
            "url": "http://www.1space.dk/executor/Executor64bit.zip",
            "hash": "5d1b1cb772b965b997ae668e302042fa2e9c42b655ea73beeb39f4c03a491c1a",
            "extract_dir": "Executor64bit"
        },
        "32bit": {
            "url": "http://www.1space.dk/executor/Executor32bit.zip",
            "hash": "898da862fc818821e937fe85eb8802fe7ffaa0923d5bb6e470cce7ec1de17ec8",
            "extract_dir": "Executor32bit"
        }
    },
    "bin": "Executor.exe",
    "checkver": {
        "url": "http://www.1space.dk/executor/vhistory.html",
        "regex": "<h3>v([\\d.b]+)\\s+\\(.*\\)</h3>"
    },
    "autoupdate": {
        "architecture": {
            "64bit": {
                "url": "http://www.1space.dk/executor/Executor64bit.zip"
            },
            "32bit": {
                "url": "http://www.1space.dk/executor/Executor32bit.zip"
            }
        }
    }
}
