{
    "##": "The homepage requires JS to load (not suitable for checkver)",
    "version": "0.0.6.9",
    "description": "EXE analyzer inspired by PEiD. Designed to detect exe signatures, compressor format and dump internal information.",
    "homepage": "http://exeinfo.booomhost.com/",
    "license": {
        "identifier": "Freeware",
        "url": "http://exeinfo.booomhost.com/"
    },
    "url": "https://raw.githubusercontent.com/ExeinfoASL/ASL/master/exeinfope.zip",
    "hash": "8935616b2f9a344f076b82ba8f3051b4d9bf42b199e2219f568ee373d6b9ab5a",
    "extract_dir": "ExeinfoPe",
    "bin": "exeinfope.exe",
    "shortcuts": [
        [
            "exeinfope.exe",
            "Exeinfo PE"
        ]
    ],
    "persist": [
        "plugins",
        "exeinfopeRUN.cfg",
        "userdb.txt"
    ],
    "checkver": {
        "url": "https://raw.githubusercontent.com/ExeinfoASL/ASL/master/README.md",
        "regex": "Version\\s+\\: ([\\d.]+)"
    },
    "autoupdate": {
        "url": "https://raw.githubusercontent.com/ExeinfoASL/ASL/master/exeinfope.zip"
    }
}
