{
    "version": "1.4.0-beta-2",
    "description": "Lightweight and fast file manager",
    "homepage": "https://explorerplusplus.com",
    "license": "GPL-3.0-only",
    "architecture": {
        "64bit": {
            "url": "https://github.com/derceg/explorerplusplus/releases/download/version-1.4.0-beta-2/explorerpp_x64.zip",
            "hash": "3e37a3b1e39c38f135f0e97041cf8674a803fb4c0380c9a53abb5f8b495ea372"
        },
        "32bit": {
            "url": "https://github.com/derceg/explorerplusplus/releases/download/version-1.4.0-beta-2/explorerpp_x86.zip",
            "hash": "79a7295972a9c7b6e20b2b0517a6c6c4cca0a986cf76942a5a82b93a933aa650"
        }
    },
    "bin": "explorer++.exe",
    "shortcuts": [
        [
            "explorer++.exe",
            "Explorer++"
        ]
    ],
    "checkver": {
        "url": "https://github.com/derceg/explorerplusplus/releases",
        "regex": "/tree/version-([\\w.-]+)"
    },
    "autoupdate": {
        "architecture": {
            "64bit": {
                "url": "https://github.com/derceg/explorerplusplus/releases/download/version-$version/explorerpp_x64.zip"
            },
            "32bit": {
                "url": "https://github.com/derceg/explorerplusplus/releases/download/version-$version/explorerpp_x86.zip"
            }
        }
    }
}
