{
    "version": "3.1.7917",
    "description": "Editor equally suitable as a teaching tool for the beginning user of regular expressions or as a full-featured development environment for the experienced programmer or web designer with an extensive knowledge of regular expressions.",
    "homepage": "http://www.ultrapico.com/Expresso.htm",
    "license": {
        "identifier": "Proprietary",
        "url": "http://www.ultrapico.com/ExpressoLicense.pdf"
    },
    "url": "http://www.ultrapico.com/ExpressoSetup-3.1.7917.msi",
    "hash": "4bac670cec408d26f8332a02c30c1a1de766956b8cd3c7ba8e9e1e8400e93eec",
    "bin": "expresso.exe",
    "shortcuts": [
        [
            "expresso.exe",
            "Expresso"
        ]
    ],
    "checkver": {
        "url": "http://www.ultrapico.com/ExpressoDownload.htm",
        "regex": "Version ([\\d.]+)"
    },
    "autoupdate": {
        "url": "http://www.ultrapico.com/ExpressoSetup-$version.msi"
    }
}
