{
    "version": "0.65.0",
    "description": "The swiss army chainsaw of terminal emulators",
    "homepage": "https://extraterm.org",
    "license": "MIT",
    "architecture": {
        "64bit": {
            "url": "https://github.com/sedwards2009/extraterm/releases/download/v0.65.0/extratermqt-0.65.0-win32-x64.zip",
            "hash": "0ab1dd2d32f248588684c6479aacc172dc209a358ae48190f1c4d032c27bd5bd",
            "extract_dir": "extratermqt-0.65.0-win32-x64"
        }
    },
    "bin": "extratermqt.exe",
    "shortcuts": [
        [
            "extratermqt.exe",
            "Extraterm"
        ]
    ],
    "checkver": {
        "url": "https://github.com/sedwards2009/extraterm/releases/",
        "regex": "Extraterm\\s+v([\\d.]+)"
    },
    "autoupdate": {
        "architecture": {
            "64bit": {
                "url": "https://github.com/sedwards2009/extraterm/releases/download/v$version/extratermqt-$version-win32-x64.zip",
                "extract_dir": "extratermqt-$version-win32-x64"
            }
        }
    }
}
