{
    "version": "3.1.0.171",
    "description": "Simple and fun break reminder",
    "homepage": "https://www.fadetop.com",
    "license": "Freeware",
    "url": "https://raw.githubusercontent.com/ScoopInstaller/Binary/master/fadetop/FadeTop_3.0.171.7z",
    "hash": "11230ea82f53ef382aa18a3b202826baff6709efb126229d0cd08e5f6de80880",
    "pre_install": "if (-not (Test-Path \"$persist_dir\\Settings.xml\")) { New-Item \"$dir\\Settings.xml\" | Out-Null }",
    "bin": "FadeTop.exe",
    "shortcuts": [
        [
            "FadeTop.exe",
            "FadeTop"
        ]
    ],
    "persist": "Settings.xml"
}
