{
    "version": "1.4.5.0",
    "description": "Center Windows taskbar icons with a variety of animations and options.",
    "homepage": "https://chrisandriessen.nl/web/FalconX.html",
    "license": "MIT",
    "notes": "FalconX is now deprecated. Please install taskbarx",
    "url": "https://github.com/ChrisAnd1998/FalconX-Center-Taskbar/releases/download/1.4.5.0/FalconX_02.03.2020_1.4.5.0.zip",
    "hash": "1edba632802d5e84405481774e95117bcefc8d95f9a696a93a120dae5f88dbbf",
    "bin": "FalconX.exe",
    "shortcuts": [
        [
            "FalconXSettings.exe",
            "FalconX Settings"
        ]
    ]
}
