{
    "version": "4.1.5",
    "description": "A freeware Windows Client for Amazon Glacier.",
    "homepage": "https://fastglacier.com",
    "license": {
        "identifier": "Freeware",
        "url": "http://netsdk.com/terms.html"
    },
    "url": "https://fastglacier.com/download/fastglacier-4-1-5.exe",
    "hash": "c2f7ff9f07d117f22313780d2c3970be986cea42f06f159684d4660e11fa21bb",
    "innosetup": true,
    "bin": [
        "glacier-con.exe",
        "glacier-ui.exe"
    ],
    "shortcuts": [
        [
            "glacier-ui.exe",
            "FastGlacier"
        ]
    ],
    "checkver": "FastGlacier Version ([\\d.]+) Released",
    "autoupdate": {
        "url": "https://fastglacier.com/download/fastglacier-$dashVersion.exe"
    }
}
