{
    "version": "4.1.8",
    "description": "The Fastest copy/backup software.",
    "homepage": "https://fastcopy.jp",
    "license": {
        "identifier": "Freeware",
        "url": "https://fastcopy.jp/help/fastcopy_eng.htm#license"
    },
    "url": "https://fastcopy.jp/archive/FastCopy4.1.8_installer.exe",
    "hash": "8c58bbb7ba3d75b5ff9df32a741f75faf584a255ac4a1a2073ea9914af18d2fa",
    "pre_install": [
        "if ($architecture -eq '64bit') {Invoke-ExternalCommand \"$dir\\$fname\" '/EXTRACT64' | Out-Null }",
        "elseif ($architecture -eq '32bit') {Invoke-ExternalCommand \"$dir\\$fname\" '/EXTRACT32' | Out-Null }",
        "Get-ChildItem \"$dir\\FastCopy$version*\\*\" -Recurse | Move-Item -Destination $dir",
        "Remove-Item \"$dir\\$fname\", \"$dir\\FastCopy$version*\", \"$dir\\setup.exe\"",
        "",
        "if (!(Test-Path \"$persist_dir\\FastCopy.log\")) { New-Item \"$dir\\FastCopy.log\" | Out-Null }",
        "if (!(Test-Path \"$persist_dir\\FastCopy2.ini\")) {",
        "   Set-Content \"$dir\\FastCopy2.ini\" '[main]' -Encoding ASCII",
        "}"
    ],
    "pre_uninstall": [
        "'FastEx64.dll', 'FastExt1.dll' | ForEach-Object {",
        "    Invoke-ExternalCommand regsvr32 -ArgumentList @('/u', \"`\"$dir\\$_`\"\", '/s') | Out-Null",
        "}",
        "# restart explorer to avoid 'file in use' error",
        "Stop-Process -Name 'explorer'; Start-Sleep -Seconds 2",
        "if (!(Get-Process 'explorer' -ErrorAction SilentlyContinue)) { explorer }"
    ],
    "bin": [
        "FastCopy.exe",
        "FcHash.exe",
        "fcp.exe"
    ],
    "shortcuts": [
        [
            "FastCopy.exe",
            "FastCopy"
        ],
        [
            "doc\\FastCopy.chm",
            "FastCopy Manual"
        ]
    ],
    "persist": [
        "Log",
        "FastCopy.log",
        "FastCopy2.ini"
    ],
    "checkver": "FastCopy ver ([\\d.]+)",
    "autoupdate": {
        "url": "https://fastcopy.jp/archive/FastCopy$version_installer.exe"
    }
}
