{
    "version": "1.01",
    "description": "A GUI FAT32 format tool that supports volumes greater than 32 GB.",
    "homepage": "http://ridgecrop.co.uk",
    "license": "Unknown",
    "architecture": {
        "64bit": {
            "url": "http://ridgecrop.co.uk/guiformat-x64.Exe#/guiformat.exe",
            "hash": "13d045f582d559c830f2e30f835ac56803844825fe6152d2d5f78367b19edb9a"
        },
        "32bit": {
            "url": "http://ridgecrop.co.uk/guiformat.exe",
            "hash": "647fb4f5108af632c3d52fec34934922c50c70585697504e92fb80b3b7d05ee3"
        }
    },
    "shortcuts": [
        [
            "guiformat.exe",
            "FAT32 Format"
        ]
    ]
}
