{
    "version": "0.155.0",
    "description": "A desktop debugging platform for mobile developers",
    "homepage": "https://fbflipper.com",
    "license": "MIT",
    "suggest": {
        "adb": "adb",
        "watchman": "watchman"
    },
    "architecture": {
        "64bit": {
            "url": "https://github.com/facebook/flipper/releases/download/v0.155.0/Flipper-win.zip",
            "hash": "da57fc8ee76a3d9c094828e75b849389566bf16b7e765e8111e153442b577b6c"
        }
    },
    "bin": "Flipper.exe",
    "shortcuts": [
        [
            "Flipper.exe",
            "Facebook Flipper"
        ]
    ],
    "checkver": {
        "github": "https://github.com/facebook/flipper"
    },
    "autoupdate": {
        "architecture": {
            "64bit": {
                "url": "https://github.com/facebook/flipper/releases/download/v$version/Flipper-win.zip"
            }
        }
    }
}
