{
    "version": "0.26.0",
    "description": "Efficient duplicate file finder",
    "homepage": "https://github.com/pkolaczk/fclones",
    "license": "MIT",
    "architecture": {
        "64bit": {
            "url": "https://github.com/pkolaczk/fclones/releases/download/v0.26.0/fclones-0.26.0-win.x86_64.zip",
            "hash": "a2fae623a51c2b4a897bcf7c98d802a498c9d8236fe09c88df5778d1bbd5c413"
        }
    },
    "bin": "fclones.exe",
    "checkver": "github",
    "autoupdate": {
        "architecture": {
            "64bit": {
                "url": "https://github.com/pkolaczk/fclones/releases/download/v$version/fclones-$version-win.x86_64.zip"
            }
        }
    }
}
