{
    "version": "15.1.1",
    "description": "Open Source Flash SWF decompiler and editor.",
    "homepage": "https://github.com/jindrapetrik/jpexs-decompiler",
    "license": "GPL-3.0-or-later",
    "url": "https://github.com/jindrapetrik/jpexs-decompiler/releases/download/version15.1.1/ffdec_15.1.1.zip",
    "hash": "42a802c708e5948dfab999a8e54bd4c2f77bf9ebd27d08ee3b4e1d85b54eb48d",
    "bin": "ffdec.jar",
    "shortcuts": [
        [
            "ffdec.exe",
            "FFDec"
        ]
    ],
    "checkver": {
        "github": "https://github.com/jindrapetrik/jpexs-decompiler",
        "regex": "version([\\d.]+)"
    },
    "autoupdate": {
        "url": "https://github.com/jindrapetrik/jpexs-decompiler/releases/download/version$version/ffdec_$version.zip"
    }
}
