{
    "version": "2.8.0",
    "description": "An ffmpeg gui with batch processing, video downloading, and more",
    "homepage": "https://github.com/eibol/ffmpeg_batch",
    "license": "CC-BY-SA-3.0",
    "architecture": {
        "64bit": {
            "url": "https://github.com/eibol/ffmpeg_batch/releases/download/v2.8.0/FFbatch_AV_Converter_Portable_2.8.0_64bit.exe",
            "hash": "7af0d1e8be27473111a973a221b42f06bfc1f59155ca8d37c1c81ac3cfd2d9ee"
        }
    },
    "innosetup": true,
    "shortcuts": [
        [
            "FFBatch.exe",
            "FFmpeg Batch"
        ]
    ],
    "post_install": [
        "if (!(Test-Path \"$persist_dir\\settings\\ff_updates_portable.ini\")) {",
        "   New-Item \"$persist_dir\\settings\\ff_updates_portable.ini\" -ItemType File | Out-Null",
        "}"
    ],
    "persist": [
        "FFBatch.exe.config",
        "settings"
    ],
    "checkver": "github",
    "autoupdate": {
        "architecture": {
            "64bit": {
                "url": "https://github.com/eibol/ffmpeg_batch/releases/download/v$version/FFbatch_AV_Converter_Portable_$version_64bit.exe"
            }
        }
    }
}
