{
    "version": "116.2.2",
    "description": "A vector graphics editor and prototyping tool focusing on use in user interface and user experience design, with an emphasis on real-time collaboration",
    "homepage": "https://www.figma.com/",
    "license": {
        "identifier": "Shareware",
        "url": "https://www.figma.com/summary-of-policy/"
    },
    "architecture": {
        "64bit": {
            "url": "https://desktop.figma.com/win/Figma-116.2.2-full.nupkg",
            "hash": "sha1:f6ca49eb1a79501ddea2789e23812f7e445a20de",
            "extract_dir": "lib\\net45"
        }
    },
    "shortcuts": [
        [
            "Figma.exe",
            "Figma"
        ]
    ],
    "checkver": {
        "url": "https://desktop.figma.com/win/RELEASES",
        "regex": "Figma-([\\d.]+)"
    },
    "autoupdate": {
        "architecture": {
            "64bit": {
                "url": "https://desktop.figma.com/win/Figma-$version-full.nupkg",
                "hash": {
                    "url": "$baseurl/RELEASES"
                }
            }
        }
    }
}
