{
    "version": "20220414-1745",
    "description": "ImageJ distribution with many plugins which facilitating scientific image analysis.",
    "homepage": "https://fiji.sc/",
    "license": "GPL-3.0-or-later",
    "architecture": {
        "64bit": {
            "url": "https://downloads.imagej.net/fiji/archive/20220414-1745/fiji-win64.zip",
            "hash": "23fb5af8c3c6c63a2f34ffe6b6dec64aa743126f63d42c7170b786ef428ae93f"
        }
    },
    "extract_dir": "Fiji.app",
    "shortcuts": [
        [
            "ImageJ-win64.exe",
            "(Fiji Is Just) ImageJ"
        ]
    ],
    "checkver": {
        "url": "https://downloads.imagej.net/fiji/archive/",
        "regex": "href=\"(\\d{8}-\\d{4})",
        "reverse": true
    },
    "autoupdate": {
        "architecture": {
            "64bit": {
                "url": "https://downloads.imagej.net/fiji/archive/$version/fiji-win64.zip"
            }
        }
    }
}
