{
    "version": "21.12.3",
    "description": "Disk usage visualizer",
    "homepage": "https://apps.kde.org/filelight",
    "license": "GPL-2.0-or-later",
    "architecture": {
        "64bit": {
            "url": "https://download.kde.org/stable/release-service/21.12.3/windows/filelight-21.12.3-915-windows-msvc2019_64-cl.exe#/dl.7z",
            "hash": "86719ea027adafe7e3e8f3b8fb6b186b0c1aec274b713b18a351d76f4cc11dc8"
        }
    },
    "pre_install": [
        "Remove-Item \"$dir\\*\" -Exclude filelight-*.7z -Recurse",
        "Expand-7ZipArchive \"$dir\\filelight-*.7z\" \"$dir\"",
        "Remove-Item \"$dir\\filelight-*.7z\""
    ],
    "bin": "bin\\filelight.exe",
    "shortcuts": [
        [
            "bin\\filelight.exe",
            "Filelight"
        ]
    ],
    "checkver": {
        "url": "https://apps.kde.org/filelight",
        "regex": "filelight-([\\d.]+)-(?<build>[\\d]+)-windows-(?<lib>\\w+)-cl\\.exe"
    },
    "autoupdate": {
        "architecture": {
            "64bit": {
                "url": "https://download.kde.org/stable/release-service/$version/windows/filelight-$version-$matchBuild-windows-$matchLib-cl.exe#/dl.7z",
                "hash": {
                    "url": "https://apps.kde.org/filelight",
                    "regex": "sha256:</strong> $sha256</div>"
                }
            }
        }
    }
}
