{
    "version": "15.90.1730",
    "description": "Lossless file size reduction utility",
    "homepage": "https://nikkhokkho.sourceforge.io/static.php?page=FileOptimizer",
    "license": "AGPL-3.0-or-later",
    "url": "https://downloads.sourceforge.net/project/nikkhokkho/FileOptimizer/15.90.1730/FileOptimizerFull.7z.exe#/dl.7z",
    "hash": "sha1:324f47441572845a1731ccbe23eeda849b1001b5",
    "pre_install": [
        "'32', '64' | ForEach-Object {",
        "    if (!(Test-Path \"$persist_dir\\FileOptimizer$_.ini\")) {",
        "        Set-Content \"$dir\\FileOptimizer$_.ini\" '[Options]', 'CheckForUpdates=0' -Encoding Ascii",
        "    }",
        "}"
    ],
    "architecture": {
        "64bit": {
            "bin": [
                [
                    "FileOptimizer64.exe",
                    "FileOptimizer"
                ]
            ],
            "shortcuts": [
                [
                    "FileOptimizer64.exe",
                    "FileOptimizer"
                ]
            ]
        },
        "32bit": {
            "bin": [
                [
                    "FileOptimizer32.exe",
                    "FileOptimizer"
                ]
            ],
            "shortcuts": [
                [
                    "FileOptimizer32.exe",
                    "FileOptimizer"
                ]
            ]
        }
    },
    "persist": [
        "FileOptimizer32.ini",
        "FileOptimizer64.ini"
    ],
    "checkver": {
        "url": "https://sourceforge.net/projects/nikkhokkho/files/FileOptimizer/",
        "regex": "FileOptimizer/([\\d.]+)"
    },
    "autoupdate": {
        "url": "https://downloads.sourceforge.net/project/nikkhokkho/FileOptimizer/$version/FileOptimizerFull.7z.exe#/dl.7z"
    }
}
