{
    "version": "1.5.0",
    "description": "Open-source FTP server software",
    "homepage": "https://filezilla-project.org/",
    "license": "GPL-2.0-or-later",
    "notes": [
        "The DEFAULT settings for server interface is--Host: 127.0.0.1, Port: 14148, Password: (empty)",
        "If you are upgrading from old versions (before ver 1.0), run the following command (under Admin) to migrate config files:",
        "filezilla-server-config-converter (path to old 'FileZilla Server.xml') \"$(Env:SystemRoot$)\\System32\\config\\systemprofile\\AppData\\Local\\filezilla-server\""
    ],
    "architecture": {
        "64bit": {
            "url": "https://download.filezilla-project.org/server/FileZilla_Server_1.5.0_win64-setup.exe#/dl.7z",
            "hash": "sha512:edfe64e2514e3181631d76a9ce9c57c56955a38aa2f8c45b4364afd98d9c4f4ddf93f83fbd6fc7c12f5ba5ff07dd9ae2b8e40ec3c4ae2a0edfdaaa1cf5d8967b"
        }
    },
    "pre_install": [
        "if (!(is_admin)) {error 'This package requires admin rights to install'; break}",
        "Set-Content \"$dir\\start-filezilla-server.bat\" \"net start `\"FileZilla Server`\"\" -Encoding ascii",
        "Set-Content \"$dir\\stop-filezilla-server.bat\" \"net stop `\"FileZilla Server`\"\" -Encoding ascii",
        "Remove-Item \"$dir\\`$PLUGINSDIR\", \"$dir\\Uninstall.exe.nsis\" -Force -Recurse"
    ],
    "post_install": [
        "Write-Host 'Installing FileZilla Server service...'",
        "sc.exe create \"FileZilla Server\" \"binPath=$dir\\filezilla-server.exe\" start=auto",
        "net start \"FileZilla Server\""
    ],
    "uninstaller": {
        "script": [
            "if (!(is_admin)) {error 'This package requires admin rights to uninstall'; break}",
            "Write-Host 'Removing FileZilla Server service...'",
            "Stop-Process -Name 'filezilla-server-gui' -ErrorAction SilentlyContinue",
            "net stop \"FileZilla Server\"",
            "sc.exe delete \"FileZilla Server\""
        ]
    },
    "bin": [
        "filezilla-server.exe",
        "filezilla-server-config-converter.exe",
        "filezilla-server-crypt.exe",
        "filezilla-server-impersonator.exe"
    ],
    "shortcuts": [
        [
            "filezilla-server-gui.exe",
            "FileZilla Server Interface"
        ],
        [
            "start-filezilla-server.bat",
            "Start FileZilla Server",
            "",
            "filezilla-server.exe"
        ],
        [
            "stop-filezilla-server.bat",
            "Stop FileZilla Server",
            "",
            "filezilla-server.exe"
        ]
    ],
    "checkver": {
        "url": "https://filezilla-project.org/download.php?show_all=1&type=server",
        "regex": "The latest stable version of FileZilla Server is ([\\d.]+)"
    },
    "autoupdate": {
        "architecture": {
            "64bit": {
                "url": "https://download.filezilla-project.org/server/FileZilla_Server_$version_win64-setup.exe#/dl.7z"
            }
        },
        "hash": {
            "url": "$baseurl/FileZilla_Server_$version.sha512",
            "regex": "$sha512\\s\\*$basename"
        }
    }
}
