{
    "version": "4.9.6",
    "description": "Movies, TV Shows and Anime files organizer and renamer",
    "homepage": "https://www.filebot.net/",
    "license": {
        "identifier": "Proprietary",
        "url": "https://www.filebot.net/eula.html"
    },
    "url": "https://get.filebot.net/filebot/FileBot_4.9.6/FileBot_4.9.6-portable.zip",
    "hash": "7014b6675de56e813a9385d899da6797a8ebb7e6d344da5c14b60d2ef2a91348",
    "bin": "filebot.exe",
    "shortcuts": [
        [
            "filebot.launcher.exe",
            "FileBot"
        ]
    ],
    "persist": "data",
    "checkver": {
        "url": "https://app.filebot.net/update.xml",
        "xpath": "/update/name",
        "regex": "([\\d.]+)"
    },
    "autoupdate": {
        "url": "https://get.filebot.net/filebot/FileBot_$version/FileBot_$version-portable.zip",
        "hash": {
            "url": "$url.sha256"
        }
    }
}
