{
    "version": "3.60.1",
    "description": "Fast and reliable cross-platform FTP, FTPS and SFTP client with lots of useful features and an intuitive graphical user interface.",
    "homepage": "https://filezilla-project.org/",
    "license": "GPL-2.0-or-later",
    "architecture": {
        "64bit": {
            "url": "https://download.filezilla-project.org/client/FileZilla_3.60.1_win64.zip",
            "hash": "sha512:4e470e6a81ba4f4c2b4f590253cefb333ef414116900344ce1ef37256ac5686947ee0bab4a4201ec8e772641903fd4882107fb4c55db1ccc50e01481b29ff92f"
        },
        "32bit": {
            "url": "https://download.filezilla-project.org/client/FileZilla_3.60.1_win32.zip",
            "hash": "sha512:f71826ceb6df10482ec78c58ca0d448b885abeb0edb1f6cf1fd414df70f8008460b5d3759a50260056e4cf93c931b8274b4e64f606a534df8671821105009281"
        }
    },
    "extract_dir": "FileZilla-3.60.1",
    "pre_install": [
        "@'",
        "<?xml version=\"1.0\" encoding=\"UTF-8\" standalone=\"yes\" ?>",
        "<FileZilla3>",
        "  <Settings>",
        "    <Setting name=\"Config Location\">config</Setting>",
        "    <Setting name=\"Disable update check\">1</Setting>",
        "  </Settings>",
        "</FileZilla3>",
        "'@ | Out-File \"$dir\\fzdefaults.xml\" -Encoding Ascii",
        "",
        "$oldfzdefault = \"$persist_dir\\fzdefaults.xml\"",
        "if (Test-Path \"$oldfzdefault\") {",
        "    Write-Host 'Adopting new persist configuration...' -f Yellow",
        "    $oldConfigDir = \"$((Get-Item \"$persist_dir\").PSDrive.Root)filezilla\"",
        "    $newConfigDir = \"$persist_dir\\config\"",
        "    if (Test-Path \"$oldConfigDir\") {",
        "        Write-Host \"Moving existing configuration from '$oldConfigDir' to '$newConfigDir'\" -f Yellow",
        "        if (Test-Path \"$newConfigDir\") {",
        "            Move-Item \"$oldConfigDir\\*\" \"$newConfigDir\"",
        "        } else { ",
        "            Move-Item \"$oldConfigDir\" \"$newConfigDir\"",
        "        }",
        "    }",
        "    Rename-Item \"$oldfzdefault\" \"fzdefaults.xml.bak\"",
        "}"
    ],
    "bin": "filezilla.exe",
    "shortcuts": [
        [
            "filezilla.exe",
            "FileZilla"
        ]
    ],
    "persist": "config",
    "checkver": {
        "url": "https://filezilla-project.org/download.php?show_all=1",
        "regex": "The latest stable version of FileZilla Client is ([\\d.]+)"
    },
    "autoupdate": {
        "architecture": {
            "64bit": {
                "url": "https://download.filezilla-project.org/client/FileZilla_$version_win64.zip"
            },
            "32bit": {
                "url": "https://download.filezilla-project.org/client/FileZilla_$version_win32.zip"
            }
        },
        "hash": {
            "url": "$baseurl/FileZilla_$version.sha512"
        },
        "extract_dir": "FileZilla-$version"
    }
}
