{
    "version": "13",
    "description": "PowerShell script to locate Java on Windows, optionally sets JAVA_HOME and JRE_HOME",
    "homepage": "https://gist.github.com/se35710/43693e679701387d722206eff1e85f5f",
    "license": "Unknown",
    "url": "https://gist.githubusercontent.com/se35710/43693e679701387d722206eff1e85f5f/raw/b6a69d34b16092f710fc134a4a6ee19c0e7d3c36/find-java.ps1",
    "hash": "6c26365d5103445f6b604e4acddce70fd622b70dfe758c517a437e072de6f229",
    "bin": "find-java.ps1",
    "checkver": "(?smi)Counter\\s*\".*?>([\\d]+)</span>.*?/se35710/43693e679701387d722206eff1e85f5f/raw/(?<hash>[a-fA-F0-9]{40})/find-java\\.ps1",
    "autoupdate": {
        "url": "https://gist.githubusercontent.com/se35710/43693e679701387d722206eff1e85f5f/raw/$matchHash/find-java.ps1"
    }
}
