{
    "version": "1.7",
    "description": "Use Windows Firewall to block or unblock certain applications.",
    "homepage": "https://www.sordum.org/firewall-app-blocker",
    "license": {
        "identifier": "Freeware",
        "url": "https://www.sordum.org/eula/"
    },
    "url": "https://www.sordum.org/files/firewall-app-blocker/fab.zip",
    "hash": "f2b161a91ad6b4e1c9900a4791fc1fac3c89dc824f6328ee0b32c437a2ebdd7f",
    "extract_dir": "fab",
    "architecture": {
        "64bit": {
            "bin": [
                "Fab_x64.exe",
                [
                    "Fab_x64.exe",
                    "Fab"
                ]
            ],
            "shortcuts": [
                [
                    "Fab_x64.exe",
                    "Firewall App Blocker"
                ]
            ]
        },
        "32bit": {
            "bin": "Fab.exe",
            "shortcuts": [
                [
                    "Fab.exe",
                    "Firewall App Blocker"
                ]
            ]
        }
    },
    "persist": "Fab.ini",
    "checkver": "Firewall App Blocker v([\\d.]+)",
    "autoupdate": {
        "url": "https://www.sordum.org/files/firewall-app-blocker/fab.zip"
    }
}
