{
    "version": "99.0",
    "description": "EME-free version of the Firefox browser, with DRM-support disabled by default.",
    "homepage": "https://www.mozilla.org/firefox/",
    "license": "MPL-2.0",
    "notes": [
        "To set profile 'Scoop' as *DEFAULT*, or profiles/settings was lost after update:",
        "  - Run 'Firefox Profile Manager', choose 'Scoop' then click 'Start Firefox'.",
        "  - Visit 'about:profiles' page in Firefox to check *DEFAULT* profile.",
        "For details: https://support.mozilla.org/en-US/kb/profile-manager-create-remove-switch-firefox-profiles"
    ],
    "architecture": {
        "64bit": {
            "url": "https://archive.mozilla.org/pub/firefox/releases/99.0/win64-EME-free/en-US/Firefox%20Setup%2099.0.exe#/dl.7z",
            "hash": "sha512:26086b5bf744b10cab46f09b931133f82b9cec7d24519ac91d6c71564f1005ebabe1eff70aba348a9e17fad29824ace03510048f162b6ee10023f2fbcf0fa64c"
        },
        "32bit": {
            "url": "https://archive.mozilla.org/pub/firefox/releases/99.0/win32-EME-free/en-US/Firefox%20Setup%2099.0.exe#/dl.7z",
            "hash": "sha512:dd44d72987e4a1a0eb3d3cb518f51090a1f5a21d72e87e48f6dd1879bd3757bb747a8d1a9c2e52320d6ad88a6903bd8a0578aa8ad77b564286404d43e55a2c4c"
        }
    },
    "extract_dir": "core",
    "post_install": [
        "firefox -CreateProfile \"Scoop $persist_dir\\profile\"",
        "$Addition = \"$persist_dir\\addition\"",
        "if (Test-Path $Addition) {",
        "  info 'Copying additional items...'",
        "  Copy-Item -Path $Addition\\* -Destination $dir -Force -Recurse -ErrorAction SilentlyContinue",
        "}"
    ],
    "bin": "firefox.exe",
    "shortcuts": [
        [
            "firefox.exe",
            "Firefox"
        ],
        [
            "firefox.exe",
            "Firefox Profile Manager",
            "-P"
        ]
    ],
    "persist": [
        "distribution",
        "profile"
    ],
    "checkver": {
        "url": "https://archive.mozilla.org/pub/firefox/releases/",
        "regex": "pub/firefox/releases/([\\d.]+)/",
        "reverse": true
    },
    "autoupdate": {
        "architecture": {
            "64bit": {
                "url": "https://archive.mozilla.org/pub/firefox/releases/$version/win64-EME-free/en-US/Firefox%20Setup%20$version.exe#/dl.7z",
                "hash": {
                    "url": "https://archive.mozilla.org/pub/firefox/releases/$version/SHA512SUMS",
                    "regex": "$sha512\\s+win64-EME-free/en-US/$basename"
                }
            },
            "32bit": {
                "url": "https://archive.mozilla.org/pub/firefox/releases/$version/win32-EME-free/en-US/Firefox%20Setup%20$version.exe#/dl.7z",
                "hash": {
                    "url": "https://archive.mozilla.org/pub/firefox/releases/$version/SHA512SUMS",
                    "regex": "$sha512\\s+win32-EME-free/en-US/$basename"
                }
            }
        }
    }
}
