{
    "version": "8.2.3.5338",
    "description": "Utility to reduce the memory usage of Firefox or other browsers",
    "homepage": "https://www.rizonesoft.com/downloads/firemin/",
    "license": "GPL-3.0-or-later",
    "url": "https://www.rizonesoft.com/download/3951/#/dl.zip",
    "hash": "28139c0c1328db017cd91a19a8f438e870587517026c21a33a3d814e5f2cb507",
    "extract_dir": "Firemin_5338",
    "architecture": {
        "64bit": {
            "shortcuts": [
                [
                    "Firemin_X64.exe",
                    "Firemin"
                ]
            ]
        },
        "32bit": {
            "shortcuts": [
                [
                    "Firemin.exe",
                    "Firemin"
                ]
            ]
        }
    },
    "persist": "Firemin.ini",
    "checkver": "(?sm)Portable Edition.*?title=\"Version ([\\d.]+)\" href=\"(?<link>.*?)\".*?Firemin_\\d+\\.zip",
    "autoupdate": {
        "url": "$matchLink#/dl.zip",
        "extract_dir": "Firemin_$buildVersion"
    }
}
