{
    "version": "102.0.1",
    "description": "Popular open source web browser.",
    "homepage": "https://www.mozilla.org/firefox/",
    "license": "MPL-2.0",
    "notes": [
        "To set profile 'Scoop' as *DEFAULT*, or profiles/settings was lost after update:",
        "  - Run 'Firefox Profile Manager', choose 'Scoop' then click 'Start Firefox'.",
        "  - Visit 'about:profiles' page in Firefox to check *DEFAULT* profile.",
        "For details: https://support.mozilla.org/en-US/kb/profile-manager-create-remove-switch-firefox-profiles"
    ],
    "architecture": {
        "64bit": {
            "url": "https://archive.mozilla.org/pub/firefox/releases/102.0.1/win64/en-US/Firefox%20Setup%20102.0.1.exe#/dl.7z",
            "hash": "sha512:c035a173cb33c7f48edd56a1c5114a3cebfc32b8f8c0c788560a5d38c044e3f97e55a3a632e249ebfba9d82291e5837751e0abea09db745be191e0c054ac7e13"
        },
        "32bit": {
            "url": "https://archive.mozilla.org/pub/firefox/releases/102.0.1/win32/en-US/Firefox%20Setup%20102.0.1.exe#/dl.7z",
            "hash": "sha512:93af3e64226b97d7900ab632f65472fbfe44c406c44ab812110587510ff8581758986a24019173ddfadca5c9fa4b5f419f82c35ab43b9864eb14b50db2639859"
        }
    },
    "extract_dir": "core",
    "post_install": [
        "firefox -CreateProfile \"Scoop $persist_dir\\profile\"",
        "$Addition = \"$persist_dir\\addition\"",
        "if (Test-Path $Addition) {",
        "  info 'Copying additional items...'",
        "  Copy-Item -Path $Addition\\* -Destination $dir -Force -Recurse -ErrorAction SilentlyContinue",
        "}"
    ],
    "bin": "firefox.exe",
    "shortcuts": [
        [
            "firefox.exe",
            "Firefox"
        ],
        [
            "firefox.exe",
            "Firefox Profile Manager",
            "-P"
        ]
    ],
    "persist": [
        "distribution",
        "profile"
    ],
    "checkver": {
        "url": "https://www.mozilla.org/en-US/firefox/notes/",
        "regex": "<div class=\"c-release-version\">([\\d.]+)</div>"
    },
    "autoupdate": {
        "architecture": {
            "64bit": {
                "url": "https://archive.mozilla.org/pub/firefox/releases/$version/win64/en-US/Firefox%20Setup%20$version.exe#/dl.7z",
                "hash": {
                    "url": "https://archive.mozilla.org/pub/firefox/releases/$version/SHA512SUMS",
                    "regex": "$sha512\\s+win64/en-US/$basename"
                }
            },
            "32bit": {
                "url": "https://archive.mozilla.org/pub/firefox/releases/$version/win32/en-US/Firefox%20Setup%20$version.exe#/dl.7z",
                "hash": {
                    "url": "https://archive.mozilla.org/pub/firefox/releases/$version/SHA512SUMS",
                    "regex": "$sha512\\s+win32/en-US/$basename"
                }
            }
        }
    }
}
