{
    "version": "32.0.0.465",
    "description": "Standalone version of Adobe Flash Player",
    "homepage": "https://get.adobe.com/flashplayer/",
    "license": {
        "identifier": "Freeware",
        "url": "https://www.adobe.com/content/dam/acom/en/legal/licenses-terms/pdf/Flash_Player_32_0.pdf"
    },
    "url": "https://fpdownload.macromedia.com/pub/flashplayer/updaters/32/flashplayer_32_sa.exe#/flashplayer.exe",
    "hash": "a4b333ac1da12026989549015303d82231982838bccfb544ba5fd188746066f0",
    "bin": "flashplayer.exe",
    "shortcuts": [
        [
            "flashplayer.exe",
            "Adobe Flash Player"
        ]
    ]
}
