{
    "version": "3.3m",
    "description": "Create an installable clone of Windows 7/8.x/10 (including all apps and data) on the USB thumbdrive/HDD and instantly transfer entire OS to another computer, even with dissimilar hardware.",
    "homepage": "https://www.prime-expert.com/flashboot/",
    "license": "Unknown",
    "url": "https://www.prime-expert.com/flashboot/downloads/flashboot-latest-portable.zip",
    "hash": "c04d6afb5c05ebe623c4f7cdd1cb48eaa42331c0c1f3e723ebc17dd614806399",
    "bin": [
        "fb-cli.exe",
        [
            "fb-cli.exe",
            "flashboot"
        ]
    ],
    "shortcuts": [
        [
            "fb-gui.exe",
            "FlashBoot"
        ]
    ],
    "persist": "FlashBoot.ini",
    "checkver": "last version: ([\\w.]+)",
    "autoupdate": {
        "url": "https://www.prime-expert.com/flashboot/downloads/flashboot-latest-portable.zip"
    }
}
