{
    "version": "32.0.0.465",
    "description": "Standalone version of Adobe Flash Player for debugging",
    "homepage": "https://get.adobe.com/flashplayer/",
    "license": {
        "identifier": "Freeware",
        "url": "https://www.adobe.com/content/dam/acom/en/legal/licenses-terms/pdf/Flash_Player_32_0.pdf"
    },
    "url": "https://fpdownload.macromedia.com/pub/flashplayer/updaters/32/flashplayer_32_sa_debug.exe#/flashplayerdebug.exe",
    "hash": "9d51df0c26e9ec4717a3da2e184cde831ca139d49e4a7c2f9e26028f8c4dfa52",
    "bin": "flashplayerdebug.exe",
    "shortcuts": [
        [
            "flashplayerdebug.exe",
            "Adobe Flash Player - Debug"
        ]
    ]
}
