{
    "version": "1.73.30",
    "description": "Open source assembly language compiler",
    "homepage": "https://flatassembler.net/",
    "license": {
        "identifier": "Freeware",
        "url": "https://github.com/tgrysztar/fasm/blob/master/LICENSE.TXT"
    },
    "url": "https://flatassembler.net/fasmw17330.zip",
    "hash": "0570454a4f93baf68bab4ad2a7a5e25eb86f1df62fa57dd6942842426c94286a",
    "pre_install": "if (!(Test-Path \"$persist_dir\\FASMW.INI\")) { New-Item \"$dir\\FASMW.INI\" | Out-Null }",
    "bin": [
        "FASM.EXE",
        "FASMW.EXE"
    ],
    "shortcuts": [
        [
            "FASMW.EXE",
            "flat assembler"
        ]
    ],
    "persist": "FASMW.INI",
    "checkver": {
        "url": "https://flatassembler.net/download.php",
        "regex": "flat assembler ([\\d.]+) for Windows"
    },
    "autoupdate": {
        "url": "https://flatassembler.net/fasmw$cleanVersion.zip"
    }
}
