{
    "version": "1.9.3",
    "description": "Quick file searcher and app launcher with community-made plugins",
    "homepage": "https://www.flowlauncher.com",
    "license": "MIT",
    "architecture": {
        "64bit": {
            "url": "https://github.com/Flow-Launcher/Flow.Launcher/releases/download/v1.9.3/Flow-Launcher-Portable.zip",
            "hash": "84d9f9f7768ff764162098e1a50e9a27b904cbb6478250efd84160d4c72b82ff"
        }
    },
    "extract_dir": "FlowLauncher",
    "shortcuts": [
        [
            "Flow.Launcher.exe",
            "Flow Launcher"
        ]
    ],
    "persist": [
        [
            "app-1.9.3\\UserData",
            "UserData"
        ]
    ],
    "checkver": {
        "github": "https://github.com/Flow-Launcher/Flow.Launcher"
    },
    "autoupdate": {
        "url": "https://github.com/Flow-Launcher/Flow.Launcher/releases/download/v$version/Flow-Launcher-Portable.zip",
        "persist": [
            [
                "app-$version\\UserData",
                "UserData"
            ]
        ]
    }
}
