{
    "version": "1.1.2",
    "description": "Modern desktop RSS reader",
    "homepage": "https://hyliu.me/fluent-reader/",
    "license": "BSD-3-Clause",
    "architecture": {
        "64bit": {
            "url": "https://github.com/yang991178/fluent-reader/releases/download/v1.1.2/Fluent.Reader.Unpacked.1.1.2.x64.zip",
            "hash": "69167be5851a7cdcb4516da19bf1e19803688fdd28ab73ffebcd92e2a2d2fea9"
        },
        "32bit": {
            "url": "https://github.com/yang991178/fluent-reader/releases/download/v1.1.2/Fluent.Reader.Unpacked.1.1.2.x86.zip",
            "hash": "333d23c05a9ffab89f4cf6238808d417dc8d680f4b258160d1908d3675e2dd69"
        }
    },
    "shortcuts": [
        [
            "Fluent Reader.exe",
            "Fluent Reader"
        ]
    ],
    "checkver": {
        "github": "https://github.com/yang991178/fluent-reader",
        "regex": "tag/v([\\w.-]+)"
    },
    "autoupdate": {
        "architecture": {
            "64bit": {
                "url": "https://github.com/yang991178/fluent-reader/releases/download/v$version/Fluent.Reader.Unpacked.$matchHead.x64.zip"
            },
            "32bit": {
                "url": "https://github.com/yang991178/fluent-reader/releases/download/v$version/Fluent.Reader.Unpacked.$matchHead.x86.zip"
            }
        }
    }
}
