{
    "version": "0.9.91.0",
    "description": "Search tool for running apps, browser tabs, in-app content, files and more.",
    "homepage": "https://fluentsearch.net/",
    "license": "Freeware",
    "architecture": {
        "64bit": {
            "url": "https://stfluentsearch.blob.core.windows.net/fluent-search/fluent-search-portable.zip",
            "hash": "ef96a52e1aed1a090df2057075f5677f182b67ef1d5a931d8332eac5171714b6"
        }
    },
    "pre_install": "if([environment]::OSVersion.Version.Major -lt 10) { error 'This app requires Windows 10 or 11'; break }",
    "shortcuts": [
        [
            "FluentSearch.exe",
            "Fluent Search"
        ]
    ],
    "persist": [
        "Blast\\FluentSearchPlugins",
        "Blast\\Settings"
    ],
    "checkver": {
        "url": "https://fluentsearch.net/blog",
        "regex": "Fluent Search version ([\\d.]+)</a>"
    },
    "autoupdate": {
        "architecture": {
            "64bit": {
                "url": "https://stfluentsearch.blob.core.windows.net/fluent-search/fluent-search-portable.zip"
            }
        }
    }
}
