{
    "version": "3.0.5",
    "description": "Google's mobile app SDK for crafting high-quality native interfaces on iOS and Android",
    "homepage": "https://flutter.dev",
    "license": "BSD-3-Clause",
    "depends": [
        "android-sdk",
        "java/temurin8-jdk"
    ],
    "suggest": {
        "Visual Studio Code with Flutter Extension": "vscode"
    },
    "url": [
        "https://storage.googleapis.com/flutter_infra_release/releases/stable/windows/flutter_windows_3.0.5-stable.zip",
        "https://raw.githubusercontent.com/ScoopInstaller/Extras/master/scripts/flutter-dev-setup.ps1"
    ],
    "hash": [
        "487528699af7a0536e7cd8c770e8c0626d7449864ab12c0bfed770b2d0f99b95",
        "bbd8dd269dd70d97e0224025281e55b7e2e32364d5c47e082ca7f45e33d1a613"
    ],
    "extract_dir": "flutter",
    "post_install": [
        "flutter-dev-setup.ps1",
        "Write-Host 'Some licenses need to be accepted before developing. It is recommended to do by running ''flutter doctor --android-licenses''.' -ForegroundColor Yellow",
        "flutter doctor"
    ],
    "bin": [
        "bin\\flutter.bat",
        "flutter-dev-setup.ps1"
    ],
    "env_set": {
        "FLUTTER_ROOT": "$dir"
    },
    "env_add_path": "bin\\cache\\dart-sdk\\bin",
    "checkver": {
        "url": "https://storage.googleapis.com/flutter_infra_release/releases/releases_windows.json",
        "regex": "windows_(v?[\\d.]+)(?<delim>[-+]?)(?<build>[\\w.]*)-stable",
        "replace": "$1${delim}${build}"
    },
    "autoupdate": {
        "url": "https://storage.googleapis.com/flutter_infra_release/releases/stable/windows/flutter_windows_$matchHead$matchDelim$matchBuild-stable.zip",
        "hash": {
            "url": "https://storage.googleapis.com/flutter_infra_release/releases/releases_windows.json",
            "jsonpath": "$.releases[?(@.archive =~ /.*flutter_windows_$matchHead$matchDelim$matchBuild-stable.zip/)].sha256"
        }
    }
}
