{
    "version": "4.120",
    "description": "Makes the color of your computer's display adapt to the time of day, warm at night and like sunlight during the day.",
    "homepage": "https://justgetflux.com",
    "license": {
        "identifier": "Freeware",
        "url": "https://justgetflux.com/news/pages/eula/"
    },
    "url": "http://justgetflux.com/flux-setup4-120.exe#/dl.7z",
    "hash": "0b3f19bd4910a27ed4566ad1fe72735869e9e84b943a026fa224a344926670ff",
    "pre_install": "Remove-Item \"$dir\\`$PLUGINSDIR\" -Recurse",
    "bin": "flux.exe",
    "shortcuts": [
        [
            "flux.exe",
            "f.lux"
        ]
    ],
    "checkver": {
        "url": "https://justgetflux.com/update/v4/windows-download.json",
        "regex": "([\\d.]+)"
    },
    "autoupdate": {
        "url": "http://justgetflux.com/flux-setup$dashVersion.exe#/dl.7z"
    }
}
