{
    "version": "20220308",
    "description": "A free (libre) font editor, which can create, edit and convert fonts in OpenType, TrueType, UFO, CID-keyed, Multiple Master, and many other formats.",
    "homepage": "https://fontforge.github.io",
    "license": "GPL-3.0-or-later",
    "url": "https://github.com/fontforge/fontforge/releases/download/20220308/FontForge-2022-03-08-Windows.exe",
    "hash": "6949074973d662020e5bf44e55dbd49ca695ca15399154f1b9687b4d0c2d2c76",
    "innosetup": true,
    "shortcuts": [
        [
            "run_fontforge.exe",
            "FontForge"
        ],
        [
            "fontforge.bat",
            "FontForge console"
        ],
        [
            "fontforge-console.bat",
            "FontForge interactive console"
        ]
    ],
    "bin": "fontforge.bat",
    "checkver": {
        "github": "https://github.com/fontforge/fontforge",
        "regex": "/download/(?<path>[\\d]{8}/FontForge-(?<year>[\\d]{4})-(?<month>[\\d]{2})-(?<day>[\\d]{2})-Windows(?<release>[-r\\d]*?).exe)",
        "replace": "${year}${month}${day}${release}"
    },
    "autoupdate": {
        "url": "https://github.com/fontforge/fontforge/releases/download/$matchPath"
    }
}
