{
    "version": "2.17.5",
    "description": "Font manager",
    "homepage": "https://fontba.se",
    "license": {
        "identifier": "Freeware",
        "url": "https://fontba.se/legal/terms"
    },
    "architecture": {
        "64bit": {
            "url": "https://releases.fontba.se/win/FontBase-2.17.5.exe#/dl.7z",
            "hash": "sha512:9352c795450edfcc99f9d06acf31aed7f0c9baed6645a44280a50d55bf32e5ad67c9d380a8980cb2ada33fccaa72c1d0cd84d802ad33717fd27365f0654970b5",
            "pre_install": [
                "Expand-7ZipArchive \"$dir\\`$PLUGINSDIR\\app-64.7z\" \"$dir\"",
                "Remove-Item \"$dir\\`$*\", \"$dir\\uninstall*\" -Recurse"
            ]
        }
    },
    "shortcuts": [
        [
            "FontBase.exe",
            "FontBase"
        ]
    ],
    "checkver": {
        "url": "https://fontba.se/updates",
        "regex": "([\\d.]+)</a"
    },
    "autoupdate": {
        "architecture": {
            "64bit": {
                "url": "https://releases.fontba.se/win/FontBase-$version.exe#/dl.7z",
                "hash": {
                    "url": "$baseurl/latest.yml",
                    "regex": "sha512:\\s+$base64"
                }
            }
        }
    }
}
