{
    "version": "14.0.0.2862",
    "description": "the most popular font editor",
    "homepage": "https://www.high-logic.com/font-editor/fontcreator",
    "license": {
        "identifier": "Proprietary",
        "url": "https://www.high-logic.com/font-editor/fontcreator/license-agreement"
    },
    "innosetup": true,
    "architecture": {
        "64bit": {
            "url": "https://www.high-logic.com/FontCreatorSetup-x64.exe",
            "hash": "603d9829f1870a3e12c048b8f7093afe12522c6373dd57e34a12018d23fc8bbf"
        },
        "32bit": {
            "url": "https://www.high-logic.com/FontCreatorSetup.exe",
            "hash": "4627becdcf9f829a71bb8978decb3a4c6501eaf7a67ed2d0e021486373ec750a"
        }
    },
    "shortcuts": [
        [
            "FontCreator.exe",
            "FontCreator"
        ]
    ],
    "checkver": {
        "url": "https://www.high-logic.com/font-editor/fontcreator/changelog",
        "regex": "FontCreator ([\\d.]+) (?!\\[expected soon\\])"
    },
    "autoupdate": {
        "architecture": {
            "64bit": {
                "url": "https://www.high-logic.com/FontCreatorSetup-x64.exe"
            },
            "32bit": {
                "url": "https://www.high-logic.com/FontCreatorSetup.exe"
            }
        }
    }
}
