{
    "version": "1.6.11",
    "description": "An advanced freeware audio player for the Windows platform.",
    "homepage": "https://www.foobar2000.org/",
    "license": {
        "identifier": "Freeware",
        "url": "https://www.foobar2000.org/license"
    },
    "suggest": {
        "Encoders": "extras/foobar2000-encoders"
    },
    "url": "https://www.foobar2000.org/files/foobar2000_v1.6.11.exe#/dl.7z",
    "hash": "03859424dd848da5df4ed29ac7a1a3f8f465b972fa770aede82e052ff4225db5",
    "installer": {
        "script": [
            "Remove-Item \"$dir\\`$*\", \"$dir\\uninstall.exe\" -Force -Recurse",
            "New-Item \"$dir\\portable_mode_enabled\" -Force | Out-Null",
            "$EncodersDir = $(appdir foobar2000-encoders $global)",
            "if (Test-Path \"$EncodersDir\") {",
            "    New-Item \"$dir\\encoders\" -ItemType Junction -Target \"$EncodersDir\\current\" | Out-Null",
            "}"
        ]
    },
    "post_install": [
        "if (!(Test-Path \"$persist_dir\\profile\\*\")) {",
        "    Get-ChildItem -Path \"$persist_dir\" -Exclude \"profile\" | Move-Item -Destination \"$persist_dir\\profile\" -Force",
        "}",
        "if (!(Test-Path \"$persist_dir\\profile\\*\") -and (Test-Path \"$env:AppData\\foobar2000\")) {",
        "    info '[Portable Mode]: Copying user data...'",
        "    Copy-Item \"$env:AppData\\foobar2000\\*\" -Destination \"$persist_dir\\profile\" -Force -Recurse",
        "}",
        "if (!(Test-Path \"$persist_dir\\profile\\playlists-v1.4\")) {",
        "    Get-ChildItem -Path \"$persist_dir\\profile\" -Filter \"playlists\" -Directory | Rename-Item -NewName \"playlists-v1.4\" -Force",
        "}",
        "Get-ChildItem -Path \"$persist_dir\\profile\" -Filter \"playlists\" | Remove-Item -Force -Recurse"
    ],
    "bin": "foobar2000.exe",
    "shortcuts": [
        [
            "foobar2000.exe",
            "Foobar2000"
        ]
    ],
    "persist": "profile",
    "checkver": {
        "url": "https://www.foobar2000.org/download",
        "regex": "foobar2000_v([\\d.]+)\\."
    },
    "autoupdate": {
        "url": "https://www.foobar2000.org/files/foobar2000_v$version.exe#/dl.7z"
    }
}
