{
    "version": "2022-05-25",
    "description": "Natively supported free encoder binary for use with the Converter foobar2000 component",
    "homepage": "https://www.foobar2000.org/encoderpack",
    "license": {
        "identifier": "Freeware",
        "url": "https://www.foobar2000.org/license"
    },
    "suggest": {
        "Foobar2000": "extras/foobar2000"
    },
    "note": "The binaries are conveniently installed into a subfolder of the foobar2000 installation folder. Current versions of foobar2000 will automatically recognize these encoders and no longer ask you for encoder binary location.",
    "url": "https://www.foobar2000.org/files/Free_Encoder_Pack-2022-05-25.exe#/dl.7z",
    "hash": "002d43aef72125d747047be12a65c378808dff44d5e15dac0217926f9192fa78",
    "installer": {
        "script": [
            "Remove-Item \"$dir\\`$PLUGINSDIR\" -Force -Recurse",
            "$FoobarDir = $(appdir foobar2000 $global)",
            "if (Test-Path \"$FoobarDir\") {",
            "    Get-ChildItem -Path \"$FoobarDir\\current\" -Filter \"encoders\" | Remove-Item -Force -Recurse",
            "    New-Item \"$FoobarDir\\current\\encoders\" -ItemType Junction -Target \"$dir\" | Out-Null",
            "}"
        ]
    },
    "uninstaller": {
        "script": [
            "$FoobarDir = $(appdir foobar2000 $global)",
            "if (Test-Path \"$FoobarDir\") {",
            "    Get-ChildItem -Path \"$FoobarDir\\current\" -Filter \"encoders\" | Remove-Item -Force -Recurse",
            "}"
        ]
    },
    "checkver": "Free_Encoder_Pack-([\\d-]+)\\.exe",
    "autoupdate": {
        "url": "https://www.foobar2000.org/files/Free_Encoder_Pack-$version.exe#/dl.7z"
    }
}
