{
    "version": "4.0.2",
    "description": "Fork of Telegram Desktop messaging app.",
    "homepage": "http://t.me/forkgram",
    "license": {
        "identifier": "GPL-3.0-openssl-exception",
        "url": "https://github.com/Forkgram/tdesktop/blob/dev/LICENSE"
    },
    "url": "https://github.com/Forkgram/tdesktop/releases/download/v4.0.2/Telegram.zip",
    "hash": "dd44bafc7d8addba18f16cbcedbaac47ff97e7db00af1ad3e097e82885e687b6",
    "pre_install": "if (Test-Path \"$persist_dir\\log.txt\") { Copy-Item \"$persist_dir\\log.txt\" \"$dir\\\" }",
    "pre_uninstall": "if (Test-Path \"$dir\\log.txt\") { Copy-Item \"$dir\\log.txt\" \"$persist_dir\\\" }",
    "bin": [
        "Telegram.exe",
        [
            "Telegram.exe",
            "Forkgram"
        ]
    ],
    "shortcuts": [
        [
            "Telegram.exe",
            "Forkgram"
        ]
    ],
    "persist": "tdata",
    "checkver": {
        "github": "https://github.com/Forkgram/tdesktop"
    },
    "autoupdate": {
        "url": "https://github.com/Forkgram/tdesktop/releases/download/v$version/Telegram.zip"
    }
}
