{
    "##": "Update is disabled because the installer cannot be properly extracted after version 5.9",
    "version": "5.8.1.0",
    "description": "Multifunctional, multimedia file conversion tool",
    "homepage": "http://www.pcfreetime.com/formatfactory/index.php",
    "license": {
        "identifier": "Freeware",
        "url": "http://www.pcfreetime.com/formatfactory/privacy_policy.php?language=en"
    },
    "url": "http://public.pcfreetime.com/FFSetup5.8.1.0.exe#/dl.7z",
    "hash": "f9dfb78aed3a76d2b54571acc5a69b15c4c85f45ab791b5502a63ab189bcd98c",
    "pre_install": [
        "Remove-Item \"$dir\\*\" -Exclude 'Carrier.exe' -Force -Recurse",
        "Expand-7zipArchive \"$dir\\Carrier.exe\" -Removal",
        "Remove-Item \"$dir\\`$*\" -Recurse"
    ],
    "shortcuts": [
        [
            "FormatFactory.exe",
            "Format Factory"
        ]
    ]
}
