{
    "version": "10.0.0.35798",
    "description": "Super-fast, feature rich PDF reader that offers a delightful reading experience in a small footprint.",
    "homepage": "https://www.foxitsoftware.com/",
    "license": {
        "identifier": "Freeware",
        "url": "https://www.foxitsoftware.com/pdf-reader/eula.html"
    },
    "notes": "Deprecated. Use extras/foxit-pdf-reader",
    "url": "https://cdn01.foxitsoftware.com/pub/foxit/reader/desktop/win/10.x/10.0/en_us/FoxitReader100_Setup_Prom_IS.exe#/dl.7z",
    "hash": "2fa85149ee0a98b6ed7e316c7efd483fc397b653790057ab19e085356b710e65",
    "extract_dir": "$PLUGINSDIR",
    "installer": {
        "script": [
            "Get-ChildItem \"$dir\" -Exclude 'Foxit*Prom.exe' | Remove-Item",
            "Get-Item \"$dir\\Foxit*prom.exe\" | Expand-InnoArchive -Destination \"$dir\" -Removal"
        ]
    },
    "bin": "FoxitReader.exe",
    "shortcuts": [
        [
            "FoxitReader.exe",
            "Foxit Reader"
        ]
    ]
}
