{
    "##": "Using cdn06.foxitsoftware.com for better speed worldwide. (redirects to cdn06.foxitsoftware.com.cdn.cloudflare.net)",
    "version": "12.0.0.12394",
    "description": "Fast and feature rich PDF reader that offers a delightful reading experience.",
    "homepage": "https://www.foxit.com/pdf-reader/",
    "license": {
        "identifier": "Freeware",
        "url": "https://www.foxit.com/pdf-editor/eula.html"
    },
    "url": "https://cdn06.foxitsoftware.com/product/reader/desktop/win/12.0.0/FoxitPDFReader120_L10N_Setup.msi",
    "hash": "b03729432bb0358710f864fd550e6a210773b2c2e058007ee414342e2fc263eb",
    "pre_install": [
        "Copy-Item \"$dir\\Foxit Software\\Foxit PDF Reader\\*\" \"$dir\" -Force -Recurse | Out-Null",
        "Remove-Item \"$dir\\Foxit Software\" -Force -Recurse | Out-Null"
    ],
    "bin": "FoxitPDFReader.exe",
    "shortcuts": [
        [
            "FoxitPDFReader.exe",
            "Foxit PDF Reader"
        ]
    ],
    "checkver": {
        "url": "https://www.foxit.com/pdf-reader/version-history.html",
        "regex": ">Version ([\\d.]+)</"
    },
    "autoupdate": {
        "url": "https://cdn06.foxitsoftware.com/product/reader/desktop/win/$matchHead/FoxitPDFReader$majorVersion$minorVersion_L10N_Setup.msi"
    }
}
