{
    "version": "1.1.6",
    "description": "Audio converter and CD ripper with support for various popular formats and encoders",
    "homepage": "https://www.freac.org",
    "license": "GPL-2.0-only",
    "architecture": {
        "64bit": {
            "url": "https://github.com/enzo1982/freac/releases/download/v1.1.6/freac-1.1.6-windows-x64.zip",
            "hash": "1b9af77be45efbbefa6f97e7d38e76a46f0eab66e98754b6b49de75d28dcfd2f",
            "extract_dir": "freac-1.1.6-x64"
        },
        "32bit": {
            "url": "https://github.com/enzo1982/freac/releases/download/v1.1.6/freac-1.1.6-windows-i686.zip",
            "hash": "1093bf498128b4a87abc3c728d2589b5abbaf224f1e9bd0ef46e6c1a245bb810",
            "extract_dir": "freac-1.1.6"
        }
    },
    "pre_install": "if (!(Test-Path \"$persist_dir\\freac.xml\")) { New-Item \"$dir\\freac.xml\" | Out-Null }",
    "bin": [
        "freaccmd.exe",
        [
            "freaccmd.exe",
            "freac"
        ]
    ],
    "shortcuts": [
        [
            "freac.exe",
            "freac - free audio converter"
        ]
    ],
    "persist": "freac.xml",
    "checkver": {
        "github": "https://github.com/enzo1982/freac"
    },
    "autoupdate": {
        "architecture": {
            "64bit": {
                "url": "https://github.com/enzo1982/freac/releases/download/v$version/freac-$version-windows-x64.zip",
                "extract_dir": "freac-$version-x64"
            },
            "32bit": {
                "url": "https://github.com/enzo1982/freac/releases/download/v$version/freac-$version-windows-i686.zip",
                "extract_dir": "freac-$version"
            }
        }
    }
}
