{
    "version": "0.16.0-beta",
    "description": "The private YouTube client",
    "homepage": "https://freetubeapp.io",
    "license": "AGPL-3.0-only",
    "architecture": {
        "64bit": {
            "url": "https://github.com/FreeTubeApp/FreeTube/releases/download/v0.16.0-beta/freetube-0.16.0-win-x64-portable.zip#/dl.7z",
            "hash": "c951378c18a7447a6d21313035da87c572a565567743125e7904cb95842b0d0a"
        }
    },
    "shortcuts": [
        [
            "FreeTube.exe",
            "FreeTube"
        ]
    ],
    "checkver": {
        "url": "https://github.com/FreeTubeApp/FreeTube/releases",
        "regex": "download/v([\\w.-]+)"
    },
    "autoupdate": {
        "architecture": {
            "64bit": {
                "url": "https://github.com/FreeTubeApp/FreeTube/releases/download/v$version/freetube-$matchHead-win-x64-portable.zip#/dl.7z"
            }
        }
    }
}
