{
    "version": "2022.861",
    "description": "Easy-to-use file manager.",
    "homepage": "https://freecommander.com",
    "license": {
        "identifier": "Freeware",
        "url": "https://freecommander.com/en/license/"
    },
    "url": "https://freecommander.com/downloads/FreeCommanderXE-32-public_portable.zip",
    "hash": "sha1:95af75dd9f20d665e14234dd4b47edc78ca70ce7",
    "pre_install": [
        "if(!(Test-Path \"$persist_dir\\fcStart.ini\")) {",
        "    Set-Content \"$dir\\fcStart.ini\" @('[Start]', 'freeCommanderIniDir=%FcSrcPath%') -Encoding ASCII",
        "}"
    ],
    "bin": "freecommander.exe",
    "shortcuts": [
        [
            "freecommander.exe",
            "Free Commander"
        ]
    ],
    "persist": [
        "Settings",
        "fcStart.ini"
    ],
    "checkver": {
        "url": "https://freecommander.com/en/downloads-portable/",
        "regex": "FreeCommander XE ([\\d.]+) Build ([\\d.a-z]+) portable ZIP",
        "replace": "${1}.${2}"
    },
    "autoupdate": {
        "url": "https://freecommander.com/downloads/FreeCommanderXE-32-public_portable.zip",
        "hash": {
            "url": "https://freecommander.com/en/downloads-portable/",
            "regex": "$basename.*?SHA1:\\s+$sha1"
        }
    }
}
