{
    "version": "0.20.0-1",
    "description": "A free and open-source multi-platform parametric 3D modeler.",
    "homepage": "https://www.freecadweb.org",
    "license": "LGPL-2.0-or-later",
    "architecture": {
        "64bit": {
            "url": "https://github.com/FreeCAD/FreeCAD/releases/download/0.20/FreeCAD-0.20.0-WIN-x64-portable-1.zip",
            "hash": "618ee903684879306a27cf76ebdf68b8587cd66be376d703eb8ad5452293edd4"
        }
    },
    "bin": "bin\\FreeCADCmd.exe",
    "shortcuts": [
        [
            "bin\\FreeCAD.exe",
            "FreeCAD"
        ]
    ],
    "checkver": {
        "url": "https://api.github.com/repos/FreeCAD/FreeCAD/releases",
        "regex": "FreeCAD-([\\d.]+)-WIN-x64-portable((-\\d+)?)\\.zip",
        "replace": "${1}${2}"
    },
    "autoupdate": {
        "architecture": {
            "64bit": {
                "url": "https://github.com/FreeCAD/FreeCAD/releases/download/$majorVersion.$minorVersion/FreeCAD-$matchHead-WIN-x64-portable$matchTail.zip"
            }
        },
        "hash": {
            "url": "$url-SHA256.txt",
            "regex": "SHA256: $sha256"
        }
    }
}
