{
    "version": "1.0.1",
    "description": "FreeMind is a free mind mapping application written in Java. It provides extensive export capabilities.",
    "homepage": "http://freemind.sourceforge.net/wiki/index.php/Main_Page",
    "license": "GPL-2.0-or-later",
    "suggest": {
        "JDK": [
            "java/oraclejdk",
            "java/openjdk"
        ]
    },
    "architecture": {
        "64bit": {
            "url": "https://downloads.sourceforge.net/project/freemind/freemind/1.0.1/freemind-bin-max-1.0.1.zip",
            "hash": "sha1:8b4c16f253d5c56b7fddf6a1878831556febfc48",
            "bin": "FreeMind64.exe",
            "shortcuts": [
                [
                    "FreeMind64.exe",
                    "Freemind"
                ]
            ]
        }
    }
}
