{
    "version": "2.1.0",
    "description": "Moves directories freely without breaking installations or shortcuts.",
    "homepage": "https://github.com/imDema/FreeMove",
    "license": "GPL-3.0-only",
    "url": "https://github.com/imDema/FreeMove/releases/download/2.1.0/FreeMove.exe",
    "hash": "3393141632520238f5cbb6bc188463124bc2e2d1bf23ddc9d6de69482695842b",
    "shortcuts": [
        [
            "FreeMove.exe",
            "FreeMove"
        ]
    ],
    "checkver": "github",
    "autoupdate": {
        "url": "https://github.com/imDema/FreeMove/releases/download/$version/FreeMove.exe"
    }
}
