{
    "version": "1.10.2",
    "description": "Freeplane is a free and open source software application that supports thinking, sharing information and getting things done at work, in school and at home. The software can be used for mind mapping and analyzing the information contained in mind maps.",
    "homepage": "https://www.freeplane.org",
    "license": "GPL-2.0-or-later",
    "suggest": {
        "JDK": [
            "java/oraclejdk",
            "java/openjdk"
        ]
    },
    "url": "https://downloads.sourceforge.net/project/freeplane/freeplane%20stable/archive/1.10.2/freeplane_bin-1.10.2.zip",
    "hash": "sha1:aa0abbfb232527e2d94578688fccfebf52f16ed4",
    "extract_dir": "freeplane-1.10.2",
    "bin": "freeplane.exe",
    "shortcuts": [
        [
            "freeplane.exe",
            "Freeplane"
        ]
    ],
    "checkver": {
        "url": "https://www.freeplane.org/info/history/history_en.txt",
        "regex": "=\\s+([\\d.]+)\\s+="
    },
    "autoupdate": {
        "url": "https://downloads.sourceforge.net/project/freeplane/freeplane%20stable/archive/$version/freeplane_bin-$version.zip",
        "extract_dir": "freeplane-$version"
    }
}
