{
    "version": "6.16.2.4586",
    "description": "A powerful download manager",
    "homepage": "https://www.freedownloadmanager.org",
    "license": "Freeware",
    "architecture": {
        "64bit": {
            "url": "https://dn3.freedownloadmanager.org/6/latest/fdm_x64_setup.exe",
            "hash": "32470a2ef06b5f0702880ea11297d732cd4694ead41aac23b888fa0678d37a91"
        },
        "32bit": {
            "url": "https://dn3.freedownloadmanager.org/6/latest/fdm_x86_setup.exe",
            "hash": "7f496e16ba15ffcd83264572bda73a00cfb9c67b4b95f93c175360759ea92207"
        }
    },
    "innosetup": true,
    "shortcuts": [
        [
            "fdm.exe",
            "Free Download Manager"
        ]
    ],
    "checkver": {
        "url": "https://www.freedownloadmanager.org/board/viewtopic.php?f=1&t=17900",
        "regex": ">v([\\d.]+)\\s*\\[\\w+.*?STABLE"
    },
    "autoupdate": {
        "architecture": {
            "64bit": {
                "url": "https://dn3.freedownloadmanager.org/$majorVersion/latest/fdm_x64_setup.exe"
            },
            "32bit": {
                "url": "https://dn3.freedownloadmanager.org/$majorVersion/latest/fdm_x86_setup.exe"
            }
        }
    }
}
