{
    "version": "0.9.3b",
    "description": "Document hardware prototypes and layout PCBs.",
    "homepage": "https://fritzing.org/home/",
    "license": "GPL-3.0-only",
    "architecture": {
        "64bit": {
            "url": [
                "https://raw.githubusercontent.com/ScoopInstaller/Binary/master/fritzing/fritzing_0.9.3b_64bit.7z.001",
                "https://raw.githubusercontent.com/ScoopInstaller/Binary/master/fritzing/fritzing_0.9.3b_64bit.7z.002",
                "https://raw.githubusercontent.com/ScoopInstaller/Binary/master/fritzing/fritzing_0.9.3b_64bit.7z.003",
                "https://raw.githubusercontent.com/ScoopInstaller/Binary/master/fritzing/fritzing_0.9.3b_64bit.7z.004",
                "https://raw.githubusercontent.com/ScoopInstaller/Binary/master/fritzing/fritzing_0.9.3b_64bit.7z.005",
                "https://raw.githubusercontent.com/ScoopInstaller/Binary/master/fritzing/fritzing_0.9.3b_64bit.7z.006",
                "https://raw.githubusercontent.com/ScoopInstaller/Binary/master/fritzing/fritzing_0.9.3b_64bit.7z.007"
            ],
            "hash": [
                "9f4ae8a316e1c70d0212e7304ea212740ccd0bbddbc56cd5a10799cbfc7c4c97",
                "14fedf300eec865075cc30f059d623d8ccc95b20b9b67223ad6ea784e85968e5",
                "870cd221915a24ceaa637268279b68bb9a8f6aef418b7472e4063a393e246814",
                "067b4c87c7927102813307214b4a155556ecb7744f509bb166d4f13b184ab130",
                "9fd4060012c622ee238492e8faaf1d6a220908edadbcd10092e1a3f29b7a3434",
                "19ecc3974aee77e05595b638b27973367a8be4ec51a25bf9b6f0a9b4b13b62d6",
                "7a6ae6dffab068405350801d08ff479f37576e7d912ff6836182f75b122ece17"
            ]
        },
        "32bit": {
            "url": [
                "https://raw.githubusercontent.com/ScoopInstaller/Binary/master/fritzing/fritzing_0.9.3b_32bit.7z.001",
                "https://raw.githubusercontent.com/ScoopInstaller/Binary/master/fritzing/fritzing_0.9.3b_32bit.7z.002",
                "https://raw.githubusercontent.com/ScoopInstaller/Binary/master/fritzing/fritzing_0.9.3b_32bit.7z.003",
                "https://raw.githubusercontent.com/ScoopInstaller/Binary/master/fritzing/fritzing_0.9.3b_32bit.7z.004",
                "https://raw.githubusercontent.com/ScoopInstaller/Binary/master/fritzing/fritzing_0.9.3b_32bit.7z.005",
                "https://raw.githubusercontent.com/ScoopInstaller/Binary/master/fritzing/fritzing_0.9.3b_32bit.7z.006",
                "https://raw.githubusercontent.com/ScoopInstaller/Binary/master/fritzing/fritzing_0.9.3b_32bit.7z.007"
            ],
            "hash": [
                "b6640892636ac447e0db05f4e76131b46ab1d4823d98442473bdcd78ad5630bc",
                "226fd980d58078747baa51141cf577479c836e78362a1c8b9f6d76e09eaf07bd",
                "0d4ea450e34f73d96408211672cbdf112b66c28c21c634e3d699463d36bbcdee",
                "a6a755be6b62d3dbedd0012e1e1193378267de999f6be609a62e2b250a09dd7e",
                "f92614f90af1836bf280d2d10448e0f838d28f6c810b7edce0261e4000014ebf",
                "be2b47843fb9ae5f93eae2c1be76ed3bfb0b1ce04b1e937ec2df799c8eb05ca0",
                "6b4831dc9591fe4f819d3f2141b5e27213198ae93e6b3ab47323290c49c171a5"
            ]
        }
    },
    "bin": "Fritzing.exe",
    "shortcuts": [
        [
            "Fritzing.exe",
            "Fritzing"
        ]
    ]
}
