{
    "version": "9.7",
    "description": "A powerful, lightweight, yet full-featured screen capture tool and screen video recorder.",
    "homepage": "https://www.faststone.org/FSCaptureDetail.htm",
    "license": {
        "identifier": "Shareware",
        "url": "https://www.faststone.org/order.htm"
    },
    "url": "http://www.faststonesoft.net/DN/FSCapture97.zip",
    "hash": "87c1ac0b95a0314d2d2d02eef09d24cd37813c6d0f9a156c2ed2bfae6bb3abcc",
    "extract_dir": "FSCapture97",
    "pre_install": "if (!(Test-Path \"$persist_dir\\fsc.db\")) { New-Item \"$dir\\fsc.db\" | Out-Null }",
    "bin": "FSCapture.exe",
    "shortcuts": [
        [
            "FSCapture.exe",
            "FastStone Capture"
        ]
    ],
    "persist": "fsc.db",
    "checkver": "Version\\s+([\\d.]+)",
    "autoupdate": {
        "url": "http://www.faststonesoft.net/DN/FSCapture$cleanVersion.zip",
        "extract_dir": "FSCapture$cleanVersion"
    }
}
