{
    "version": "4.4",
    "description": "An image converter and renaming tool",
    "homepage": "https://www.faststone.org/FSResizerDetail.htm",
    "license": {
        "identifier": "Shareware",
        "url": "https://www.faststone.org/order.htm"
    },
    "url": "http://www.faststonesoft.net/DN/FSResizer44.zip",
    "hash": "5aafdaed431c44c6b1ed9f3f528032f731b2f22f5b2d1ce425815dabeddc2640",
    "extract_dir": "FSResizer44",
    "pre_install": "if (!(Test-Path \"$persist_dir\\FSResizerSettings.db\")) { New-Item \"$dir\\FSResizerSettings.db\" | Out-Null }",
    "bin": "FSResizer.exe",
    "shortcuts": [
        [
            "FSResizer.exe",
            "FastStone Photo Resizer"
        ]
    ],
    "persist": "FSResizerSettings.db",
    "checkver": "Version\\s+([\\d.]+)",
    "autoupdate": {
        "url": "http://www.faststonesoft.net/DN/FSResizer$cleanVersion.zip",
        "extract_dir": "FSResizer$cleanVersion"
    }
}
