{
    "version": "7.6",
    "description": "FastStone Image Viewer is a fast, stable, user-friendly image browser, converter and editor",
    "homepage": "https://www.faststone.org/FSViewerDetail.htm",
    "license": "Unknown",
    "url": "http://www.faststonesoft.net/DN/FSViewer76.zip",
    "hash": "b492b3e3422c6792d5ff00a94b0593968223a2144f89738b91a06ccf76db108b",
    "extract_dir": "FSViewer76",
    "pre_install": [
        "'FSSettings.db', 'HisFolderList.db' | ForEach-Object {",
        "    if (!(Test-Path \"$persist_dir\\$_\") -and !(Test-Path \"$dir\\$_\")) { New-Item \"$dir\\$_\" | Out-Null }",
        "}"
    ],
    "bin": "FSViewer.exe",
    "shortcuts": [
        [
            "FSViewer.exe",
            "FastStone Image Viewer"
        ]
    ],
    "persist": [
        "FSSettings.db",
        "HisFolderList.db"
    ],
    "checkver": {
        "url": "https://www.faststone.org/FSIVDownload.htm",
        "regex": "FastStone Image Viewer ([\\d.]+)"
    },
    "autoupdate": {
        "url": "http://www.faststonesoft.net/DN/FSViewer$cleanVersion.zip",
        "extract_dir": "FSViewer$cleanVersion"
    }
}
