{
    "version": "1.30.0.0",
    "description": "A GPU Stress Test and OpenGL Benchmark",
    "homepage": "https://geeks3d.com/furmark/",
    "license": "Freeware",
    "url": "https://www.geeks3d.com/downloads/2022p/FurMark_1.30.0.0_Setup.exe",
    "hash": "68c1092866819b3f37ee11ae52a19e61584ebd4ca23fdaaaa149e73380246f6f",
    "innosetup": true,
    "bin": "FurMark.exe",
    "shortcuts": [
        [
            "FurMark.exe",
            "FurMark"
        ]
    ],
    "checkver": {
        "url": "https://geeks3d.com/furmark/downloads/",
        "regex": ">Version\\s+([\\d.]+)\\s+-\\s+(?<year>\\d+)[\\d.]+</"
    },
    "autoupdate": {
        "url": "https://www.geeks3d.com/downloads/$matchYearp/FurMark_$version_Setup.exe",
        "hash": {
            "url": "https://geeks3d.com/furmark/downloads/",
            "regex": "(?sm)$basename.*?SHA256\\s+:\\s+$sha256"
        }
    }
}
