{
    "version": "1.5.0.0",
    "description": "Edit File VersionInfo metadata from Windows executables.",
    "homepage": "https://www.carifred.com/fvie/",
    "license": {
        "identifier": "Freeware",
        "url": "https://www.carifred.com/License.php"
    },
    "notes": "Administrator privileges are required to execute FVIE",
    "url": "https://www.carifred.com/fvie/FVIE.exe",
    "hash": "cf4d0442b0a324358eb0b420c34a62ee41e1a39339e2842ed92cf5eee1aa9641",
    "bin": "FVIE.exe",
    "shortcuts": [
        [
            "FVIE.exe",
            "FVIE"
        ]
    ],
    "checkver": "Current version:\\s+([\\d.]+)",
    "autoupdate": {
        "url": "https://www.carifred.com/fvie/FVIE.exe"
    }
}
