{
    "version": "0.3.531",
    "description": "Neovim front-end UI",
    "homepage": "https://github.com/yatli/fvim",
    "license": "MIT",
    "suggest": {
        "neovim": "neovim"
    },
    "architecture": {
        "64bit": {
            "url": "https://github.com/yatli/fvim/releases/download/v0.3.531+g119a455/fvim-win-x64-v0.3.531+g119a455.zip",
            "hash": "80a4d6201a3fd74773307c22a99c1f9d9c2d2ba24c868807addc079bbf067454"
        }
    },
    "bin": "fvim.exe",
    "shortcuts": [
        [
            "fvim.exe",
            "FVim"
        ]
    ],
    "checkver": {
        "github": "https://github.com/yatli/fvim",
        "regex": "[/\"]v([\\d.]+)(?<commit>[+-]g?[\\w]{7})\"?"
    },
    "autoupdate": {
        "architecture": {
            "64bit": {
                "url": "https://github.com/yatli/fvim/releases/download/v$version$matchCommit/fvim-win-x64-v$version$matchCommit.zip"
            }
        }
    }
}
