{
    "version": "2.4.1",
    "description": "Flutter Version Management: A simple CLI to manage Flutter SDK versions.",
    "homepage": "https://fvm.app/",
    "license": "MIT",
    "architecture": {
        "64bit": {
            "url": "https://github.com/fluttertools/fvm/releases/download/2.4.1/fvm-2.4.1-windows-x64.zip",
            "hash": "eb57c714add36e010113fafbcaf64c86b3e64d7dd239755666d143d2d5479cf2"
        },
        "32bit": {
            "url": "https://github.com/fluttertools/fvm/releases/download/2.4.1/fvm-2.4.1-windows-ia32.zip",
            "hash": "bb323f2e4618450dc4e1fa47b4b9a262a523b5cd9b24352d26e22dade234aefe"
        }
    },
    "extract_dir": "fvm",
    "pre_install": [
        "if (!(Test-Path \"$persist_dir\\versions\")) {",
        "   New-Item \"$dir\\versions\" -ItemType Directory | Out-Null",
        "   New-Item \"$dir\\.settings\" -ItemType File | Out-Null",
        "}"
    ],
    "bin": "fvm.bat",
    "env_set": {
        "FVM_HOME": "$dir"
    },
    "persist": [
        "versions",
        ".settings"
    ],
    "checkver": {
        "github": "https://github.com/fluttertools/fvm"
    },
    "autoupdate": {
        "architecture": {
            "64bit": {
                "url": "https://github.com/fluttertools/fvm/releases/download/$version/fvm-$version-windows-x64.zip"
            },
            "32bit": {
                "url": "https://github.com/fluttertools/fvm/releases/download/$version/fvm-$version-windows-ia32.zip"
            }
        }
    }
}
