{
    "version": "20220202-76f785d5",
    "description": "A fork of the SSH/Telnet client PuTTY with new features such as background images, transparent window, clickable URLs and zooming.",
    "homepage": "https://github.com/lalbornoz/PuTTie",
    "license": "MIT",
    "notes": [
        "FySTY has been renamed to PuTTie since version 20220524-c0c394c9",
        "To install it, run: scoop install puttie"
    ],
    "architecture": {
        "64bit": {
            "url": "https://github.com/lalbornoz/PuTTie/releases/download/FySTY-Release-76f785d5/FySTY-Release-76f785d5.zip",
            "hash": "0f87de7cb30320f7260a25f20e2139416dc9c2417bf35ee306ae135dd81c2f7b"
        }
    },
    "extract_dir": "FySTY-Release-76f785d5",
    "bin": [
        "bidi_gettype.exe",
        "bidi_test.exe",
        "pageant.exe",
        "plink.exe",
        "pscp.exe",
        "psftp.exe",
        "psocks.exe",
        "putty.exe",
        "puttygen.exe",
        "puttytel.exe"
    ],
    "shortcuts": [
        [
            "putty.exe",
            "PuTTY"
        ],
        [
            "puttygen.exe",
            "PuttyGen (PuTTY Key Generator)"
        ],
        [
            "pageant.exe",
            "Pageant (PuTTY authentication agent)"
        ]
    ]
}
