{
    "version": "1.0.0",
    "description": "Unofficial desktop client for Google Assistant",
    "homepage": "https://github.com/Melvin-Abraham/Google-Assistant-Unofficial-Desktop-Client",
    "license": "Apache-2.0",
    "architecture": {
        "64bit": {
            "url": "https://github.com/Melvin-Abraham/Google-Assistant-Unofficial-Desktop-Client/releases/download/v1.0.0/Google-Assistant-Setup-1.0.0.exe#/dl.7z",
            "hash": "c5acde8b3bd0db2215cb03ff817b95cd5d1de9888f31a8b02091fdf979a36101"
        }
    },
    "pre_install": "Expand-7zipArchive \"$dir\\`$PLUGINSDIR\\app-64.7z\" \"$dir\"",
    "post_install": "Remove-Item \"$dir\\`$PLUGINSDIR\", \"$dir\\Uninst*\" -Force -Recurse",
    "shortcuts": [
        [
            "Google Assistant.exe",
            "Google Assistant"
        ]
    ],
    "checkver": "github",
    "autoupdate": {
        "architecture": {
            "64bit": {
                "url": "https://github.com/Melvin-Abraham/Google-Assistant-Unofficial-Desktop-Client/releases/download/v$version/Google-Assistant-Setup-$version.exe#/dl.7z"
            }
        }
    }
}
