{
    "version": "3.8.2",
    "description": "Async load test tool for web applications",
    "homepage": "https://gatling.io",
    "license": "Apache-2.0",
    "suggest": {
        "JDK": [
            "java/oraclejdk",
            "java/openjdk"
        ]
    },
    "url": "https://repo1.maven.org/maven2/io/gatling/highcharts/gatling-charts-highcharts-bundle/3.8.2/gatling-charts-highcharts-bundle-3.8.2-bundle.zip",
    "hash": "sha1:52636030b6315662a28d733d967f95e6f1891242",
    "extract_dir": "gatling-charts-highcharts-bundle-3.8.2",
    "bin": [
        "bin\\gatling.bat",
        "bin\\recorder.bat"
    ],
    "shortcuts": [
        [
            "bin\\recorder.bat",
            "Gatling Recorder"
        ]
    ],
    "env_set": {
        "GATLING_HOME": "$dir"
    },
    "persist": [
        "conf",
        "results",
        "user-files"
    ],
    "checkver": {
        "url": "https://search.maven.org/solrsearch/select/?q=g:io.gatling.highcharts+AND+a:gatling-charts-highcharts-bundle",
        "jsonpath": "$.response.docs[0].latestVersion"
    },
    "autoupdate": {
        "url": "https://repo1.maven.org/maven2/io/gatling/highcharts/gatling-charts-highcharts-bundle/$version/gatling-charts-highcharts-bundle-$version-bundle.zip",
        "hash": {
            "url": "$url.sha1"
        },
        "extract_dir": "gatling-charts-highcharts-bundle-$version"
    }
}
