{
    "version": "3.0.3",
    "description": "Free and easy to use retro adventure game creator for Game Boy.",
    "homepage": "https://www.gbstudio.dev",
    "license": "MIT",
    "architecture": {
        "64bit": {
            "url": "https://github.com/chrismaltby/gb-studio/releases/download/v3.0.3/gb-studio-windows-64bit-standalone.zip",
            "hash": "b1de4ed0f25cad18981ad941708091dc9f2f5b8a56133ec70913c58f82d83925",
            "extract_dir": "GB Studio-win32-x64"
        },
        "32bit": {
            "url": "https://github.com/chrismaltby/gb-studio/releases/download/v3.0.3/gb-studio-windows-32bit-standalone.zip",
            "hash": "5744f1416ade248caf1792e89b7b5fa6e0b1daef37b4fe6621af296b23956a63",
            "extract_dir": "GB Studio-win32-ia32"
        }
    },
    "shortcuts": [
        [
            "gb-studio.exe",
            "GB Studio"
        ]
    ],
    "checkver": {
        "github": "https://github.com/chrismaltby/gb-studio"
    },
    "autoupdate": {
        "architecture": {
            "64bit": {
                "url": "https://github.com/chrismaltby/gb-studio/releases/download/v$version/gb-studio-windows-64bit-standalone.zip",
                "extract_dir": "GB Studio-win32-x64"
            },
            "32bit": {
                "url": "https://github.com/chrismaltby/gb-studio/releases/download/v$version/gb-studio-windows-32bit-standalone.zip",
                "extract_dir": "GB Studio-win32-ia32"
            }
        }
    }
}
