{
    "version": "11.2-2022.02",
    "description": "Pre-built GNU Toolchain for the Arm Architecture",
    "homepage": "https://developer.arm.com/tools-and-software/open-source-software/developer-tools/gnu-toolchain",
    "license": "GPL-3.0-only",
    "notes": [
        "For GDB support, a 32bit Python 2.7 install is required",
        "It can be installed from the Versions bucket via `scoop install versions/python27 -a 32bit`"
    ],
    "url": "https://developer.arm.com/-/media/Files/downloads/gnu/11.2-2022.02/binrel/gcc-arm-11.2-2022.02-mingw-w64-i686-arm-none-eabi.zip",
    "hash": "sha256:585156432d73c9c2c8b4742e342564a75d47886d90ac821f88d2b564c33e6766",
    "extract_dir": "gcc-arm-11.2-2022.02-mingw-w64-i686-arm-none-eabi",
    "env_add_path": "bin",
    "env_set": {
        "TL_PATH": "$dir\\bin"
    },
    "checkver": {
        "url": "https://developer.arm.com/tools-and-software/open-source-software/developer-tools/gnu-toolchain/downloads",
        "regex": "gcc-arm-((?<gcc>[\\d.]+)-(?<year>[\\d]{4}).(?<month>\\d+))-mingw-w64-i686-arm-none-eabi.zip"
    },
    "autoupdate": {
        "url": "https://developer.arm.com/-/media/Files/downloads/gnu/$version/binrel/gcc-arm-$version-mingw-w64-i686-arm-none-eabi.zip",
        "hash": {
            "url": "$url.sha256asc"
        },
        "extract_dir": "gcc-arm-$version-mingw-w64-i686-arm-none-eabi"
    }
}
