{
    "version": "1.38",
    "description": "Official Geany plugins, as well as 3rd party ones.",
    "homepage": "https://plugins.geany.org/",
    "license": {
        "identifier": "GPL-2.0-or-later|GPL-3.0-or-later",
        "url": "https://plugins.geany.org/licensing.html"
    },
    "url": "https://plugins.geany.org/geany-plugins/geany-plugins-1.38_setup.exe#/dl.7z",
    "hash": "3bb95f8aed7e37de495b899865d9fc51b951e7385842f2c11df2cdddbd5f80f6",
    "pre_install": "Remove-Item \"$dir\\`$*\", \"$dir\\uninst*\" -Recurse",
    "installer": {
        "script": [
            "if (Test-Path -Path $(appdir geany $global)) {",
            "  Get-ChildItem $dir -Exclude install.json, manifest.json |",
            "  Copy-Item -Destination \"$(appdir geany $global)\\current\" -Recurse -Force",
            "}"
        ]
    },
    "uninstaller": {
        "script": [
            "if (Test-Path -Path $(appdir geany $global)) {",
            "  Get-ChildItem $dir -Exclude install.json, manifest.json -Recurse -File -Name |",
            "  ForEach-Object { Remove-Item \"$(appdir geany $global)\\current\\$_\" -Force }",
            "}"
        ]
    },
    "checkver": {
        "url": "https://plugins.geany.org/downloads.html",
        "regex": "geany-plugins-([\\d.]+)_setup"
    },
    "autoupdate": {
        "url": "https://plugins.geany.org/geany-plugins/geany-plugins-$version_setup.exe#/dl.7z",
        "hash": {
            "url": "$baseurl/SHA256SUMS"
        }
    }
}
