{
    "version": "5.4.5",
    "description": "CPU/GPU benchmark software",
    "homepage": "https://www.geekbench.com/",
    "license": {
        "identifier": "Proprietary",
        "url": "https://www.primatelabs.com/legal/eula-v5.html"
    },
    "architecture": {
        "64bit": {
            "url": "https://cdn.geekbench.com/Geekbench-5.4.5-WindowsSetup.exe",
            "hash": "c58a8712c72277d197b378db41df0b0a2dfe65ca6082a443be37aeeea1a3915d"
        }
    },
    "installer": {
        "script": [
            "Expand-7zipArchive \"$dir\\$fname\" -Overwrite 'Skip' -Removal",
            "Move-Item \"$dir\\geekbench ?.exe\" \"$dir\\geekbench_gui.exe\"",
            "Move-Item \"$dir\\geekbench?.exe\" \"$dir\\geekbench.exe\"",
            "Remove-Item \"$dir\\$*\", \"$dir\\geekbench_aarch64.exe\", \"$dir\\Uninstall*\" -Recurse"
        ]
    },
    "bin": "geekbench.exe",
    "shortcuts": [
        [
            "geekbench_gui.exe",
            "GeekBench"
        ]
    ],
    "checkver": {
        "url": "https://www.geekbench.com/download/windows/",
        "regex": "Geekbench-([\\d.]+)-WindowsSetup\\.exe"
    },
    "autoupdate": {
        "architecture": {
            "64bit": {
                "url": "https://cdn.geekbench.com/Geekbench-$version-WindowsSetup.exe"
            }
        }
    }
}
