{
    "version": "1.4.10.155",
    "description": "Basic uninstaller though powerful and lightning fast.",
    "homepage": "https://geekuninstaller.com/",
    "license": "Shareware",
    "url": "https://geekuninstaller.com/geek.7z",
    "hash": "74db98ea6b6de9434dad5eec064cbeb0fa9a301d7476234dda39fa9bc66f2ebf",
    "bin": "geek.exe",
    "shortcuts": [
        [
            "geek.exe",
            "Geek Uninstaller"
        ]
    ],
    "checkver": {
        "url": "https://geekuninstaller.com/download",
        "regex": "<b>([\\d.]+)"
    },
    "autoupdate": {
        "url": "https://geekuninstaller.com/geek.7z"
    }
}
