{
    "version": "6.0.721.0",
    "description": "A dynamic mathematics software for education that brings together geometry, algebra, spreadsheets, graphing, statistics and calculus.",
    "homepage": "https://www.geogebra.org/",
    "license": {
        "identifier": "Freeware",
        "url": "https://www.geogebra.org/license"
    },
    "url": "https://download.geogebra.org/installers/6.0/GeoGebra-Windows-Portable-6-0-721-0.zip",
    "hash": "549a493e58b8e4167e2b30269edca010339ebaded8b1542e394847ca53d9a9d1",
    "bin": [
        [
            "GeoGebra.exe",
            "geogebra"
        ]
    ],
    "shortcuts": [
        [
            "GeoGebra.exe",
            "GeoGebra"
        ],
        [
            "GeoGebraCalculator.exe",
            "GeoGebra Calculator"
        ],
        [
            "GeoGebraCAS.exe",
            "GeoGebra CAS"
        ],
        [
            "GeoGebraGeometry.exe",
            "GeoGebra Geometry"
        ],
        [
            "GeoGebraGraphing.exe",
            "GeoGebra Graphing"
        ]
    ],
    "checkver": {
        "url": "https://download.geogebra.org/installers/6.0/version.txt",
        "regex": "\\d-(\\d+)-(\\d+)-(\\d+)",
        "replace": "6.${1}.${2}.${3}"
    },
    "autoupdate": {
        "url": "https://download.geogebra.org/installers/$majorVersion.$minorVersion/GeoGebra-Windows-Portable-$dashVersion.zip",
        "extract_dir": "GeoGebra $version"
    }
}
