{
    "version": "10.1.4-20220519",
    "description": "a software reverse engineering (SRE) framework",
    "homepage": "https://ghidra-sre.org",
    "license": "Apache-2.0",
    "notes": "Ghidra requires JDK 11 on the PATH to run.",
    "extract_dir": "ghidra_10.1.4_PUBLIC",
    "suggest": {
        "JDK": "java/adoptopenjdk-lts-hotspot"
    },
    "architecture": {
        "64bit": {
            "url": "https://github.com/NationalSecurityAgency/ghidra/releases/download/Ghidra_10.1.4_build/ghidra_10.1.4_PUBLIC_20220519.zip",
            "hash": "91556c77c7b00f376ca101a6026c0d079efbf24a35b09daaf80bda897318c1f1"
        }
    },
    "post_install": [
        "# Copy default Configurations to persisting dir.",
        "if (Test-Path \"$dir\\Ghidra\\Configurations.original\") {",
        "    Copy-Item \"$dir\\Ghidra\\Configurations.original\\*\" \"$persist_dir\\Ghidra\\Configurations\" -Force -Recurse",
        "    Remove-Item \"$dir\\Ghidra\\Configurations.original\" -Force -Recurse | Out-Null",
        "}"
    ],
    "bin": "ghidraRun.bat",
    "shortcuts": [
        [
            "ghidraRun.bat",
            "ghidra"
        ]
    ],
    "persist": "Ghidra/Configurations",
    "checkver": {
        "url": "https://github.com/NationalSecurityAgency/ghidra/releases",
        "regex": "ghidra_([\\d.]+)_PUBLIC_(?<releasedate>\\d+)\\.zip",
        "replace": "${1}-${2}"
    },
    "autoupdate": {
        "architecture": {
            "64bit": {
                "url": "https://github.com/NationalSecurityAgency/ghidra/releases/download/Ghidra_$matchHead_build/ghidra_$matchHead_PUBLIC_$matchReleasedate.zip"
            }
        },
        "hash": {
            "url": "https://github.com/NationalSecurityAgency/ghidra/releases/tag/Ghidra_$matchHead_build",
            "regex": "<code>$sha256</code>"
        },
        "extract_dir": "ghidra_$matchHead_PUBLIC"
    }
}
