{
    "version": "2.1.4",
    "description": "Distraction-free Markdown editor",
    "homepage": "https://wereturtle.github.io/ghostwriter/",
    "license": "GPL-3.0-only",
    "architecture": {
        "64bit": {
            "url": "https://github.com/wereturtle/ghostwriter/releases/download/2.1.4/ghostwriter_2.1.4_win64_portable.zip",
            "hash": "29f2ed44da7e501d2b4ef0565fa301664bdcde073e9535d9bf11fd9bec31367b"
        }
    },
    "bin": "ghostwriter.exe",
    "shortcuts": [
        [
            "ghostwriter.exe",
            "Ghostwriter"
        ]
    ],
    "persist": "data",
    "checkver": {
        "github": "https://github.com/wereturtle/ghostwriter"
    },
    "autoupdate": {
        "architecture": {
            "64bit": {
                "url": "https://github.com/wereturtle/ghostwriter/releases/download/$version/ghostwriter_$version_win64_portable.zip"
            }
        }
    }
}
