{
    "version": "7.0",
    "description": "Easy and fun animated gif making app.",
    "homepage": "http://blog.bahraniapps.com/gifcam/",
    "license": "Unknown",
    "url": "http://www.bahraniapps.com/apps/gifcam/GifCam.zip",
    "hash": "a891ac27c6078ef7455134948240313eb66ba8b2c9f32c5d8db920c4282d936c",
    "bin": "GifCam.exe",
    "shortcuts": [
        [
            "GifCam.exe",
            "GifCam"
        ]
    ],
    "checkver": "GifCam\\.zip.*Version[^\\d]*([\\d.]+)",
    "autoupdate": {
        "url": "http://www.bahraniapps.com/apps/gifcam/GifCam.zip"
    }
}
