{
    "version": "2.2.0",
    "description": "A free GUI tool for working with WIM files.",
    "homepage": "https://www.autoitconsulting.com/site/software/gimagex/",
    "license": {
        "identifier": "Freeware",
        "url": "https://www.autoitconsulting.com/site/software/gimagex"
    },
    "url": "https://www.autoitconsulting.com/files/gimagex/gimagex.zip",
    "hash": "2058bba3d25210719c9a93e661809ed24ca54ab6e40d4ad63649163679342616",
    "extract_dir": "gimagex",
    "architecture": {
        "64bit": {
            "bin": [
                [
                    "x64\\gimagex_x64.exe",
                    "gimagex"
                ]
            ],
            "shortcuts": [
                [
                    "x64\\gimagex_x64.exe",
                    "GImageX"
                ]
            ]
        },
        "32bit": {
            "bin": "x86\\gimagex.exe",
            "shortcuts": [
                [
                    "x86\\gimagex.exe",
                    "GImageX"
                ]
            ]
        }
    },
    "checkver": "<tr><td>v([\\d.]+)</td>",
    "autoupdate": {
        "url": "https://www.autoitconsulting.com/files/gimagex/gimagex.zip"
    }
}
