{
    "version": "2.0.785",
    "description": "Secure Git credential helper",
    "homepage": "https://github.com/GitCredentialManager/git-credential-manager",
    "license": "MIT",
    "url": "https://github.com/GitCredentialManager/git-credential-manager/releases/download/v2.0.785/gcm-win-x86-2.0.785.zip",
    "hash": "825dbecad84959f84294469ccbdc8dd623dfb60e3d8f312f5e210d5394223f0b",
    "bin": "git-credential-manager-core.exe",
    "shortcuts": [
        [
            "git-credential-manager-core.exe",
            "GCM"
        ]
    ],
    "checkver": "github",
    "autoupdate": {
        "url": "https://github.com/GitCredentialManager/git-credential-manager/releases/download/v$version/gcm-win-x86-$version.zip"
    }
}
