{
    "version": "2.0.696",
    "description": "Secure Git credential helper",
    "homepage": "https://github.com/microsoft/Git-Credential-Manager-Core",
    "license": "MIT",
    "notes": [
        "'git-credential-manager-core' has been renamed to 'git-credential-manager'",
        "To install newer versions, run: scoop install git-credential-manager"
    ],
    "url": "https://github.com/microsoft/Git-Credential-Manager-Core/releases/download/v2.0.696/gcmcore-win-x86-2.0.696.zip",
    "hash": "9c80110b4ff0f8e30d572431ee612fc57f398019f83cecb617ad32bb9cb5cacd",
    "bin": "git-credential-manager-core.exe",
    "shortcuts": [
        [
            "git-credential-manager-core.exe",
            "GCM"
        ]
    ]
}
