{
    "version": "0.3.5",
    "description": "A PowerShell module that provides partial Git aliases from Oh My Zsh's git plugin.",
    "homepage": "https://github.com/gluons/powershell-git-aliases",
    "license": "MIT",
    "notes": [
        "Use the module by running: 'Import-Module git-aliases -DisableNameChecking'",
        "Add it to your $PROFILE to make it permanent"
    ],
    "suggest": {
        "git": [
            "git",
            "git-with-openssh"
        ]
    },
    "url": "https://psg-prod-eastus.azureedge.net/packages/git-aliases.0.3.5.nupkg",
    "hash": "460fba4f9340b26cbf7af63a76dbeff29a7a536af45b2684d90d8a7fb0cad635",
    "pre_install": "Remove-Item \"$dir\\_rels\", \"$dir\\package\", \"$dir\\*Content*.xml\" -Recurse",
    "psmodule": {
        "name": "git-aliases"
    },
    "checkver": {
        "url": "https://www.powershellgallery.com/packages/git-aliases",
        "regex": "<h2>([\\d.]+)</h2>"
    },
    "autoupdate": {
        "url": "https://psg-prod-eastus.azureedge.net/packages/git-aliases.$version.nupkg"
    }
}
