{
    "version": "2.6.3",
    "description": "The elegant git gui for dev teams",
    "homepage": "http://gitahead.scitools.com/",
    "license": "MIT",
    "architecture": {
        "64bit": {
            "url": "https://github.com/gitahead/gitahead/releases/download/v2.6.3/GitAhead-win64-2.6.3.exe#/dl.7z",
            "hash": "0b9b9c55893ff98c556dd0c0a96aa12c0bfd541cc678e627a0ec88104ed3a2ae"
        },
        "32bit": {
            "url": "https://github.com/gitahead/gitahead/releases/download/v2.6.3/GitAhead-win32-2.6.3.exe#/dl.7z",
            "hash": "94cf25c7e237cf20c6411b87315890f4be1a075f1f1a2127109530bebb44c24e"
        }
    },
    "checkver": {
        "github": "https://github.com/gitahead/gitahead/"
    },
    "bin": "GitAhead.exe",
    "shortcuts": [
        [
            "GitAhead.exe",
            "gitahead"
        ]
    ],
    "autoupdate": {
        "architecture": {
            "64bit": {
                "url": "https://github.com/gitahead/gitahead/releases/download/v$version/GitAhead-win64-$version.exe#/dl.7z"
            },
            "32bit": {
                "url": "https://github.com/gitahead/gitahead/releases/download/v$version/GitAhead-win32-$version.exe#/dl.7z"
            }
        }
    }
}
