{
    "version": "3.5.4.12724",
    "description": "A graphical user interface for Git that allows you to control Git without using the commandline.",
    "homepage": "https://gitextensions.github.io/",
    "license": "GPL-3.0-only",
    "url": "https://github.com/gitextensions/gitextensions/releases/download/v3.5.4/GitExtensions-Portable-3.5.4.12724-65f01f399.zip",
    "hash": "b1e2fb39319e80ec5da2af66ca62ab1f7b0b63f2bdadc2c9388ac67e2ae6f74b",
    "extract_dir": "GitExtensions",
    "pre_install": "if (!(Test-Path \"$persist_dir\\GitExtensions.settings\")) { New-Item \"$dir\\GitExtensions.settings\" | Out-Null }",
    "bin": [
        "GitExtensions.exe",
        [
            "GitExtensions.exe",
            "gite"
        ]
    ],
    "shortcuts": [
        [
            "GitExtensions.exe",
            "Git Extensions"
        ]
    ],
    "persist": "GitExtensions.settings",
    "checkver": {
        "github": "https://github.com/gitextensions/gitextensions",
        "regex": "/GitExtensions-Portable-([\\d.]+)-(?<commit>[\\w]+)\\.zip"
    },
    "autoupdate": {
        "url": "https://github.com/gitextensions/gitextensions/releases/download/v$matchHead/GitExtensions-Portable-$version-$matchCommit.zip"
    }
}
