{
    "version": "3.0.5",
    "description": "Extend your GitHub workflow beyond your browser.",
    "homepage": "https://desktop.github.com/",
    "license": "MIT",
    "architecture": {
        "64bit": {
            "url": "https://central.github.com/deployments/desktop/desktop/latest/GitHubDesktop-3.0.5-x64-full.nupkg",
            "hash": "sha1:679ab68043f595af98f4eb45db49621cbc6d3238"
        }
    },
    "extract_dir": "lib\\net45",
    "bin": "GitHubDesktop.exe",
    "shortcuts": [
        [
            "GitHubDesktop.exe",
            "GitHub Desktop"
        ]
    ],
    "checkver": {
        "url": "https://central.github.com/api/deployments/desktop/desktop/latest/RELEASES",
        "regex": "GitHubDesktop-([\\d.]+)-full\\.nupkg",
        "reverse": true
    },
    "autoupdate": {
        "architecture": {
            "64bit": {
                "url": "https://central.github.com/deployments/desktop/desktop/latest/GitHubDesktop-$version-x64-full.nupkg",
                "hash": {
                    "url": "https://central.github.com/api/deployments/desktop/desktop/latest/RELEASES",
                    "regex": "$sha1\\s+GithubDesktop-$version-"
                }
            }
        }
    }
}
