{
    "version": "4.3.1",
    "description": "GitHub notifications on menu bar",
    "homepage": "https://www.gitify.io",
    "license": "MIT",
    "architecture": {
        "64bit": {
            "url": "https://github.com/manosim/gitify/releases/download/v4.3.1/Gitify-Setup-4.3.1.exe#/dl.7z",
            "hash": "sha512:b7653140987d5da2610d770f64fe72bfc9c24fbfce90a022134e25cc108dbe7ed0c688df0a3d098089d6619e3a91c4c344f1429f89d8f7571a38f918f6523b2b",
            "pre_install": [
                "Expand-7zipArchive \"$dir\\`$PLUGINSDIR\\app-64.7z\" \"$dir\" -Removal",
                "Remove-Item \"$dir\\`$*\", \"$dir\\Uninst*\" -Recurse"
            ]
        }
    },
    "shortcuts": [
        [
            "Gitify.exe",
            "Gitify"
        ]
    ],
    "checkver": {
        "github": "https://github.com/manosim/gitify"
    },
    "autoupdate": {
        "architecture": {
            "64bit": {
                "url": "https://github.com/manosim/gitify/releases/download/v$version/Gitify-Setup-$version.exe#/dl.7z"
            }
        },
        "hash": {
            "url": "$baseurl/latest.yml",
            "regex": "sha512:\\s+$base64"
        }
    }
}
