{
    "version": "8.7.0",
    "description": "A Git client which helps you track and manage changes to your code.",
    "homepage": "https://www.gitkraken.com/",
    "license": {
        "identifier": "Freeware",
        "url": "https://www.gitkraken.com/eula"
    },
    "architecture": {
        "64bit": {
            "url": "https://release.gitkraken.com/win64/gitkraken-8.7.0-full.nupkg",
            "hash": "0c8aafc844d4830bab3808a44a12267601812d22d32a7540a300b13943274b6b"
        },
        "32bit": {
            "url": "https://release.gitkraken.com/win32/gitkraken-8.7.0-full.nupkg",
            "hash": "04c3eb9a4fc0ba62ae95de8063ac7cd17993ad39d36c5565c7ec3b28a59ac3b4"
        }
    },
    "extract_dir": "lib\\net45",
    "bin": "gitkraken.exe",
    "shortcuts": [
        [
            "gitkraken.exe",
            "GitKraken"
        ]
    ],
    "checkver": {
        "url": "https://release.gitkraken.com/win64/RELEASES?id=gitkraken&localVersion=0&arch=amd64",
        "regex": "gitkraken-([\\d.]+)-full\\.nupkg",
        "reverse": true
    },
    "autoupdate": {
        "architecture": {
            "64bit": {
                "url": "https://release.gitkraken.com/win64/gitkraken-$version-full.nupkg"
            },
            "32bit": {
                "url": "https://release.gitkraken.com/win32/gitkraken-$version-full.nupkg"
            }
        },
        "hash": {
            "url": "$baseurl/RELEASES"
        }
    }
}
