{
    "version": "1.1.1",
    "description": "A continuation of GitAhead client, a graphical Git client designed to help you understand and manage your source code history.",
    "homepage": "https://murmele.github.io/Gittyup/",
    "license": "MIT",
    "architecture": {
        "64bit": {
            "url": "https://github.com/Murmele/Gittyup/releases/download/stable/Gittyup-win64-1.1.1.exe#/dl.7z",
            "hash": "132b5cd3c8f12e39aa55f7bfaf1584040d2e8b2d05440c4629199b86e3762bd9"
        },
        "32bit": {
            "url": "https://github.com/Murmele/Gittyup/releases/download/stable/Gittyup-win32-1.1.1.exe#/dl.7z",
            "hash": "eeeb0646c01fb501aee660896a90b8f0a4ba894fe20b33c897c37143682bd8bf"
        }
    },
    "bin": "Gittyup.exe",
    "shortcuts": [
        [
            "Gittyup.exe",
            "gittyup"
        ]
    ],
    "checkver": {
        "github": "https://github.com/Murmele/Gittyup",
        "regex": "Gittyup-win64-([\\d.]+)\\.exe"
    },
    "autoupdate": {
        "architecture": {
            "64bit": {
                "url": "https://github.com/Murmele/Gittyup/releases/download/stable/Gittyup-win64-$version.exe#/dl.7z"
            },
            "32bit": {
                "url": "https://github.com/Murmele/Gittyup/releases/download/stable/Gittyup-win32-$version.exe#/dl.7z"
            }
        }
    }
}
