{
    "version": "5.191",
    "description": "All-in-one utility for cleaning your PC",
    "homepage": "https://www.glarysoft.com/",
    "license": {
        "identifier": "Freeware",
        "url": "https://www.glarysoft.com/inf/termsofuse/"
    },
    "url": "https://download.glarysoft.com/guportable.zip",
    "hash": "8d5791b8dd0295b42eca064b3f33c85162a5256eb248d5cade439367ca710a12",
    "shortcuts": [
        [
            "Integrator_Portable.exe",
            "Glary Utilities"
        ]
    ],
    "persist": [
        "Portable\\data",
        "Portable\\skins"
    ],
    "checkver": "([\\d.-]+)</span> for Windows",
    "autoupdate": {
        "url": "https://download.glarysoft.com/guportable.zip"
    }
}
