{
    "version": "1.1.4",
    "description": "A fast, advanced log explorer",
    "homepage": "https://glogg.bonnefon.org",
    "license": "GPL-3.0-only",
    "architecture": {
        "64bit": {
            "url": "https://raw.githubusercontent.com/ScoopInstaller/Binary/master/glogg/glogg-v1.1.4-x86_64-setup.exe#/dl.7z",
            "hash": "08fe13b713327bef93298b6d11717a93bbaa9d49165995be93f4a3282e76b22f"
        }
    },
    "pre_install": "Remove-Item \"$dir\\`$*\", \"$dir\\uninstal*\" -Recurse",
    "bin": "glogg.exe",
    "shortcuts": [
        [
            "glogg.exe",
            "glogg"
        ]
    ]
}
