{
    "version": "2.6.2",
    "description": "A GUI for mkvextract utility (part of MKVToolNix) which incorporates most (if not all) functionality of mkvextract and mkvinfo utilities.",
    "homepage": "https://sourceforge.net/projects/gmkvextractgui/",
    "license": "Public Domain",
    "depends": "mkvtoolnix",
    "url": "https://downloads.sourceforge.net/project/gmkvextractgui/v2.6.2/gMKVExtractGUI.v2.6.2.7z",
    "hash": "sha1:aa0386fb074f42ce9ab1461bcc990edaec46babd",
    "bin": "gMKVExtractGUI.exe",
    "shortcuts": [
        [
            "gMKVExtractGUI.exe",
            "gMKVExtractGUI"
        ]
    ],
    "pre_install": [
        "if (!(Test-Path \"$persist_dir\\config.json\")) {",
        "    New-Item -Force -Path \"$dir\" -Name 'gMKVExtractGUI.ini' -Value \"MKVToolnix Path:$(versiondir 'mkvtoolnix' 'current' $global)\" | Out-Null",
        "}"
    ],
    "persist": "gMKVExtractGUI.ini",
    "checkver": {
        "url": "https://sourceforge.net/projects/gmkvextractgui/files/",
        "regex": "gmkvextractgui/files/v([\\d.]+)"
    },
    "autoupdate": {
        "url": "https://downloads.sourceforge.net/project/gmkvextractgui/v$version/gMKVExtractGUI.v$version.7z"
    }
}
